{
  "dataList": [
    {
      "id": "0",
      "content": "Di quei giorni lontani, passati ad inseguire le ombre"
    },
    {
      "id": "1",
      "content": "Restano solo ricordi vani"
    },
    {
      "id": "2",
      "content": "Come se il fuoco mi stesse avvolgendo"
    },
    {
      "id": "3",
      "content": "In mano mi resta solo cenere"
    },
    {
      "id": "4",
      "content": "Ho corso senza mai fermarmi"
    },
    {
      "id": "5",
      "content": "Quei tempi passati che mi facevano singhiozzare"
    },
    {
      "id": "6",
      "content": "Un giorno finiranno per mancarmi?"
    },
    {
      "id": "7",
      "content": "Tra molto, molto tempo"
    },
    {
      "id": "8",
      "content": "Quando ripenserò a quei ricordi"
    },
    {
      "id": "9",
      "content": "Spero proprio di poter sorridere"
    },
    {
      "id": "10",
      "content": "Con il tempo che mi resta"
    },
    {
      "id": "11",
      "content": "Devo andare avanti"
    },
    {
      "id": "12",
      "content": "Bruciando fino a consumarmi"
    },
    {
      "id": "13",
      "content": "Assomiglio proprio ad una candela"
    },
    {
      "id": "14",
      "content": "Senza un momento per respirare"
    },
    {
      "id": "15",
      "content": "Sono arrivati dei giorni turbolenti"
    },
    {
      "id": "16",
      "content": "Spero di poter prendere la mia strada"
    },
    {
      "id": "17",
      "content": "Tra molto, molto tempo"
    },
    {
      "id": "18",
      "content": "Quando ripenserò a quei ricordi"
    },
    {
      "id": "19",
      "content": "Spero proprio di poter sorridere"
    },
    {
      "id": "20",
      "content": "Lasciami, lasciami volare così lontano"
    },
    {
      "id": "21",
      "content": "Per poter raggiungere le stelle, come un'uccello nella notte"
    },
    {
      "id": "22",
      "content": "Questa notte, questa notte tornerà, di certo, ma…"
    },
    {
      "id": "23",
      "content": "Va tutto bene, perché vivrò"
    },
    {
      "id": "24",
      "content": "Va tutto bene"
    }
  ]
}
