{
  "dataList": [
    {
      "id": "0",
      "content": "<i><size=43>Il fiore è nascosto, il fiore è fragrante.</size></i>"
    },
    {
      "id": "1",
      "content": "<i><size=43>La fragranza香氣 è in piena fioritura滿開; lì mi scavo una tomba</size></i>"
    },
    {
      "id": "2",
      "content": "I vecchi giorni ad inseguire le ombre"
    },
    {
      "id": "3",
      "content": "Restano solo ricordi vani"
    },
    {
      "id": "4",
      "content": "Come se un fuoco mi fosse passato sopra"
    },
    {
      "id": "5",
      "content": "Mi resta in mano solo cenere"
    },
    {
      "id": "6",
      "content": "<i><size=43>La fragranza香氣 è in piena fioritura滿開; lì mi scavo una tomba</size></i>"
    },
    {
      "id": "7",
      "content": "<i><size=43>La tomba è nascosta; prendo posto nella tomba invisibile</size></i>"
    },
    {
      "id": "8",
      "content": "<i><size=43>Mi metto a giacere</size></i>"
    },
    {
      "id": "9",
      "content": "Ho corso sempre senza sosta"
    },
    {
      "id": "10",
      "content": "Quei tempi passati che mi facevano singhiozzare"
    },
    {
      "id": "11",
      "content": "Finiranno per mancarmi anche loro?"
    },
    {
      "id": "12",
      "content": "Tra molto, molto tempo"
    },
    {
      "id": "13",
      "content": "Quando ripenserò a quei ricordi"
    },
    {
      "id": "14",
      "content": "Spero proprio di poter sorridere"
    },
    {
      "id": "15",
      "content": "<i><size=43>La fragranza è in piena fioritura</size></i>"
    },
    {
      "id": "16",
      "content": "<i><size=43>Dimenticando, scavo un'altra tomba墓穴 in quel posto</size></i>"
    },
    {
      "id": "17",
      "content": "<i><size=43>La tomba è nascosta</size></i>"
    },
    {
      "id": "18",
      "content": "<i><size=43>Dimenticando il fiore, entro nella tomba invisibile</size></i>"
    },
    {
      "id": "19",
      "content": "Con il tempo che mi resta"
    },
    {
      "id": "20",
      "content": "Devo fare passi in avanti"
    },
    {
      "id": "21",
      "content": "Bruciando fino a sparire"
    },
    {
      "id": "22",
      "content": "Come una candela che si consuma"
    },
    {
      "id": "23",
      "content": "Senza un attimo per respirare"
    },
    {
      "id": "24",
      "content": "Sono arrivati giorni turbolenti"
    },
    {
      "id": "25",
      "content": "Spero di poter prendere la mia strada"
    },
    {
      "id": "26",
      "content": "Tra molto, molto tempo"
    },
    {
      "id": "27",
      "content": "Quando ripenserò a quei ricordi"
    },
    {
      "id": "28",
      "content": "Spero proprio di poter sorridere"
    },
    {
      "id": "29",
      "content": "<i><size=43>Mi metto a giacere veramente; il fiore è di nuovo fragrante</size></i>"
    },
    {
      "id": "30",
      "content": "Lasciami, lasciami volare così lontano"
    },
    {
      "id": "31",
      "content": "Per poter raggiungere le stelle, come un'uccello nella notte"
    },
    {
      "id": "32",
      "content": "Questa notte, questa notte tornerà, di certo, ma…"
    },
    {
      "id": "33",
      "content": "Va tutto bene, perché vivrò"
    },
    {
      "id": "34",
      "content": "<i><size=43>Un fiore nascosto, un fiore invisibile</size></i>"
    },
    {
      "id": "35",
      "content": "Va tutto bene"
    }
  ]
}