{
  "dataList": [
    {
      "id": "announcer_cheer_29_1",
      "dlg": "Oh, così soffice, così morbido... Ragazzi, è il giorno in cui i miei capelli si sentono al top. Nulla va mai storto quando mi sveglio sul lato soffice del letto."
    },
    {
      "id": "announcer_cheer_29_2",
      "dlg": "Non riesco proprio a capire come qualcuno può finire segnato sul libro della vendetta. Il Medio non ha un pollice nel culo come... beh, il Pollice. E non siamo criptici come l'Indice... Che succede?"
    },
    {
      "id": "announcer_specialcheer_29_1",
      "dlg": "Tutto bene? Sembra che qualcuno ti abbia cagato sulla colazione."
    },
    {
      "id": "announcer_specialcheer_29_2",
      "dlg": "Guarda, se non ce la fai, non ce la fai. Smettila di fare il testardo e ritirati almeno io o gli altri veterani possiamo sistemare questo casino."
    },
    {
      "id": "announcer_enemy_break_29_1",
      "dlg": "Venire buttato a terra non era la punizione, nel caso ti stessi sentendo fortunato."
    },
    {
      "id": "announcer_ally_break_29_1",
      "dlg": "Diamine, già svenuto, huh. Ora quel rancore sta andando nel Libro della Vendetta... Ti vendicherò presto."
    },
    {
      "id": "announcer_killenemy_29_1",
      "dlg": "Il loro peccato è troppo grave per essere pagato con una singola vita... è deciso, giustizieremo tutti quanti! Pure quei tipi, impauriti in quell'angolino!"
    },
    {
      "id": "announcer_ally_dead_29_1",
      "dlg": "Non scherzi con il Medio! Segnateli tutti, incidili nella tua memoria, e gistiziali."
    },
    {
      "id": "announcer_enemy_adv_29_1",
      "dlg": "Il Medio ricorda, sempre. Mi ricorderò ogni piccola terribile cosa che hanno fatto alla mia famiglia oggi... e mi assicurerò che paghino!"
    },
    {
      "id": "announcer_ally_adv_29_1",
      "dlg": "... Non c'è la faccio più. Mi sto annoiando da morire—finitela in fretta."
    },
    {
      "id": "announcer_ally_advex_29_1",
      "dlg": "Il Medio non dimentica mai... Forza, vivi nella Città, no? Avresti davvero dovuto prestare più attenzione al luogo in cui vivi. A meno che non pensavi stessimo bluffando... eh?"
    },
    {
      "id": "announcer_danger_29_1",
      "dlg": "Potrei sistemare questo problema per te, ma... Non posso disobbedire alla richiesta della Sorella Maggiore di non essere coinvolto. Ma... se dovessi cadere durante questa battaglia... Li farò pagare. Hai la mia parola."
    },
    {
      "id": "announcer_enemy_specialskill_29_1",
      "dlg": "Sanno sicuramente come esaltare l'evento principale, huh... tch. Ragazzi, prendete prima quello stronzo!"
    },
    {
      "id": "announcer_enemy_specialgimmick_29_1",
      "dlg": "Che diavolo era quello? Non ho mai visto nulla di simile... La Città è sicuramente piena di robe strane."
    },
    {
      "id": "announcer_advatk_physical_29_1",
      "dlg": "Straordinario! Adesso sì che ragioniamo!"
    },
    {
      "id": "announcer_disadvatk_physical_29_1",
      "dlg": "Ragazzo... tirare pugni non è l'unica cosa in un combattimento. Hai delle gambe, ricordi? Non scordarti di calciare."
    },
    {
      "id": "announcer_advatk_attr_29_1",
      "dlg": "Quell'attacco? Troooppo soffice."
    },
    {
      "id": "announcer_disadvatk_attr_29_1",
      "dlg": "Senza peso, senza fascino... che pugno insipido."
    },
    {
      "id": "announcer_enemy_specialbuff_29_1",
      "dlg": "Titolo 72, Sezione 3, Riga D, Riga 4. Minacciare un membro del Medio utilizzando mezzi forniti dall'impiego di procedure di miglioramento non riconosciute. Punizione: Pestaggio fino alla morte."
    },
    {
      "id": "announcer_enemy_specialdebuff_29_1",
      "dlg": "Cosa, pensavi che la politica di vendetta del Medio fosse solo una minaccia?? Faremo di tutto se significa ottenere vendetta."
    },
    {
      "id": "announcer_ally_specialbuff_29_1",
      "dlg": "Haah... voi ragazzi siete davvero qualcosa, sapete? Cos'è che vi ha motivato così tanto? La promessa di un barbecue a base di balene più tardi?"
    },
    {
      "id": "announcer_ally_specialdebuff_29_1",
      "dlg": "Cosa... Cos'è quella roba strana su di voi? Levatevela. Vi ho detto di non raccogliere robe strane da terra, no?"
    },
    {
      "id": "announcer_enemy_destroy_29_1",
      "dlg": "Yeahhh! Picchiateli a sangue!"
    },
    {
      "id": "announcer_enemy_destroy_29_2",
      "dlg": "Ed ora vedrete cosa succede a chi disturba il Medio. Obliterazione totale."
    },
    {
      "id": "announcer_round_takebigdmg_29_1",
      "dlg": "Haha! È stato davvero dannatamente bravo! Ragazzi vi siete trovati un nemico divertente."
    },
    {
      "id": "announcer_round_takebigdmg_29_2",
      "dlg": "Spero siate ancora in piedi dopo quello. DObbiamo fargli vedere cosa significa scherzare con Medio!"
    },
    {
      "id": "announcer_round_givebigdmg_29_1",
      "dlg": "Ohh sì! Un modo molto intelligente per adattare i limiti della punizione alle clausole del Titolo 13, Sezione 2. Eh."
    },
    {
      "id": "announcer_round_givebigdmg_29_2",
      "dlg": "Ottimo lavoro là fuori! Ora finisci il lavoro e donerò un adesivo a forma di gattino in edizione limitata al tuo Libro della Vendetta!"
    },
    {
      "id": "announcer_multikillenemy_29_1",
      "dlg": "Ha ha! Oh, sì. Questa roba è stata fantastica!"
    },
    {
      "id": "announcer_equip_29_1",
      "dlg": "Preferirei di gran lunga essere io quello nella mischia, ma... IO, Ricardo, ora assumo questo ruolo sotto richiesta della Sorella Maggiore!"
    },
    {
      "id": "announcer_wait_29_1",
      "dlg": "Dovrei portare voi ragazzi a vedere i miei veterani ad est. Mi piacerebbe rivedere le loro tecniche uniche e sottoporvi ad alcune valutazioni.",
      "isHide": true
    },
    {
      "id": "announcer_multikillally_29_1",
      "dlg": "Diavolo… questo mi ricorda di quel bastardo. Tempo fa, questo cane rabbioso di un tizio ha fatto irruzione nel nostro quartiere meridionale dal nulla e ha iniziato a massacrare i nostri veterani a destra e a manca.\nIl Medio in tutti e quattro i punti cardinali ricorda ancora quel giorno, e noi avremo la nostra vendetta... a qualunque costo...",
      "isHide": true
    }
  ]
}
