{
  "dataList": [
    {
      "id": "announcer_cheer_26_1",
      "dlg": "Vi auguro buona fortuna per questa battaglia."
    },
    {
      "id": "announcer_cheer_26_2",
      "dlg": "La ritirata non è più un'opzione. L'unico modo per andare avanti sarà sguainando la spada. Fate sentire a quei furfanti il freddo acciaio della vostra spada tagliateli fino alle ossa!"
    },
    {
      "id": "announcer_specialcheer_26_1",
      "dlg": "Forse una ritirata momentanea potrebbe aiutare. Il Mentore si prendeva sempre un momento per prendersi cura delle ferite dei nostri compagni prima di procedere."
    },
    {
      "id": "announcer_specialcheer_26_2",
      "dlg": "Essere svantaggiati in battaglia è qualcosa da aspettarsi nella vita di un Salsu; motivo per cui, questa situazione è tutt'altro che insormontabile. Calmate i vostri cuori e prevedete i vostri nemici, e scoprirete che questa lotta finirà ben presto."
    },
    {
      "id": "announcer_enemy_break_26_1",
      "dlg": "I fiori che cadono sprigionano profumo nell'aria. Si dice che un fiore sia più bello nel momento della sua caduta."
    },
    {
      "id": "announcer_ally_break_26_1",
      "dlg": "Non è ancora tempo di riposare, poiché la notte è ancora lontana..."
    },
    {
      "id": "announcer_killenemy_26_1",
      "dlg": "State sbaragliando questi furfanti. Verranno fatti a fettine se continuate di questo passo. Un'ottima dimostrazione delle vostre abilità da spadaccini."
    },
    {
      "id": "announcer_ally_dead_26_1",
      "dlg": "Non è da Salsu preoccuparsi per la morte di un compagno eppure... Nonostante ciò un cuore umano giace ancora dentro di me. Ed è abbastanza... doloroso."
    },
    {
      "id": "announcer_enemy_adv_26_1",
      "dlg": "Forse andrebbe rivalutata la nostra situazione e scegliere di proteggersi... O, forse, si potrebbe anche fuggire con la promessa di ritornare in un secondo momento..."
    },
    {
      "id": "announcer_ally_advex_26_1",
      "dlg": "Il peso del sangue versato dai compagni di qualcuno non può essere compreso. I Salsu che sono rimasti possono concepire questo peso; motivo per cui questa difficoltà andrà superata."
    },
    {
      "id": "announcer_danger_26_1",
      "dlg": "E così arriva il momento dell'esigenza; un singolo scontro potrebbe decidere il tuo destino. Sii cauta ma audace; il Mentore mi ha insegnato questo."
    },
    {
      "id": "announcer_enemy_specialskill_26_1",
      "dlg": "... Assume la posa dell'esecuzione imminente. Prepara delle contromisure appropriate, oppure... haah."
    },
    {
      "id": "announcer_enemy_specialgimmick_26_1",
      "dlg": "Che strategia bizzara che sta impiegando... Ho osservato simile stranezza tra le partite di baduk dei Discendenti."
    },
    {
      "id": "announcer_advatk_physical_26_1",
      "dlg": "Un colpo squisito."
    },
    {
      "id": "announcer_disadvatk_physical_26_1",
      "dlg": "Cos— Quel... Devi aver sbagliato, Presumo?"
    },
    {
      "id": "announcer_advatk_attr_26_1",
      "dlg": "Ovviamente... Quello era il miglior tipo di colpo per quel nemico. Ottimo lavoro."
    },
    {
      "id": "announcer_disadvatk_attr_26_1",
      "dlg": "Beh, alcuni dicono che non c'è mai una singola risposta in un discorso di strategia. ... Ahm. Comunque, Credo esista una scala di correttezza."
    },
    {
      "id": "announcer_enemy_specialbuff_26_1",
      "dlg": "Questi furfanti sembrano piuttosto allegri... Forse hanno condiviso una bottiglia di vino cheongju?"
    },
    {
      "id": "announcer_enemy_specialdebuff_26_1",
      "dlg": "La paura deve averli vinti; hai spezzato le loro volontà."
    },
    {
      "id": "announcer_ally_specialbuff_26_1",
      "dlg": "Vedo che il morale tra le tue forze sta aumentando. Come godersi una brezza frizzante sotto una luna splendente in compagnia dei propri compagni."
    },
    {
      "id": "announcer_ally_specialdebuff_26_1",
      "dlg": "La stanchezza ti affligge? Mm... il tuo volto appare piuttosto fiacco."
    },
    {
      "id": "announcer_enemy_destroy_26_1",
      "dlg": "Un taglio pulito. Fatico a immaginare che inizialmente fossero due parti prima."
    },
    {
      "id": "announcer_enemy_destroy_26_2",
      "dlg": "Avete staccato una parte temibile; il combattimento sarà più semplice da gestire da qui in poi."
    },
    {
      "id": "announcer_round_takebigdmg_26_1",
      "dlg": "Un danno imprevisto...! Presto ritira la tua lama!"
    },
    {
      "id": "announcer_round_takebigdmg_26_2",
      "dlg": "Normalmente, questo sarebbe il mometo in cui la ritirata sarebbe una saggia scelta, eppure sembra tu non possa concederti questo lusso.\nHm... Proteggi i tuoi compagni e continua a combattere."
    },
    {
      "id": "announcer_round_givebigdmg_26_1",
      "dlg": "Un taglio così netto che potrebbe bisecare anche la luce della luna... eccellente. Ho imparato molto da te oggi."
    },
    {
      "id": "announcer_round_givebigdmg_26_2",
      "dlg": "Molti Salsu potrebbe trarre una lezione da questa battaglia. Ottimo lavoro."
    },
    {
      "id": "announcer_multikillenemy_26_1",
      "dlg": "Protetto ciò che andava protetto, ucciso ciò che andava ucciso. Questo è quello che hai fatto. Mi preoccupo che questo commento potrebbe suonare strano, ma... quello era molto simile ad un demone della lama."
    },
    {
      "id": "announcer_equip_26_1",
      "dlg": "Che... missione peculiare che è questa. Qual'è lo scopo di registrare la mi— Mm. Immagino io non abbia la possibilità di scegliere, date le circostanze.\nChiamami Aeng-du. sono una Salsu dei Discendenti che si occupano di Lame."
    }
  ]
}
