{
  "dataList": [
    {
      "id": 1,
      "personalityid": 11201,
      "voiceFile": 0,
      "teller": "Gregor",
      "dialog": "Oh, non dovrebbe essere per niente difficile, eh?",
      "usage": "(800101, VERY_HIGH), (800102, VERY_HIGH), (800104, VERY_HIGH), (800105, VERY_HIGH)"
    },
    {
      "id": 2,
      "personalityid": 11201,
      "voiceFile": 0,
      "teller": "Gregor",
      "dialog": "Sembra un po' una rottura, ma, eh… fattibile.",
      "usage": "(800101, HIGH), (800102, HIGH), (800104, HIGH), (800105, HIGH) "
    },
    {
      "id": 3,
      "personalityid": 11201,
      "voiceFile": 0,
      "teller": "Gregor",
      "dialog": "Beh… Non mi sembra il caso, ma se lo dici tu.",
      "usage": "(800101, NORMAL), (800102, NORMAL), (800104, NORMAL), (800105, NORMAL)"
    },
    {
      "id": 4,
      "personalityid": 11201,
      "voiceFile": 0,
      "teller": "Gregor",
      "dialog": "Sarebbe un'ordine? Se stavi solo chiedendo, suggerirei qualcun'altro.",
      "usage": "(800101, LOW), (800102, LOW), (800104, LOW), (800105, LOW)"
    },
    {
      "id": 5,
      "personalityid": 11201,
      "voiceFile": 0,
      "teller": "Gregor",
      "dialog": "…Quindi eri il tipo di capo che si fa uccidere dai propri uomini.",
      "usage": "(800101, VERY_LOW), (800102, VERY_LOW), (800104, VERY_LOW), (800105, VERY_LOW) "
    },
    {
      "id": 6,
      "personalityid": 11201,
      "voiceFile": 0,
      "teller": "Gregor",
      "dialog": "Hm, che fortuna.",
      "usage": "(800101, SUCCESS), (800102, SUCCESS), (800104, SUCCESS), (800105, SUCCESS)"
    },
    {
      "id": 7,
      "personalityid": 11201,
      "voiceFile": 0,
      "teller": "Gregor",
      "dialog": "Dumm gelaufen. Sigaretta?",
      "usage": "(800101, FAILURE), (800102, FAILURE), (800104, FAILURE), (800105, FAILURE)"
    },
    {
      "id": 8,
      "personalityid": 11202,
      "voiceFile": 0,
      "teller": "Liu Gregor",
      "dialog": "",
      "usage": "(800101, VERY_HIGH), (800102, VERY_HIGH), (800104, VERY_HIGH), (800105, VERY_HIGH)"
    },
    {
      "id": 9,
      "personalityid": 11202,
      "voiceFile": 0,
      "teller": "Liu Gregor",
      "dialog": "",
      "usage": "(800101, HIGH), (800102, HIGH), (800104, HIGH), (800105, HIGH) "
    },
    {
      "id": 10,
      "personalityid": 11202,
      "voiceFile": 0,
      "teller": "Liu Gregor",
      "dialog": "",
      "usage": "(800101, NORMAL), (800102, NORMAL), (800104, NORMAL), (800105, NORMAL)"
    },
    {
      "id": 11,
      "personalityid": 11202,
      "voiceFile": 0,
      "teller": "Liu Gregor",
      "dialog": "",
      "usage": "(800101, LOW), (800102, LOW), (800104, LOW), (800105, LOW)"
    },
    {
      "id": 12,
      "personalityid": 11202,
      "voiceFile": 0,
      "teller": "Liu Gregor",
      "dialog": "",
      "usage": "(800101, VERY_LOW), (800102, VERY_LOW), (800104, VERY_LOW), (800105, VERY_LOW) "
    },
    {
      "id": 13,
      "personalityid": 11202,
      "voiceFile": 0,
      "teller": "Liu Gregor",
      "dialog": "",
      "usage": "(800101, SUCCESS), (800102, SUCCESS), (800104, SUCCESS), (800105, SUCCESS)"
    },
    {
      "id": 14,
      "personalityid": 11202,
      "voiceFile": 0,
      "teller": "Liu Gregor",
      "dialog": "",
      "usage": "(800101, FAILURE), (800102, FAILURE), (800104, FAILURE), (800105, FAILURE)"
    }
  ]
}