{
  "dataList": [
    {
      "id": 36,
      "personalityid": 10301,
      "voicefile": 0,
      "teller": "Don Quixote",
      "dialog": "Lasciatemi andare alla carica! Innalzerò lo stendardo della vittoria in nome della giustizia!",
      "usage": "(800101, VERY_HIGH), (800102, VERY_HIGH), (800104, VERY_HIGH), (800105, VERY_HIGH)"
    },
    {
      "id": 37,
      "personalityid": 10301,
      "voicefile": 0,
      "teller": "Don Quixote",
      "dialog": "Non temete. Questo è vastamente di mia capacità!",
      "usage": "(800101, HIGH), (800102, HIGH), (800104, HIGH), (800105, HIGH) "
    },
    {
      "id": 38,
      "personalityid": 10301,
      "voicefile": 0,
      "teller": "Don Quixote",
      "dialog": "Ce la farò! Bisogna essere pronti a metterci impegno per andare avanti!",
      "usage": "(800101, NORMAL), (800102, NORMAL), (800104, NORMAL), (800105, NORMAL)"
    },
    {
      "id": 39,
      "personalityid": 10301,
      "voicefile": 0,
      "teller": "Don Quixote",
      "dialog": "Vi dedicherò tutto il mio cuore! Un'eroe è colei che realizza l'impossibile!",
      "usage": "(800101, LOW), (800102, LOW), (800104, LOW), (800105, LOW)"
    },
    {
      "id": 40,
      "personalityid": 10301,
      "voicefile": 0,
      "teller": "Don Quixote",
      "dialog": "…Marciare verso il pericolo in agguato per quanto palese—codesta è la via dell'eroe!",
      "usage": "(800101, VERY_LOW), (800102, VERY_LOW), (800104, VERY_LOW), (800105, VERY_LOW) "
    },
    {
      "id": 41,
      "personalityid": 10301,
      "voicefile": 0,
      "teller": "Don Quixote",
      "dialog": "Non mi adagierò sugli allori! So bene che questa impresa rimarrà nella storia!",
      "usage": "(800101, SUCCESS), (800102, SUCCESS), (800104, SUCCESS), (800105, SUCCESS)"
    },
    {
      "id": 42,
      "personalityid": 10301,
      "voicefile": 0,
      "teller": "Don Quixote",
      "dialog": "Un vero eroe deve poter superare ogni intoppo. Torneremo di nuovo alla carica la prossima volta!",
      "usage": "(800101, FAILURE), (800102, FAILURE), (800104, FAILURE), (800105, FAILURE)"
    },
    {
      "id": 43,
      "personalityid": 10301,
      "voicefile": 0,
      "teller": "Don Quixote",
      "dialog": "Lasciatemi andare alla carica! Innalzerò lo stendardo della vittoria in nome della giustizia!",
      "usage": "(800101, VERY_HIGH), (800102, VERY_HIGH), (800104, VERY_HIGH), (800105, VERY_HIGH)"
    },
    {
      "id": 44,
      "personalityid": 10301,
      "voicefile": 0,
      "teller": "Don Quixote",
      "dialog": "Non temete. Questo è vastamente di mia capacità!",
      "usage": "(800101, HIGH), (800102, HIGH), (800104, HIGH), (800105, HIGH) "
    },
    {
      "id": 45,
      "personalityid": 10301,
      "voicefile": 0,
      "teller": "Don Quixote",
      "dialog": "Ce la farò! Bisgna essere pronti a metterci impegno per andare avanti!",
      "usage": "(800101, NORMAL), (800102, NORMAL), (800104, NORMAL), (800105, NORMAL)"
    },
    {
      "id": 46,
      "personalityid": 10301,
      "voicefile": 0,
      "teller": "Don Quixote",
      "dialog": "Vi dedicherò tutto il mio cuore! Un'eroe è colei che realizza l'impossibile!",
      "usage": "(800101, LOW), (800102, LOW), (800104, LOW), (800105, LOW)"
    },
    {
      "id": 47,
      "personalityid": 10302,
      "voicefile": 0,
      "teller": "Don Quixote",
      "dialog": "…Marciare verso il pericolo in agguato per quanto palese—codesta è la via dell'eroe!",
      "usage": "(800101, VERY_LOW), (800102, VERY_LOW), (800104, VERY_LOW), (800105, VERY_LOW) "
    },
    {
      "id": 48,
      "personalityid": 10301,
      "voicefile": 0,
      "teller": "Don Quixote",
      "dialog": "Non mi adagierò sugli allori! So bene che questa impresa rimarrà nella storia!",
      "usage": "(800101, SUCCESS), (800102, SUCCESS), (800104, SUCCESS), (800105, SUCCESS)"
    },
    {
      "id": 49,
      "personalityid": 10301,
      "voicefile": 0,
      "teller": "Don Quixote",
      "dialog": "Un vero eroe deve poter superare ogni intoppo. Torneremo di nuovo alla carica la prossima volta!",
      "usage": "(800101, FAILURE), (800102, FAILURE), (800104, FAILURE), (800105, FAILURE)"
    },
    {
      "id": 50,
      "personalityid": 10301,
      "voicefile": 0,
      "teller": "Don Quixote",
      "dialog": "Un vero eroe deve poter superare ogni intoppo. Torneremo di nuovo alla carica la prossima volta!",
      "usage": "(800101, FAILURE), (800102, FAILURE), (800104, FAILURE), (800105, FAILURE)"
    }
  ]
}