{
  "dataList": [
    {
      "id": 1,
      "personalityid": 11001,
      "voiceFile": 0,
      "teller": "Sinclair",
      "dialog": "I think even I could handle this one.",
      "usage": "(800101, VERY_HIGH), (800102, VERY_HIGH), (800104, VERY_HIGH), (800105, VERY_HIGH)"
    },
    {
      "id": 2,
      "personalityid": 11001,
      "voiceFile": 0,
      "teller": "Sinclair",
      "dialog": "…Okay, I'll try.",
      "usage": "(800101, HIGH), (800102, HIGH), (800104, HIGH), (800105, HIGH) "
    },
    {
      "id": 3,
      "personalityid": 11001,
      "voiceFile": 0,
      "teller": "Sinclair",
      "dialog": "If you need me to… I'll give it a go.",
      "usage": "(800101, NORMAL), (800102, NORMAL), (800104, NORMAL), (800105, NORMAL)"
    },
    {
      "id": 4,
      "personalityid": 11001,
      "voiceFile": 0,
      "teller": "Sinclair",
      "dialog": "Does it have to be me?",
      "usage": "(800101, LOW), (800102, LOW), (800104, LOW), (800105, LOW)"
    },
    {
      "id": 5,
      "personalityid": 11001,
      "voiceFile": 0,
      "teller": "Sinclair",
      "dialog": "Me? Seriously? I'll definitely fail. I'll end up ruining it all.",
      "usage": "(800101, VERY_LOW), (800102, VERY_LOW), (800104, VERY_LOW), (800105, VERY_LOW) "
    },
    {
      "id": 6,
      "personalityid": 11001,
      "voiceFile": 0,
      "teller": "Sinclair",
      "dialog": "I—I did it… I doubt I could make it work again, though.",
      "usage": "(800101, SUCCESS), (800102, SUCCESS), (800104, SUCCESS), (800105, SUCCESS)"
    },
    {
      "id": 7,
      "personalityid": 11001,
      "voiceFile": 0,
      "teller": "Sinclair",
      "dialog": "…I knew this would happen.",
      "usage": "(800101, FAILURE), (800102, FAILURE), (800104, FAILURE), (800105, FAILURE)"
    },
    {
      "id": 8,
      "personalityid": 11002,
      "voiceFile": 0,
      "teller": "Blade Lineage Sinclair",
      "dialog": "",
      "usage": "(800101, VERY_HIGH), (800102, VERY_HIGH), (800104, VERY_HIGH), (800105, VERY_HIGH)"
    },
    {
      "id": 9,
      "personalityid": 11002,
      "voiceFile": 0,
      "teller": "Blade Lineage Sinclair",
      "dialog": "",
      "usage": "(800101, HIGH), (800102, HIGH), (800104, HIGH), (800105, HIGH) "
    },
    {
      "id": 10,
      "personalityid": 11002,
      "voiceFile": 0,
      "teller": "Blade Lineage Sinclair",
      "dialog": "",
      "usage": "(800101, NORMAL), (800102, NORMAL), (800104, NORMAL), (800105, NORMAL)"
    },
    {
      "id": 11,
      "personalityid": 11002,
      "voiceFile": 0,
      "teller": "Blade Lineage Sinclair",
      "dialog": "",
      "usage": "(800101, LOW), (800102, LOW), (800104, LOW), (800105, LOW)"
    },
    {
      "id": 12,
      "personalityid": 11002,
      "voiceFile": 0,
      "teller": "Blade Lineage Sinclair",
      "dialog": "",
      "usage": "(800101, VERY_LOW), (800102, VERY_LOW), (800104, VERY_LOW), (800105, VERY_LOW) "
    },
    {
      "id": 13,
      "personalityid": 11002,
      "voiceFile": 0,
      "teller": "Blade Lineage Sinclair",
      "dialog": "",
      "usage": "(800101, SUCCESS), (800102, SUCCESS), (800104, SUCCESS), (800105, SUCCESS)"
    },
    {
      "id": 14,
      "personalityid": 11002,
      "voiceFile": 0,
      "teller": "Blade Lineage Sinclair",
      "dialog": "",
      "usage": "(800101, FAILURE), (800102, FAILURE), (800104, FAILURE), (800105, FAILURE)"
    }
  ]
}