{
  "dataList": [
    {
      "id": 36,
      "personalityid": 10301,
      "voicefile": 0,
      "teller": "Don Quixote",
      "dialog": "Let me lead the charge! I shall raise the banner of victory in the name of justice!",
      "usage": "(800101, VERY_HIGH), (800102, VERY_HIGH), (800104, VERY_HIGH), (800105, VERY_HIGH)"
    },
    {
      "id": 37,
      "personalityid": 10301,
      "voicefile": 0,
      "teller": "Don Quixote",
      "dialog": "Fear thou not. This is easily within my capabilities!",
      "usage": "(800101, HIGH), (800102, HIGH), (800104, HIGH), (800105, HIGH) "
    },
    {
      "id": 38,
      "personalityid": 10301,
      "voicefile": 0,
      "teller": "Don Quixote",
      "dialog": "I can do this! One must be willing to put forth effort in order to take a step forward!",
      "usage": "(800101, NORMAL), (800102, NORMAL), (800104, NORMAL), (800105, NORMAL)"
    },
    {
      "id": 39,
      "personalityid": 10301,
      "voicefile": 0,
      "teller": "Don Quixote",
      "dialog": "I shall devote all my heart to it! A hero is she who achieves the impossible!",
      "usage": "(800101, LOW), (800102, LOW), (800104, LOW), (800105, LOW)"
    },
    {
      "id": 40,
      "personalityid": 10301,
      "voicefile": 0,
      "teller": "Don Quixote",
      "dialog": "…Marching onward despite knowing that danger lies in wait—such is the hero's way!",
      "usage": "(800101, VERY_LOW), (800102, VERY_LOW), (800104, VERY_LOW), (800105, VERY_LOW) "
    },
    {
      "id": 41,
      "personalityid": 10301,
      "voicefile": 0,
      "teller": "Don Quixote",
      "dialog": "I shan’t bask in glory! I know history will remember this deed, after all!",
      "usage": "(800101, SUCCESS), (800102, SUCCESS), (800104, SUCCESS), (800105, SUCCESS)"
    },
    {
      "id": 42,
      "personalityid": 10301,
      "voicefile": 0,
      "teller": "Don Quixote",
      "dialog": "A true hero must needs be able to overcome hardship. We shall sally forth once more next time!",
      "usage": "(800101, FAILURE), (800102, FAILURE), (800104, FAILURE), (800105, FAILURE)"
    },
    {
      "id": 43,
      "personalityid": 10301,
      "voicefile": 0,
      "teller": "Don Quixote",
      "dialog": "Let me lead the charge! I shall raise the banner of victory in the name of justice!",
      "usage": "(800101, VERY_HIGH), (800102, VERY_HIGH), (800104, VERY_HIGH), (800105, VERY_HIGH)"
    },
    {
      "id": 44,
      "personalityid": 10301,
      "voicefile": 0,
      "teller": "Don Quixote",
      "dialog": "Fear thou not. This is easily within my capabilities!",
      "usage": "(800101, HIGH), (800102, HIGH), (800104, HIGH), (800105, HIGH) "
    },
    {
      "id": 45,
      "personalityid": 10301,
      "voicefile": 0,
      "teller": "Don Quixote",
      "dialog": "I can do this! One must be willing to put forth effort in order to take a step forward!",
      "usage": "(800101, NORMAL), (800102, NORMAL), (800104, NORMAL), (800105, NORMAL)"
    },
    {
      "id": 46,
      "personalityid": 10301,
      "voicefile": 0,
      "teller": "Don Quixote",
      "dialog": "I shall devote all my heart to it! A hero is she who achieves the impossible!",
      "usage": "(800101, LOW), (800102, LOW), (800104, LOW), (800105, LOW)"
    },
    {
      "id": 47,
      "personalityid": 10302,
      "voicefile": 0,
      "teller": "Don Quixote",
      "dialog": "…Marching onward despite knowing that danger lies in wait—such is the hero's way!",
      "usage": "(800101, VERY_LOW), (800102, VERY_LOW), (800104, VERY_LOW), (800105, VERY_LOW) "
    },
    {
      "id": 48,
      "personalityid": 10301,
      "voicefile": 0,
      "teller": "Don Quixote",
      "dialog": "I shan’t bask in glory! I know history will remember this deed, after all!",
      "usage": "(800101, SUCCESS), (800102, SUCCESS), (800104, SUCCESS), (800105, SUCCESS)"
    },
    {
      "id": 49,
      "personalityid": 10301,
      "voicefile": 0,
      "teller": "Don Quixote",
      "dialog": "A true hero must needs be able to overcome hardship. We shall sally forth once more next time!",
      "usage": "(800101, FAILURE), (800102, FAILURE), (800104, FAILURE), (800105, FAILURE)"
    },
    {
      "id": 50,
      "personalityid": 10301,
      "voicefile": 0,
      "teller": "Don Quixote",
      "dialog": "A true hero must needs be able to overcome hardship. We shall sally forth once more next time!",
      "usage": "(800101, FAILURE), (800102, FAILURE), (800104, FAILURE), (800105, FAILURE)"
    }
  ]
}