{
  "dataList": [
    {
      "id": "816401_success_1",
      "content": "<color=#ebcaa2>[{0}]</color> gains %{2} {1}/% and %{4} {3}/% for the rest of the Encounter"
    },
    {
      "id": "816401_success_2",
      "content": "<color=#ebcaa2>All allies gain %{1} {0}/% for the rest of the Encounter</color>"
    },
    {
      "id": "816401_success_3",
      "content": "Double the amount of Stagger threshold raised, including the said effect from Tremor Burst, for <color=#ebcaa2>[{0}]</color>"
    },
    {
      "id": "816401_failure_1",
      "content": "<color=#ebcaa2>[{0}]</color> gains %{2} {1}/% and %{4} {3}/% for the rest of the Encounter"
    },
    {
      "id": "816401_failure_2",
      "content": "<color=#ebcaa2>All allies gain %{1} {0}/% for the rest of the Encounter</color>"
    },
    {
      "id": "816401_failure_3",
      "content": "Double the amount of Stagger threshold raised, including the said effect from Tremor Burst, for <color=#ebcaa2>[{0}]</color>"
    }
  ]
}