{
    "dataList": [
        {
            "id": "108201_1_1",
            "content": "Distorted Hohenheim's Poise Passive 「Adaptation」 weakens, becoming 「Maladaptation」"
        },
        {
            "id": "108201_2_1",
            "content": "Distorted Hohenheim's Shield Passive 「Defense Mechanism」 weakens, becoming 「Inadequate Defense Mechanism」"
        },
        {
            "id": "108201_3_1",
            "content": "Distorted Hohenheim's SP Passive 「Confirmation Bias」 weakens, becoming 「Self-doubt」"
        }
    ]
}