{
  "dataList": [
    {
      "id": "836601_succeed_1",
      "content": "Physical Intervention Shield Activated"
    },
    {
      "id": "836601_failed_1",
      "content": "Physical Intervention Shield Activated"
    },
    {
      "id": "836602_1_1",
      "content": "All allies <color=#00ff9c>heal 30 HP</color>"
    },
    {
      "id": "836602_2_1",
      "content": "All allies <color=#80c9ff>heal 30 SP</color>"
    },
    {
      "id": "836602_3_1",
      "content": "All allies <color=#00ff9c>heal 3 HP every turn</color>"
    },
    {
      "id": "836602_3_2",
      "content": "All allies <color=#80c9ff>heal 3 SP every turn</color>"
    }
  ]
}