{
  "dataList": [
    {
      "id": 863001,
      "title": "Fell Bullet",
      "eventDesc": "'Stop.'\n\n'I don't even remember anymore. I can't even recall if they were even real to begin with.'\n\n'But you... you still remember your loved ones.'\n\n'I'll blast your skulls apart. Every single one of you.'\n\nThere's an old pendant hanging from the shooter's neck.\n\nPerhaps it could be the key to resolving this battle.",
      "behaveDesc": "Who will bring up the pendant?",
      "successDesc": [
        "{0} tells the shooter to open the pendant hanging from his neck.\n\nThe shooter grabs the pendant and opens it, as though drawn by some unseen force... then screams as he grabs tightly onto his gun.\n\n'No...! I don't want to remember them! I don't... I don't want to remember the ones I love!'\n\n'Oh... please.... stop smiling. I said, stop smiling!'\n\n'Get away from me! Shut up!'\n\nThe shooter pulls the trigger, his voice tainted by anguish...\n\nBut the force behind the bullets had already become much weaker."
      ],
      "failureDesc": [
        "{0} tells the shooter to open the pendant hanging from his neck.\n\nInstead of doing as told, however, the shooter grabs and hides the pendant in his fist instead. He aims the barrel of the gun in our direction, grinning.\n\n'…….'\n\nThe recoil shakes the pendant.\n\nBut the shooter continues to pull the trigger. Nothing has changed."
      ]
    },
    {
      "id": 863301,
      "title": "Four-hundred Roses",
      "prevDesc": "The rose yearns for more blood.",
      "eventDesc": "",
      "behaveDesc": "",
      "successDesc": [],
      "failureDesc": []
    }
  ]
}