{
  "dataList": [
    {
      "id": "853901_success_1_1",
      "content": "<color=#ebcaa2>All Old Umbrella to be summoned next</color> are summoned with <color=#00ff9c>30% of their Max HP reduced</color>"
    },
    {
      "id": "853901_success_1_2",
      "content": "<color=#ebcaa2>[{0}]</color> <color=#fe4b48>loses {1} SP</color>"
    },
    {
      "id": "853901_failure_1_1",
      "content": "<color=#ebcaa2>[{0}]</color> <color=#fe4b48>loses {1} SP</color>"
    },
    {
      "id": "854101_success_1_1",
      "content": "<color=#ebcaa2>[{0}] loses %{2} [{1}]/%</color>"
    },
    {
      "id": "854101_success_1_2",
      "content": "<color=#ebcaa2>All of [{0}]’s parts</color> <color=#ebcaa2>gain</color> % {2} [{1}]/%"
    },
    {
      "id": "854101_failure_1_1",
      "content": "<color=#ebcaa2>[{0}] gains %{2} [{1}]/%</color>"
    },
    {
      "id": "854101_failure_1_2",
      "content": "<color=#ebcaa2>[{0}]</color> <color=#ebcaa2>gains</color> %{2} [{1}]/%"
    },
    {
      "id": "854201_success_1_1",
      "content": "<color=#ebcaa2>[{0}]</color> <color=#00ff9c>heals {1} HP</color>"
    },
    {
      "id": "854201_success_1_2",
      "content": "<color=#ebcaa2>[{0}]</color> <color=#ebcaa2>gains</color> %{2} [{1}], {4} [{3}], and {6} [{5}]/%"
    },
    {
      "id": "854201_failure_1_1",
      "content": "<color=#ebcaa2>[{0}]</color> <color=#00ff9c>heals {1} HP</color>"
    },
    {
      "id": "854201_failure_1_2",
      "content": "<color=#ebcaa2>[{0}]</color> <color=#ebcaa2>gains</color> %{2} [{1}], {4} [{3}], and {6} [{5}]/%"
    },
    {
      "id": "854401_success_1_1",
      "content": "<color=#ebcaa2>[{0}]</color> <color=#ebcaa2>applied with</color> {2} {1}"
    },
    {
      "id": "854401_success_1_2",
      "content": "[{0}] gains <color=#00ff9c>{2} {1}</color> next turn"
    },
    {
      "id": "854401_failure_1_1",
      "content": "<color=#ebcaa2>All {1} removed</color> from <color=#ebcaa2>[{0}]</color>"
    },
    {
      "id": "854501_success_1_1",
      "content": "<color=#ebcaa2>{0} is Staggered</color>"
    },
    {
      "id": "854501_success_1_2",
      "content": "<color=#ebcaa2>[{0}] gains</color> {2} <color=#e30000>[{1}]</color>."
    },
    {
      "id": "854501_failure_1_1",
      "content": "<color=#ebcaa2>[{0}]</color> <color=#e30000>loses {1} HP.</color>"
    },
    {
      "id": "854901_success_1_1",
      "content": "<color=#ebcaa2>Fairy is Staggered!</color>"
    },
    {
      "id": "854901_failure_1_1",
      "content": "<color=#ebcaa2>[{0}] gains</color> <color=#e30000>{2} [{1}]</color>"
    },
    {
      "id": "854901_failure_1_2",
      "content": "<color=#ebcaa2>[{0}] gains</color> <color=#e30000>{2} [{1}]</color>"
    },
    {
      "id": "855001_success_1_1",
      "content": "<color=#ebcaa2>[{0}] gains</color> <color=#e30000>{2} [{1}]</color>"
    },
    {
      "id": "855001_success_1_2",
      "content": "<color=#ebcaa2>[{0}] gains</color> <color=#e30000>{2} [{1}]</color>"
    },
    {
      "id": "855001_failure_1_1",
      "content": "<color=#ebcaa2>[{0}] loses</color> <color=#e30000>20% of Max HP (Loses {1} HP)</color>"
    },
    {
      "id": "855501_success_1_1",
      "content": "<color=#ebcaa2>[{0}]</color> <color=#ebcaa2>loses</color> <color=#e30000>{2} {1}</color>"
    },
    {
      "id": "855501_success_1_2",
      "content": "<color=#ebcaa2>[{0}]</color> <color=#ebcaa2>gains</color> <color=#e30000>{2} {1}</color>"
    },
    {
      "id": "855501_failure_1_1",
      "content": "<color=#ebcaa2>[{0}]</color> <color=#ebcaa2>gains</color> <color=#e30000>{2} {1}</color>"
    },
    {
      "id": "855501_failure_1_2",
      "content": "<color=#ebcaa2>[{0}] Sinner</color> <color=#ebcaa2>gains</color> <color=#e30000>{2} {1}</color>"
    },
    {
      "id": "855601_1_1",
      "content": "All characters deal {0}% damage"
    },
    {
      "id": "855601_1_2",
      "content": "All characters take {0}% damage"
    },
    {
      "id": "85560101_success_1_1",
      "content": "All characters <color=#00ff9c>deal {1}% damage</color> with [{0}] Affinity Skill"
    },
    {
      "id": "85560101_success_1_2",
      "content": "All characters <color=#e30000>take {1}% damage</color> with [{0}] Affinity Skill"
    }
  ]
}