{
  "dataList": [
    {
      "id": "810001_skinPredector_success_1_1",
      "content": "{0} <color=#fe4b48>loses {1} SP</color>"
    },
    {
      "id": "810001_skinPredector_success_1_2",
      "content": "{0} gains %{2} {1}/% for the encounter."
    },
    {
      "id": "810001_skinPredector_success_1_3",
      "content": "{0} gains %{2} {1}/% and %{4} {3}/% for the encounter."
    },
    {
      "id": "810001_skinPredector_success_1_4",
      "content": "Reduces the HP of {0} with <color=#ebcaa2>the most HP to 1</color>"
    },
    {
      "id": "810001_skinPredector_failure_1_1",
      "content": "{0} gains %{2} {1}/% and %{4} {3}/% for the encounter."
    },
    {
      "id": "810001_skinPredector_failure_1_2",
      "content": "All Identities gain %{1} {0}/% and %{3} {2}/%."
    },
    {
      "id": "810201_nk_success_1_1",
      "content": "1 {0} <color=#e30000>loses {1} HP</color>"
    },
    {
      "id": "810201_nk_success_1_2",
      "content": "{0} gains %{2} {1}/%"
    },
    {
      "id": "810201_nk_failure_1_1",
      "content": "1 {0} <color=#e30000>loses {1} HP</color>"
    },
    {
      "id": "810201_nk_failure_1_2",
      "content": "{0} <color=#e30000>loses {1} HP</color>"
    },
    {
      "id": "810101_walkingPearl_success_1_1",
      "content": "{0} <color=#fe4b48>loses {1} SP</color>"
    },
    {
      "id": "810101_walkingPearl_success_1_2",
      "content": "{0} <color=#e30000>loses {1} HP</color>"
    },
    {
      "id": "810101_walkingPearl_success_1_3",
      "content": "{0} %loses {2} {1}/%"
    },
    {
      "id": "810101_walkingPearl_failure_1_1",
      "content": "{0} <color=#fe4b48>loses {1} SP</color>"
    },
    {
      "id": "810101_walkingPearl_failure_1_2",
      "content": "{0} <color=#e30000>loses {1} HP</color>"
    },
    {
      "id": "810602_success_1_1",
      "content": "{0} gains %{2} [{1}]/% and %{4} [{3}]/%"
    },
    {
      "id": "810602_success_1_2",
      "content": "{0} <color=#80c9ff>fully heals SP</color>"
    },
    {
      "id": "810602_success_1_3",
      "content": "All allies gain %{1} [{0}]/%"
    },
    {
      "id": "810602_success_1_4",
      "content": "All allies <color=#80c9ff>heal {0} SP</color>"
    },
    {
      "id": "810602_success_1_5",
      "content": "{0} gains %{2} [{1}]/%"
    },
    {
      "id": "810603_failure_1_1",
      "content": "{0} gains %{2} [{1}]/% and %{4} [{3}]/%"
    },
    {
      "id": "810603_failure_1_2",
      "content": "{0} <color=#80c9ff>fully heals SP</color>"
    },
    {
      "id": "810603_failure_1_3",
      "content": "{0} gains %{2} [{1}]/%"
    }
  ]
}