{
  "dataList": [
    {
      "id": "857701_abm_success_1_1",
      "content": "<color=#ebcaa2>All Sinners</color> lose %{0}/%."
    },
    {
      "id": "857701_abm_success_1_2",
      "content": "<color=#ebcaa2>{0}</color> loses %{2} {1}/%"
    },
    {
      "id": "857701_abm_failure_1_1",
      "content": "Add up <color=#ebcaa2>{0} and {0}</color> Count respectively on <color=#ebcaa2>all Sinners</color>, then divide the sum by the number of Sinners. Inflict the resulting <color=#e30000>{0} and {0} Count</color> on all Sinners. (Minimum 1)"
    },
    {
      "id": "857801_success_1_1",
      "content": "<color=#ebcaa2>All Sinners</color> lose %{0}/%."
    },
    {
      "id": "857801_success_1_2",
      "content": "<color=#ebcaa2>All Sinners</color> <color=#80c9ff>heal {0} SP.</color>"
    },
    {
      "id": "857801_success_1_3",
      "content": "<color=#ebcaa2>{0}</color> <color=#ebcaa2>gains</color> %{2} [{1}]/% next turn."
    },
    {
      "id": "857801_failure_1_1",
      "content": "<color=#ebcaa2>[{0}]</color> <color=#ebcaa2>gains</color> %{2} [{1}]/%"
    },
    {
      "id": "857801_failure_1_2",
      "content": "<color=#ebcaa2>{0}</color> <color=#fe4b48>loses {1} SP</color>"
    },
    {
      "id": "857801_failure_1_3",
      "content": "<color=#ebcaa2>{0}</color> <color=#e30000>loses {1} HP</color>"
    },
    {
      "id": "857101_skinPredector_success_1_2",
      "content": "<color=#ebcaa2>{0}</color> <color=#ebcaa2>gains</color> %{2} {1}/% <color=#ebcaa2>for the encounter.</color>"
    },
    {
      "id": "857101_skinPredector_success_1_3",
      "content": "<color=#ebcaa2>{0}</color> <color=#ebcaa2>gains</color> %{2} {1}/% and %{4} {3}/% <color=#ebcaa2>for the Encounter.</color>"
    },
    {
      "id": "857101_skinPredector_failure_1_1",
      "content": "<color=#ebcaa2>{0}</color> <color=#ebcaa2>gains</color> %{2} {1}/% and %{4} {3}/% <color=#ebcaa2>for the Encounter.</color>"
    },
    {
      "id": "857101_skinPredector_failure_1_2",
      "content": "<color=#ebcaa2>All Sinners</color> <color=#ebcaa2>gain</color> %{1} {0}/% and %{3} {2}/%."
    },
    {
      "id": "858501_soc_success_1_1",
      "content": "<color=#ebcaa2>{0}'s {1}</color> <color=#ebcaa2>Resistance becomes 1.5</color>"
    },
    {
      "id": "858501_soc_failure_1_1",
      "content": "<color=#ebcaa2>[{0}]</color> <color=#e30000> takes {1} HP damage</color>"
    },
    {
      "id": "858501_soc_failure_1_2",
      "content": "<color=#ebcaa2>{0}</color> <color=#fe4b48>takes {1} SP damage</color>"
    },
    {
      "id": "858502_soc_success_1_1",
      "content": "<color=#ebcaa2>{0}'s {1}</color> <color=#ebcaa2>Resistance becomes 1.5</color>"
    },
    {
      "id": "858502_soc_failure_1_1",
      "content": "<color=#ebcaa2>[{0}]</color> <color=#e30000> takes {1} HP damage</color>"
    },
    {
      "id": "858502_soc_failure_1_2",
      "content": "<color=#ebcaa2>{0}</color> <color=#fe4b48>takes {1} SP damage</color>"
    },
    {
      "id": "858502_soc_failure_1_3",
      "content": "<color=#ebcaa2>[{0}]</color> <color=#ebcaa2>gains</color> %{2} {1}/%"
    }
  ]
}