{
  "dataList": [
	  {
      "id": 130801,
      "title": "Faelantern",
      "prevDesc": "The teal-colored fairy appeared again at the tip of the branch.\nBy now everyone knew that it was nothing more than bait.",
      "eventDesc": "Attacking that fairy again will reveal its true form.\n\nThis isn’t your first time facing this entity. It won’t be as hard as the first time.\n\nThe Sinners seem to agree.\n\nThe fairy simply sat there in near complete stillness, only interrupted by its intermittently vibrating wings. It was as though the fairy knew you were coming.",
      "behaveDesc": "Who will answer the bait?",
      "successDesc": [
        "[{0}] charged toward the fairy.\n\nAfter a light leap into the air, the Sinner swung the weapon toward the fairy.\n\n”!!!”\n\nThe fairy appeared to scream, but no sound came from its mouth.\n\nMaybe it wasn’t screaming at all. Perhaps it was just the swaying of branches.\n\n”The eyes are coming out…”\n\n”Get outta there! Here we go again.”\n\nNumerous eyes open one by one, gleaming from the shadows.\n\nThey oscillate as though they’ll jump out at us at any minute.\n\nSo… What now?"
      ],
      "failureDesc": [
        "[{0}] charged toward the fairy.\n\nAfter lightly leaping into the air, the Sinner swung the weapon toward the fairy.\n\nBut…\n\n”That thing can dodge…?!”\n\nOf course, it wasn’t going to be that easy. Assuming that a bait would remain stationary is a complacent thought.\n\nThe fairy had also lightly flown up into the air and glared at the Sinner, who dared to attack it.\n\n”G-get out of there! It’s starting to move again!”\n\n[{0}] tried to get away, but its main body had already tightened around the Sinner's legs.\n\nSo… What now?"
      ]
	  }
  ]
}