{
  "dataList": [
    {
      "id": 8577,
      "codeName": "O-01-20-07",
      "name": "Falena del Fiore Ardente",
      "clue": "Clue",
      "storyList": [
        {
          "level": 1,
          "story": "Descriverò le mie impressioni durante il mio incontro con essa.\n\nHa l'aspetto di una farfalla, forse di una falena, che sembra prender fuoco.\n\nAnzi, permettetemi di riarticolarla. Sarebbe più evocativo dire che le fiamme stesse hanno preso la forma di un tale insetto.\n\nQuesta viene circondata da una marea di rosse ed accese scintille.\n\nQuasi mi riporta i ricordi della mia giovinezza. Mi ritrovavo spesso a raccoglier ramosscelli, solo per poter dar loro fuoco per guardare la fiamma mentre li consumava.\n\nLe stesse esatte braci che scomparivano nel cielo notturno possono essere osservate da questa entità.\n\nGuardando il piccolo focolare, quei ramoscelli trasformarsi rosse e luminose, per poi diventare nera fuliggine. Non ho potuto fare a meno di allungare la mano per poter apprezzare il suo calore.\n\nIn molti condividono questo sentimento, non è così? Non abbiamo bisogno di toccare quel fuoco per sapere che ci farà venire le vesciche alla pelle e brucerà le nostre ossa. Eppure continuiamo a desiderare quel suo calore, desideriamo avvicinarsi ad esso.\n\nForse avevo pensato che fosse così, mentre il suo bagliore danzava e tremolava così dolcemente dinnanzi a noi.\n\nQuesto è tutto ciò che ho da dire.\n\n→ Giusto, amico, ma le belle parole non spiegano certo perché hai deciso di andargli a zonzo sotto il naso e di bruciare vivo fino a carbonizzarti, vero?\n\n→ Tuttavia, abbiamo raccolto informazioni utili dalla sua morte. Le 'braci' che Yi Sang ha riportato potrebbero diffondersi ad altri in determinate circostanze.\n\n→ …E si è diffuso direttamente su di te, ustionandoti la pelle. La maggior parte delle persone che conosco avrebbero avuto una reazione un po' più intensa nel venir bruciate vive.\n\n→ Beh, è vero. Ma il dolore era relativamente sopportabile."
        },
        {
          "level": 2,
          "story": "Ho avuto l'opportunità di affrontarlo in combattimento.\n\nAbbiamo imparato, con il mio ultimo approccio, come le sue braci potrebbero attaccarsi ai nostri corpi e diffondersi ad altri in circostanze particolari.\n\nSi tratta di un frammento di informazione ottenuto solo per caso, ma ci sarà comunque utile per elaborare attentamente una strategia contro questo nemico. (Ciò non implica un'autoassoluzione di responsabilità. Mi scuso per aver agito senza che ci sia stata prima una discussione tra di noi.)\n\nLasciare che le sue ali ci tocchino trasmetterà le sue braci ai nostri corpi.\n\nDopo averlo constatato, ho capito che la sua forza aumentava quanto più brace conteneva.\n\nCiò significa che spezzargli le ali ci permetterebbe di passare all'offensiva in questa battaglia.\n\nPropongo di accogliere nel nostro abbraccio le braci delle sue ali.\n\nQueste fiamme... non bruciano; ci portano solo calore. Forse accettarle può esserci di beneficio.\n\nTuttavia, le ustioni che i miei compagni hanno subito precedentemente... mi chiedo cosa abbia causato loro tanto dolore.\n\nNon sono a conoscenza di altre informazioni da riferire.\n\nQuesto è tutto ciò che ho da dire."
        },
        {
          "level": 3,
          "story": "Potrei aver scoperto il metodo con cui 'accende' le braci.\n\nCol senno di poi, la risposta era abbastanza ovvia.\n\nPer risvegliare le braci morenti, per ravvivare le sue fiamme, bisogna soffiarci sopra finché non risorgono.\n\nC'è un momento in cui sbatte le ali con tale forza da creare una folata di vento.\n\nOgni brace nelle vicinanze causa enormi esplosioni e ci assale, mentre la raffica incessante evocata in quel momento la fa apparire come una gigantesca palla di fuoco.\n\nLa gigantesca palla di fuoco, a sua volta, diffonde le braci su di noi, trasformandole in una fiamma più grande.\n\nPoi le braci si 'accendono', bruciando i compagni vicino a me.\n\nPiù braci ha, più la sua forza cresce. Forse sarebbe per noi vantaggioso abbracciarne il calore...\n\n… ma bisogna tenere presente che lasciarsi travolgere dalla sua raffica potrebbe essere devastante. \n\nDetto ciò, questo è tutto ciò che ho da dire."
        }
      ]
    },
    {
      "id": 8578,
      "codeName": "O-04-20-11",
      "name": "Cotone Inzuppato",
      "clue": "Clue",
      "storyList": [
        {
          "level": 1,
          "story": "Oi! Prima di iniziare il rapporto ho alcune cose da dire su quel bastardo.\n\nDa dove diavolo provengono… quegli stronzi buoni a nulla... dalla testa di cotone?\n\nBeh... non che mi aspetti che queste Anormalità possano mai tornare utili.\n\nMa quella roba che sembrano darci di tanto in tanto… vengono chiamati dei 'doni', no?\n\nChe razza di 'dono' è uno che aiuta i nostri nemici a mantenere il loro bilancio indipendentemente? Ci stanno decisamente prendendo per il culo.\n\nScusate, avevo bisogno di sfogarmi un po'. Potete capirlo, giusto?\n\n… Hm. Tornando al rapporto.\n\nHa l'aspetto di un albero da un enorme fascio di cotone sopra. A giudicare dall'aspetto, non sembra molto diverso dall'ultima volta che l'abbiamo incontrato. Salutando, ci invitava ad avvicinarci... Stessa stronzata, ma giorno diverso, eh?\n\nEd al suo centro... è rosso. Come se assorbisse il sangue invece dell'acqua.\n\nAi suoi lati ha... steli contorti? Radici? Qualunque cosa sia, è roba dannatamente inquietante.\n\nUno stratagemma piuttosto ovvio, vero? Sono sicuro che quelle rampicanti siano lì per farci dei buchi come cannucce e succhiarci il sangue dalle vene.\n\nStrappiamoli a brandelli prima che possano fare qualcosa del genere."
        },
        {
          "level": 2,
          "story": "Ma se sapevi che quelle rampicanti non possono venir tagliate, perché diavolo non- Haah, lasciamo perdere.\n\nSembra che non possiamo fermare queste rampicanti tagliandole, Testa d'Orologio. Non sono nemmeno sicuro di poterle tagliare, in realtà.\n\nNon posso farci nulla. Non c'è modo di evitare di venir punto da quelle robe fastidiose.\n\nDannazione, questa sensazione agghiacciante di sentirmi succhiare il sangue dalle vene... non è piacevole..\n\nPer non parlare come questa cosa inizia a diventare di colore rosso dopo averne succhiato da noi abbastanza…\n\n… Quando diventa di colore rosso, aspettati che userà un attacco potente contro di noi in qualsiasi momento. Meglio se proviamo a sconfiggerlo prima che provi a fare qualsiasi cosa.\n\nImmagino sia più facile a dirsi che a farsi. Tsk, non è che possiamo toglierci di dosso queste robacce una volta che ci colpiscono.\n\nL'unico modo è sottometterlo con la forza, come se dobbiamo sbattere il cotone all'interno di un cuscino. Quale altra opzione abbiamo?"
        },
        {
          "level": 3,
            "story": "Secondo il buon senso, le piante con radici profonde e una buona riserva d'acqua crescono resistenti.\n\nRicordo che una volta qualcuno mi disse che spesso il buon senso non si applica alle Anormalità...\n\n… Eppure eccola qui. Un'Anormalità a cui il buon senso si applica. Ma tu guarda...\n\nPerò sto iniziando a capirlo. Farà fuori chiunque abbia più di quelle robacce addosso. Ho avuto il piacere di sperimentarlo in prima persona, quindi ne sono abbastanza certo.\n\nOh, ecco qualcosa di divertente.\n\nQuesta piccola merdina da dei 'doni' che in qualche modo aiutano i nostri nemici a non vacillare mai…\n\nMa picchiarla a sangue sembra farla barcollare senza problemi. Che vera buffonata.\n\nDobbiamo ucciderlo quando ne abbiamo la possibilità. Se perdiamo questa possibilità... non ho idea di quando ne avremo una seconda.\n\nIl punto è, non perdere tempo. Penso che gli piaccia—Non ne capisco la ragione. Ma continua a pungermi con le sue rampicanti cannuccia."
        }
      ]
    },
    {
      "id": 8585,
      "codeName": "T-03-20-04",
      "name": "Spirale del Disprezzo",
      "clue": "Clue",
      "storyList": [
        {
          "level": 1,
          "story": "Sapete una cosa che mi irritava parecchio in passato, quando ancora vivevo nella mia casa?\n\nAndare avanti senza alcun pasto, pregando e supplicando solo per prendere in prestito qualche soldo... Non mi è mai importato molto di essere costretta a fare cose del genere. Mi ci è voluto solo un momento per mettermi alle spalle cose del genere.\n\nMa c'è una cosa che mi è rimasta in mente, ed era... quello sguardo di disprezzo. Come se fossi inferiore a loro.\n\nEd io pensavo di esserci passata sopra. Pensavo di aver smesso di darci peso, di aver imparato a trattenere, ad ignorare, e farsene una ragione.\n\n… Questo, prima di oggi.\n\nQuella roba non ha l'aspetto di una persona. Non saprei nemmeno come descrivere quella cosa fluttuante se qualcuno me lo chiedesse. Ma…\n\nRiuscite a capire quello che intendo, giusto? Ha quello sguardo... stranamente dispregiativo. Almeno questa è la sensazione che trasmette.\n\nMi ha davvero colpita per qualche ragione.\n\nStrano, contorto, artistico, dall'aspetto un po' strano... Tsk. Penso che faccia anche uno strano rumore metallico.\n\nSembra sia fatto d'oro, non è vero? Dovremmo provare a rottamarlo e vendere i suoi pezzi così da poterci permettere tonnellate di carne gourmet per un party tema barbecue.\n\n→ Devo chiederti: il pensiero del consumo di cibo è tutto ciò che sei in grado di elaborare?\n\n→ Ehi, ho passato la maggior parte della mia vita affamata, ok? Immagino che i ragazzi ricchi con la pancia piena e le case comode non capiranno.\n\n→ Mmm~ Capisco! La carne di manzo è sempre buona, che si abbia fame o meno. Anche se non ho mai avuto fame prima di entrare in azienda, hehe.\n\n→ Ma non è quello che ho— ha ha."
        },
        {
          "level": 2,
        "story": "Ahah... Sì, capisco che questa non sarà un avversario facile.\n\nAvevo proprio ragione riguardo al suo 'sguardo di disprezzo'. Quella cosa ha semplicemente lanciato un'occhiata truce a chi l'ha attaccata di più... prima di cambiare in un aspetto totalmente diverso?\n\n'Disgraziato senza valore, il tuo valore non è sufficiente nemmeno per toccarmi con un dito.'\n\n… Immagino avrebbe detto questo se avesse avuto una bocca, non credi? Questa è l'impressione che mi ha dato, in ogni caso.\n\nOh, e... a volte, un paio di mani enormi spuntavano dal nulla e portavano via uno di noi.\n\nL'ultima volta Meursault è stato rapito... e non sapevamo cosa fare. E quella cosa lo strinse finché non lasciò dietro di sé altro che quello che sembrava un concentrato di pomodoro schiacciato....\n\nEeuughh… davvero digustoso, non trovate? Comunque… L'unico modo per liberarci è letteralmente colpire quella mano fino a romperla. Non me lo immaginavo così diretto, ma sì…\n\nE, uh, se mai le mani mi prendessero... per favore, per favore assicuratevi di dare la priorità a spezzare la sua presa, ok?\n\nCerto, morire non è mai divertente. Ma se proprio devo morire, preferirei non farmi schiacciare tipo un panino fino alla mia morte."
        },
        {
          "level": 3,
          "story": "Ok, ci ho riflettuto un attimo. Il suo attacco che ti afferrava con il suo palmo e il suo sguardo pieno di disprezzo... devono essere collegati in qualche modo.\n\nAnzitutto: i palmi non se ne vanno ad attaccare dei Peccatori a caso.\n\nPer tutto questo tempo ci è sfuggita la sua logica e il suo schema. C'è una finestra temporale specifica in cui ci afferra se gli attacchiamo le mani.\n\nAll'inizio, pensavo che ci stesse semplicemente strappando uno a uno, come si strappano le erbacce da un giardino... prendendo di mira quello più fastidioso di noi.\n\nRiesci a capire la mia logica, giusto? Se potessi schiacciare qualsiasi cosa ti ostacoli fino a farlo diventare concentrato di pomodoro, non lo faresti anche tu?\n\nA dire il vero, ha più che senso. Non farebbero tutti così?\n\n… Immagino che sia colpa mia se mi aspetto che queste cose seguano il buon senso.\n\nOh, ma penso che possiamo usare i suoi palmi a nostro vantaggio. Durante il combattimento, siamo riusciti a liberare uno dei Peccatori catturati su cui teneva il suo sguardo fisso.\n\nE questo sembrò... coglierlo di sorpresa.\n\nDev'essere stato uno shock, no? Vedere noi, che dovremmo essere solo degli umili miserabili, spezzare la sua presa e liberare il nostro amico... capisci cosa intendo?\n\nAnche lui è rimasto stordito per un bel po'. Ed è stato allora che siamo riusciti a fargli davvero male.\n\nMmm… tuttavia, dobbiamo lasciarci guardare con quello sguardo strano se vogliamo che ciò succeda di nuovo.\n\nImmagino che si tratti di gestire il rischio e il rendimento, non trovi...?\n\nCavolo, buona fortuna, Dante! Spero che la tua testa non esploda nel tentativo di risolvere questo pasticcio... Oddio, è forse per questo che è sempre in fiamme?\n\nLo sai che ti sto solo prendendo in giro, vero? Hehe.\n\n→ Anche se le tue intenzioni non erano ostili, ritengo che sia inappropriato ridicolizzare il Manager come hai fatto qui.\n\n→ Beh, non è niente di nuovo. Se ci tieni a discutere di tutte le volte che mi prendete in giro, finiresti per fare la predica a Heathcliff per tutta la settimana. E anche di più.\n\n→ Gli do una buona dose di avvertimenti ogni volta che ne ho la possibilità, Manager.\n\n→ Quello che voglio dire è che per me va bene, quindi non c'è bisogno di fare una cosa del genere...\n\n→ Huh? Testa d'Orologio ha scritto qualcosa qui. Oh... ecco perché la nostra ficcanaso del gruppo mi ha sospirato prima, eh?"
        }
      ]
    }
  ]
}
