{
  "dataList": [
    {
      "id": 971060,
      "name": "Unità di Contenimento del Cavaliere della Disperazione",
      "desc": "Questa è un'Anormalità di pura disperazione, che ha sofferto un ciclo infinito di fede e tradimento, lasciandosi dietro solo l'emozione che si esprime con delle lacrime nere.\n\nL'eroina, che un tempo si auto-proclamava cavaliere e protettrice della giustizia, non c'è più.\n\nMoltissime cose che pensavamo fossero immutabili sono cambiate, e quello che un tempo era il suo orgoglio saldo, ora giace consunto ed eroso.\n\nLa sua orbita oculare, la sorgente senza fine delle lacrime, ora è di un nero distorto; dietro di esso rimangono solo lacrime nere e bruciate.",
      "options": [
        {
          "message": "Alla fine, il cambiamento arriva per tutto.",
          "messageDesc": "Affronta una prova per ottenere un Dono E.G.O Pianto. Tristezza, Superbia ed Invidia hanno Vantaggio.",
          "result": [
            ""
          ]
        },
        {
          "message": "Anch'io ho fallito nel proteggere gli altri.",
          "messageDesc": "Affronta una prova per ottenere un Dono E.G.O. Tristezza, Superbia ed Invidia hanno Vantaggio.",
          "result": [
            ""
          ]
        }
      ]
    },
    {
      "id": 971061,
      "name": "Unità di Contenimento della Regina dell'Odio",
      "desc": "La porta dell'Unità di Contenimento era aperta.\n\nDentro c'era una ragazza, raggomitolata a terra, tutta triste, che sussurrava tra sé e sé.\n\n\"In questo mondo c'è il bene e c'è il male.\"\n\n\"Dove c'è la luce, c'è l'oscurità. Non può essere tutto bianco o nero.\"\n\n\"Io sono buona, quindi loro sono cattivi.\"\n\n\"Io sono la prescelta.\"\n\n\"Non sono necessaria?\"\n\n\"Io odio... la pace...?\"\n\nAnsia. Impulso. Ossessione. Esaurimento.\n\nUn'energia oscura la circonda, come se fosse la materializzazione di quelle parole.",
      "options": [
        {
          "message": "Non viviamo in un mondo definito solamente dal bene e dal male.",
          "messageDesc": "Affronta una prova per ottenere un Dono E.G.O Carica. Ira, Superbia ed Invidia hanno Vantaggio.",
          "result": [
            ""
          ]
        },
        {
          "message": "E se fossi tu a porre fine alla pace?",
          "messageDesc": "Seleziona per ottenere un Dono E.G.O Carica",
          "result": [
            "\"... Sì.\"\n\nIl tremore si ferma improvvisamente. Sembra che la ragazza abbia preso una decisione.\n\n\"Posso esistere di nuovo, finché non c'è la pace.\"\n\nSollevandosi da terra, levita lentamente, per poi essere impalata da delle lance azzurre, apparse da chissà dove.\n\nUn'inquietante creatura serpentina appare dall'interno di quello che sembra essere un'uovo che si sta spaccando, per poi strisciare velocemente fuori dall'Unità di Contenimento."
          ]
        }
      ]
    },
    {
      "id": 971062,
      "name": "Comando Centrale della Lobotomy Corporation",
      "desc": "C'è un rapporto sulla scrivania di un inserviente della Squadra di Comando Centrale.\n\n<GIORNO ■■, ■■ ■■ Rapporto Postmortem del Servizio di Ricerca>\n\nIl rapporto era parzialmente censurato, ma sembrava che stesse parlando di una specie di nuovo scudo anti-proiettile, appena sviluppato.\n\n'Lo Scudo Anti-Trauma può proteggere l'utente da danno psicologico proveniente da fonti esterne per un ■■■■■■■ ■■■■ o ■■■■■■■■■.'\n\n'Se è necessario lo Scudo antiproiettile ■■■■■■, va richiesta l'assistenza del manager o di un ■■■■■■■■.'\n\nVicino al rapporto redatto c'è una scatola con su scritto 'Campione & manuale - Scudo Anti-Trauma.",
      "options": [
        {
          "message": "Prendilo.",
          "messageDesc": "Seleziona per ottenere un Dono E.G.O Senza Parola Chiave",
          "result": [
            "\"Vi ricordate di quando eravamo nella, um... Squadra di Addestramento? Questo assomiglia alla fiala... che mi aveva colpito al tempo.\"\n\n\"Non sembra che abbiano lo stesso nome, per quanto l'obiettivo di entrambi gli oggetti sia simile.\"\n\nSe ha davvero un effetto positivo per noi, come dicono i Peccatori, allora ci sarà sicuramente d'aiuto.\n\nAbbiamo preso il campione."
          ]
        },
        {
          "message": "Lascialo lì.",
          "messageDesc": "",
          "result": [
            "Meglio non toccare qualcosa che non conosciamo bene. Potrebbe succedere qualcosa di inaspettato.\n\nAbbiamo deciso di lasciarlo così com'è."
          ]
        }
      ]
    },
    {
      "id": 971063,
      "name": "Magazzino della Lobotomy Corporation",
      "desc": "Siamo in uno dei magazzini a Lobotomy Corporation.\n\nC'è una scatola metallica rotta—piena di qualcosa che assomiglia tantissimo a dei pezzi di carne.\n\n\"Cos'è... quella roba? Perché è stata lasciata in giro nelle stanze del magazzino così?\"\n\n\"Faust spiega che si tratta dei resti di una vecchia versione di una Sephirah, dismessi quando quest'ultima è stata rimpiazzata.\"\n\n\"... Quindi si tratta di un cadavere?\"\n\n\"Non proprio. Vengono ripristinati solo i suoi ricordi; con il rimpiazzo, viene riprodotta una versione della Sephira identica alla sua produzione originale.\"\n\n\"Quasi come il modo in cui torniamo in vita.\"\n\n\"Vero, quasi come noi, huh?\"\n\nLa situazione è diventata imbarazzante.\n\nCosa potrei dire, come manager, per risollevarci?",
      "options": [
        {
          "message": "So che ce la faremo. Come sempre.",
          "messageDesc": "Seleziona per ottenere un Dono E.G.O Senza Parole Chiave",
          "result": [
            "\"Che atteggiamento positivo~\"\n\n\"Ooh~ Dante, cos'è questa, sicurezza?\"\n\nNonostante la mia preoccupazione, con quello la squadra è tornata subito allegra."
          ]
        },
        {
          "message": "Potremmo fallire. Come Sempre.",
          "messageDesc": "Seleziona per ottenere un Dono E.G.O Senza Parole Chiave",
          "result": [
            "\"Quella... è una cosa interessante da dire in un momento del genere.\"\n\n\"Razza di imbecille, non riesci a capire come questa sia solo una dimostrazione del sofisticato senso dell'umorismo del Manager, un rimedio perfetto a questo silenzio imbarazzante?\"\n\n\"Cosa...?\"\n\nNonostante la mia preoccupazione, con quello la squadra è tornata subito allegra."
          ]
        }
      ]
    }
  ]
}
