{
    "dataList": [
        {
            "id": 837901,
            "name": "아파하는 테디 선택지 선택 이벤트",
            "subDesc": "UNUSED TEXT",
            "desc": "A bear plush looks at us with a sad expression. Several sharp nails are impaling its body.",
            "options": [
                {
                    "message": "Hug the teddy bear.",
                    "messageDesc": "Select to reduce the Abnormality's Clash Power. Pass a Lust check, and the selected Identity loses some HP but greatly heals SP",
                    "result": [
                        ""
                    ]
                },
                {
                    "message": "Look away.",
                    "messageDesc": "All Identities lose SP",
                    "result": [
                        "Perhaps the nails looked too threatening.\n\nNo one wanted to get close to the bear plush.\n\nIt slumps its shoulders, clearly hurt.\n\nIt's clear that most Sinners felt bad about this decision."
                    ]
                }
            ]
        },
        {
            "id": 10701,
            "name": "",
            "subDesc": "",
            "desc": "We approached the faded signpost in this twisted space.\n\n<i>Welcome to La Manchaland.</i>\n\nTwo types of tickets and their prices are written underneath that logo.\n\nLooks like we'll have to purchase a ticket here to enter...\n\nWhich one should we purchase?",
            "options": [
                {
                    "message": "Purchase the All-day Pass",
                    "messageDesc": "All allies lose HP. Gain an E.G.O Gift.",
                    "result": [
                        "Each Sinner paid for their own All-day Pass with their blood.\n\nSome of them were none to happy about this decision, but they all agreed to go with All-day Passes.\n\nWe should be able to experience every attraction here as long as we have this ticket."
                    ]
                },
                {
                    "message": "Purchase the Standard Pass",
                    "messageDesc": "All allies gain E.G.O Gifts that gain Bleed",
                    "result": [
                        "It might be unwise to lose so much blood here at the entrance.\n\nAfter a discussion with the Sinners, we decided to go with the Standard Pass, which does not require a payment of blood.\n\nThere's a disclaimer on the ticket: 'visitors must pay a certain amount of blood before participating in an attraction'.\n\nWe might be able to get more of our blood's worth, as long as we carefully choose which attraction we want to go for."
                    ]
                }
            ]
        },
        {
            "id": 1070101,
            "name": "",
            "subDesc": "",
            "desc": "We walked past the entrance and into La Manchaland.\n\nWhich Area should we visit first in order to escape this maze-like amusement park?",
            "options": [
                {
                    "message": "Participate in a game of Fantasy Blood-shooting.",
                    "messageDesc": "Begin a combat encounter. Win to gain an E.G.O Gift",
                    "result": [
                        "Maybe the way out will open if we defeat as many Bloodfiends as we can.\n\nSome Sinners suggested that we attempt the Fantasy Blood-shooting again.\n\n<i>To Adventurers who make it to the end of the attraction, we grant you a Token of Victory!</i>\n\nThrough the pre-recorded voiceline, a Bloodfiend cheers us on.\n\nWe've already done this once; I'm sure we can do it again."
                    ]
                },
                {
                    "message": "Head to the Confessional.",
                    "messageDesc": "Run a Pride check. Pass to gain an E.G.O Gift.",
                    "result": [
                        ""
                    ]
                },
                {
                    "message": "Watch the Parade",
                    "messageDesc": "Gain an E.G.O Gift",
                    "result": [
                        ""
                    ]
                }
            ]
        },
        {
            "id": 1070103,
            "name": "",
            "subDesc": "",
            "desc": "We made it to the Parade Area without wasting any more time.\n\nAfter a while of walking along the Parade to the front, a Bloodfiend suddenly came up to us.\n\n\"Why not take a commemorative pic with the Parade as the background?\"\n\"A little bit of blood, and you can remember this moment for-ever-and-ever!\"\n\nWhat should we do?",
            "options": [
                {
                    "message": "Pay with blood and get a commemorative picture taken.",
                    "messageDesc": "Some Sinners lose HP. Gain an E.G.O Gift",
                    "result": [
                        "Some Sinners agreed to pay with blood for some pictures.\n\nI can't help but feel the pain of Don Quixote's absence now that we're standing all together for a group photo.\n\nWhen we received the photograph, which appeared after the flash, the Parade marched far, far away from us as the warped space returned to normal.\n\nThe photograph in my hands was gone, replaced with a Bloodfiend's mask."
                    ]
                },
                {
                    "message": "Get out of here.",
                    "result": [
                        "There's no time to waste on pictures.\n\nWe decided to continue walking past the Parade."
                    ]
                }
            ]
        },
        {
            "id": 10702,
            "name": "",
            "subDesc": "",
            "desc": "We see a door to a giant containment chamber.\n\nWe're going to have to get through that to escape this maze.\n\nThere's an unfamiliar machine on the road to the chamber.\n\nIt must be a raffle machine La Manchaland used during event periods.\n\n<i>A little bit of blood for something very useful!</i>\n\nThere's an advertisement written in elaborate typography.\n\nMaybe we'll be able to find 'something very useful' in there?",
            "options": [
                {
                    "message": "Pay with Blood to enter the raffle.",
                    "messageDesc": "A random Sinner loses HP. Random chance to gain an E.G.O Gift",
                    "result": [
                        "When the Sinner pays with their blood, the raffle machine begins to whir loudly.\n\n<i>You get... nothing!</i>\n\nWith a sad jingle, the machine comes to a slow stop before falling silent.\n\nThe chances of pulling what we want is probably pretty low.",
                        "When the Sinner pays with their blood, the raffle machine begins to whir loudly.\n\n<i>YOU WIN! YOU WIN!</i>\n\nA loud, jolly jingle plays, and a cube-shaped crystal made of blood rolls out of the machine.\n\nIt might be useful for something."
                    ]
                },
                {
                    "message": "Destroy the raffle machine.",
                    "messageDesc": "...",
                    "result": [
                        "It wasn't like there was anyone around to stop us.\n\nWhy pay with Sinners' blood to activate this raffle machine?\n\nCan't we just crack the thing open and take the prize in there?\n\nI order the Sinners to break the machine, and some Sinners were all too happy to oblige.\n\nThe machine begins to warp into a bizarre shape—then a massive peccatulum appears before us."
                    ]
                },
                {
                    "message": "Leave.",
                    "result": [
                        "I doubt there's anything that's useful for us in there.\n\nWe decided to ignore the raffle machine and keep moving forward."
                    ]
                }
            ]
        },
        {
            "id": 1070201,
            "name": "",
            "subDesc": "",
            "desc": "A little bit of blood didn't give us anything.\n\nIs the advertisement text lying to us?\n\nOr maybe we were just unlucky.\n\nWhat should we do?",
            "options": [
                {
                    "message": "Pay with Blood to enter the raffle.",
                    "messageDesc": "A random Sinner loses HP. Random chance to gain an E.G.O Gift",
                    "result": [
                        "When the Sinner pays with their blood, the raffle machine begins to whir loudly.\n\n<i>You get... nothing!</i>\n\nWith a sad jingle, the machine comes to a slow stop before falling silent.\n\nThe chances of pulling what we want is probably pretty low.",
                        "When the Sinner pays with their blood, the raffle machine begins to whir loudly.\n\n<i>YOU WIN! YOU WIN!</i>\n\nA loud, jolly jingle plays, and a cube-shaped crystal made of blood rolls out of the machine.\n\nIt might be useful for something."
                    ]
                },
                {
                    "message": "Destroy the raffle machine.",
                    "messageDesc": "...",
                    "result": [
                        "It wasn't like there was anyone around to stop us.\n\nWhy pay with Sinners' blood to activate this raffle machine?\n\nCan't we just crack the thing open and take the prize in there?\n\nI order the Sinners to break the machine, and some Sinners were all too happy to oblige.\n\nThe machine begins to warp into a bizarre shape—then a massive peccatulum appears before us."
                    ]
                },
                {
                    "message": "Leave.",
                    "result": [
                        "I doubt there's anything that's useful for us in there.\n\nWe decided to ignore the raffle machine and keep moving forward."
                    ]
                }
            ]
        },
        {
            "id": 10703,
            "name": "",
            "subDesc": "",
            "desc": "\"While the noble Knight and his Squire was on their most wonderful adventure...\"\n\n\"The rest of their Family waited, chewing slowly on what subsistence they were availed.\"\n\n\"Though it is unclear whether all that waiting was worth it.\"\n\nA sarcastic, disembodied narration echoes from somewhere.\n\nBefore the Sinners, the 'subsistence' that the Family was eating appeared.",
            "options": [
                {
                    "message": "Eat the hemobar. (It is flavorless.)",
                    "result": [
                        ""
                    ]
                },
                {
                    "message": "Leave it.",
                    "result": [
                        "We waited for a while, refusing to eat that thing. The space around us warped and twisted, before opening a path ahead.\n\nThere's no time to rest. Let's keep moving."
                    ]
                }
            ]
        },
        {
            "id": 1070301,
            "name": "",
            "subDesc": "",
            "desc": "\"They gobble down on that dry, flavorless 'food'.\"\n\n\"But their hunger is not the kind to be sated by such supplements.\"\n\n\"Unable to bear that hollow feeling, they tried to eat more of that food.\"\n\n\"As though they were trying to convince themselves that gorging on that thing would free them from this starvation.\"",
            "options": [
                {
                    "message": "Eat the hemobar.",
                    "result": [
                        ""
                    ]
                },
                {
                    "message": "Eat the hemobar.",
                    "result": [
                        ""
                    ]
                },
                {
                    "message": "Stop eating.",
                    "result": [
                        "We waited for a while, refusing to eat that thing. The space around us warped and twisted, before opening a path ahead.\n\nThere's no time to rest. Let's keep moving."
                    ]
                }
            ]
        },
        {
            "id": 1070302,
            "name": "",
            "subDesc": "",
            "desc": "\"Once again, they gobbled up the food.\"\n\n\"They ate, and ate, and ate until they could no longer stuff any more of it into their mouths.\"\n\n\"But oh, how unfortunate... They were <i>still hungry</i>.\"\n\n\"The Family once again witlessly begins to set their table with that flavorless food.\"",
            "options": [
                {
                    "message": "Eat ten hemobars.",
                    "messageDesc": "WARNING) Continuing to eat will result in gaining an E.G.O Gift with a downside",
                    "result": [
                        ""
                    ]
                },
                {
                    "message": "Eat ten hemobars.",
                    "messageDesc": "WARNING) Continuing to eat will result in gaining an E.G.O Gift with a downside",
                    "result": [
                        ""
                    ]
                },
                {
                    "message": "Eat ten hemobars.",
                    "messageDesc": "WARNING) Continuing to eat will result in gaining an E.G.O Gift with a downside",
                    "result": [
                        ""
                    ]
                },
                {
                    "message": "Stop eating.",
                    "result": [
                        "We waited for a while, refusing to eat that thing. The space around us warped and twisted, before opening a path ahead.\n\nThere's no time to rest. Let's keep moving."
                    ]
                }
            ]
        },
        {
            "id": 1070303,
            "name": "",
            "subDesc": "",
            "desc": "\"It seems that they, in their endless naïveté, still believe that they simply haven't eaten enough food.\"\n\n\"Let's see how long this... meaningless banquet lasts.\"",
            "options": [
                {
                    "message": "Keep eating the hemobars.",
                    "messageDesc": "Gain an E.G.O Gift with downsides",
                    "result": [
                        "\"The family ate, and ate, and ate in that desperate wish.\"\n\n\"That this painful hunger might go away.\"\n\n\"What came next was an anticipation, of sorts.\"\n\n\"That maybe, just maybe, this hunger might go away once the Knight and his Squire returns from their adventure.\"\n\n\"But it won't go away.\"\n\n\"It never will.\"\n\nWe begin to feel a sudden, bottomless hunger once the narration ends.\n\nEvery Sinner lurches over from hunger so intense that it became pain.\n\nBut the path opens, without any time for us to fill our stomachs.\n\nNo choice but to keep moving, I suppose."
                    ]
                },
                {
                    "message": "Keep eating the hemobars.",
                    "messageDesc": "Gain an E.G.O Gift with downsides",
                    "result": [
                        "\"The family ate, and ate, and ate in that desperate wish.\"\n\n\"That this painful hunger might go away.\"\n\n\"What came next was an anticipation, of sorts.\"\n\n\"That maybe, just maybe, this hunger might go away once the Knight and his Squire returns from their adventure.\"\n\n\"But it won't go away.\"\n\n\"It never will.\"\n\nWe begin to feel a sudden, bottomless hunger once the narration ends.\n\nEvery Sinner lurches over from hunger so intense that it became pain.\n\nBut the path opens, without any time for us to fill our stomachs.\n\nNo choice but to keep moving, I suppose."
                    ]
                },
                {
                    "message": "Keep eating the hemobars.",
                    "messageDesc": "Gain an E.G.O Gift with downsides",
                    "result": [
                        "\"The family ate, and ate, and ate in that desperate wish.\"\n\n\"That this painful hunger might go away.\"\n\n\"What came next was an anticipation, of sorts.\"\n\n\"That maybe, just maybe, this hunger might go away once the Knight and his Squire returns from their adventure.\"\n\n\"But it won't go away.\"\n\n\"It never will.\"\n\nWe begin to feel a sudden, bottomless hunger once the narration ends.\n\nEvery Sinner lurches over from hunger so intense that it became pain.\n\nBut the path opens, without any time for us to fill our stomachs.\n\nNo choice but to keep moving, I suppose."
                    ]
                },
                {
                    "message": "Keep eating the hemobars.",
                    "messageDesc": "Gain an E.G.O Gift with downsides",
                    "result": [
                        "\"The family ate, and ate, and ate in that desperate wish.\"\n\n\"That this painful hunger might go away.\"\n\n\"What came next was an anticipation, of sorts.\"\n\n\"That maybe, just maybe, this hunger might go away once the Knight and his Squire returns from their adventure.\"\n\n\"But it won't go away.\"\n\n\"It never will.\"\n\nWe begin to feel a sudden, bottomless hunger once the narration ends.\n\nEvery Sinner lurches over from hunger so intense that it became pain.\n\nBut the path opens, without any time for us to fill our stomachs.\n\nNo choice but to keep moving, I suppose."
                    ]
                }
            ]
        },
        {
            "id": 10704,
            "name": "",
            "subDesc": "",
            "desc": "A mass of brambles, its thorns sharp, stands in our way.\n\n\"The Knight and the Squire adventured together for a long, long time.\"\n\n\"They enjoyed so many adventures together.\"\n\n\"Which one of them was the most interesting?\"\n\nThe narration, again.\n\nWhat should we say?",
            "options": [
                {
                    "message": "Forsooth, 'twas the battle against the mountainous giants",
                    "messageDesc": "Gain Wrath and Pride E.G.O resources",
                    "result": [
                        "\"A long, long time ago, the Knight and the Squire warred against the giants.\"\n\n\"But it wasn't very exciting, as it always ended with the Knight's victory.\"\n\n\"What other adventure awaits, one must wonder.\""
                    ]
                },
                {
                    "message": "'Twas the deliverance of a troubled village from evil, verily",
                    "messageDesc": "Gain Lust and Gluttony E.G.O resources",
                    "result": [
                        "\"The Knight and the Squire rescued the troubled village.\"\n\n\"It was so, so easy for them, as they were two mighty beings hiding their true strengths.\"\n\n\"What other adventure awaits, one must wonder.\""
                    ]
                },
                {
                    "message": "Indeed, 'twas the adventure for the helm of Mambrino",
                    "messageDesc": "Gain Gloom and Envy E.G.O resources",
                    "result": [
                        "\"After a long, trying journey, the Knight and the Squire claimed the great helm of Mambrino as their own.\"\n\n\"Clueless about the helm's true powers.\"\n\n\"What other adventure awaits, one must wonder.\""
                    ]
                }
            ]
        }
    ]
}