{
  "dataList": [
    {
      "id": "total_consumed_enkephalin",
      "content": "Total Enkephalin Used"
    },
    {
      "id": "enkephalin_consumption_encourage",
      "content": "Yay! Get to work, Manager! You’ve got a whole lot of Sinners to feed!"
    },
    {
      "id": "attendance_rewards_description_0",
      "content": "Enkephalin spent during the event period will be tallied."
    },
    {
      "id": "attendance_rewards_description_1",
      "content": "Using an Enkephalin Module counts as spending 20 Enkephalin."
    },
    {
      "id": "attendance_rewards_description_2",
      "content": "Daily free entry for Mirror Dungeons does not count toward the tally."
    },
    {
      "id": "april_event_story_popup_title",
      "content": "Rewatch Story"
    },
    {
      "id": "april_event_story_popup_content",
      "content": "Rewatch “A Midspring Night’s Dream”?"
    }
  ]
}