{
  "dataList": [
    {
      "id": "BloodScissor",
      "name": "Lamaforbice Rossosangue",
      "desc": "- Valore Max: 10\n- Stadio 1 Lamaforbice Rosso Sangue\n- Usato per Abilità speciali",
      "summary": "",
      "undefined": "-"
    },
    {
      "id": "BloodScissorTwo",
      "name": "Lamaforbice Rossosangue II",
      "desc": "- Valore Max: 20\n- Stadio 2 Lamaforbice Rosso Sangue\n- Inizio Turno: gain 1 Offense Level Up and 1 Defense Level Down for every 5 Stack\n- Used for certain Skills",
      "summary": "",
      "undefined": "-"
    },
    {
      "id": "BloodScissorThree",
      "name": "Lamaforbice Rossosangue III",
      "desc": "- Valore Max: 30\n- Stadio 3 Lamaforbice Rosso Sangue\n- Turn Start: gain 2 Offense Level Up and 1 Defense Level Down for every 5 Stack\n- Used for certain Skills",
      "summary": "",
      "undefined": "-"
    },
    {
      "id": "BloodDinner",
      "name": "Banchetto di Sangue",
      "desc": "- Valore Massimo: 999\n- Tutto il danno provocato da Sanguinamento in questa zona viene registrato qui\n- Torna a 0 quando si passa ad una zona diversa\n- Questo valore viene condiviso da tutti i personaggi\n- Tra gli alleati, se c'è un Parente di grado superiore che consuma Banchetto di Sangue nello stesso turno, quest'unità non può consumare Banchetto di Sangue finché quell'alleato non lo consuma per primo.",
      "summary": "",
      "undefined": "-"
    },
    {
      "id": "BloodDinner_Accumulation",
      "name": "Banchetto di Sangue Consumato",
      "desc": "- Valore Max: 999\n- Mostra il totale di Banchetto di Sangue consumato in quest'Incontro",
      "summary": "",
      "undefined": "-"
    },
    {
      "id": "FamineBlood_LowMorale",
      "name": "Fame",
      "desc": "- Morale Basso\n- A Inizio Turno: ottiene 1 Lentezza e 3 Potenziamento.",
      "summary": "",
      "undefined": "-"
    },
    {
      "id": "FamineBlood_Panic",
      "name": "Fame",
      "desc": "- Panico\nA Inizio Turno: ottiene 2 Lentezza e 4 Potenziamento.",
      "summary": "",
      "undefined": "-"
    },
    {
      "id": "DuelDeclaration_Camille",
      "name": "Guanto di Sfida - Camille",
      "desc": "- In uno Scontro tra l'unità che ha inflitto lo status e l'unità che l'ha subito, il dichiaratore ha +1 Potere Scontro. Sul Colpo, chi ha inflitto lo status ottiene 1 Rapidità il turno successivo. (4 volte per turno)\n- L'effetto viene rimosso quando Guanto di Sfida viene inflitto ad un altro bersaglio. \n- L'effetto viene rimpiazzato quando un'altra unità infligge un Guanto di sfida differente.",
      "summary": "",
      "undefined": "-"
    },
    {
      "id": "RecklessDuel",
      "name": "Duello Temerario",
      "desc": "A Fine Turno: ottiene 1 Potere Scontro il turno successivo per ogni 10% di PV mancanti. (max 5)\nA Fine Turno: ottiene 1 Lentezza il turno successivo per ogni 10% di PV mancanti. (max 5)",
      "summary": "",
      "undefined": "-"
    },
    {
      "id": "ConcentratedAttack",
      "name": "Attacco Mirato",
      "desc": "Quando usa un'Abilità contro lo stesso Slot che questa unità aveva colpito lo scorso turno, ottiene gli effetti seguenti in base ai turni consecutivi in cui ha colpito lo Slot\n- 1 Colpo consecutivo: Potere Scontro +1\n- 2 Colpi consecutivi: Potere di Base +1\n- 3 Colpi consecutivi: Potere di Base +1, Potere Moneta +1",
      "summary": "",
      "undefined": "-"
    },
    {
      "id": "TrulyWeak",
      "name": "La Debole",
      "desc": "- Infligge -10% Danni",
      "summary": "",
      "undefined": "-"
    },
    {
      "id": "RealPaperBear",
      "name": "Un Vero Orso",
      "desc": "- Mangia le persone. Che Paura!",
      "summary": "",
      "undefined": "-"
    },
    {
      "id": "BloodScissorScars",
      "name": "Lacerazione Profonda",
      "desc": "- Ottiene +3 Sanguinamento e subisce l'effetto di Sanguinamento. Poi perde 1 Conteggio Sanguinamento.\n- Si esaurisce a Fine Turno",
      "summary": "",
      "undefined": "-"
    },
    {
      "id": "LineCutting",
      "name": "Manichino da Cucito",
      "desc": "- ??? dà priorità a questo bersaglio.\n- Si esaurisce a Fine Turno",
      "summary": "",
      "undefined": "-"
    },
    {
      "id": "StarvingBarberOne",
      "name": "Avvizzimento",
      "desc": "- Ha fame di sangue da molto, molto tempo.\n- Perde 15 Livello Offensivo Base\n- Perde 15 Livello Difensivo Base",
      "summary": "",
      "undefined": "-"
    },
    {
      "id": "StarvingBarberTwo",
      "name": "Avvizzimento",
      "desc": "- Ha fame di sangue da molto, molto tempo.\n- Perde 25 Livello Offensivo Base\n- Perde 25 Livello Difensivo Base",
      "summary": "",
      "undefined": "-"
    },
    {
      "id": "BloodShooting",
      "name": "Sputa sangue!!",
      "desc": "Quando muore:\n- Banchetto di Sangue +30\n- ottiene 2 Risorse E.G.O tra quelle meno possedute\n- Il Turno Successivo: tutti gli alleati ottengono 0.1 a tutte le Resistenze Fisiche. Quest'effetto può accumularsi. (max 5)",
      "summary": "",
      "undefined": "-"
    },
    {
      "id": "RighteousFeeling",
      "name": "COSÌ GIUSTO!!",
      "desc": "- Ad ogni Fine Turno: ottiene 1 Rapidità, 3 Aumento Offensivo e 3 Calo Difensivo il Turno Successivo\n- Ottiene 2 Aumento Offensivo in più ogni 3 turni (max 6)\n- A Scontro Vinto, si cura di 3 PS\n- Se Uccide, ottiene 1 Potere Scontro il Turno Successivo (una volta per turno)",
      "summary": "",
      "undefined": "-"
    },
    {
      "id": "DuelDeclarationMeursault",
      "name": "Guanto di Sfida - Meursault",
      "desc": "- In uno Scontro tra l'unità che ha inflitto Guanto di Sfida e l'unità che l'ha subito, il dichiaratore ha +1 Potere Scontro. Sul Colpo, chi ha inflitto lo status ottiene 1 Rapidità il turno successivo. (4 volte per turno)\n- L'effetto viene rimosso quando Guanto di Sfida viene inflitto ad un altro bersaglio. \n- L'effetto viene rimpiazzato quando un'altra unità infligge un Guanto di sfida differente.",
      "summary": "",
      "undefined": "-"
    },
    {
      "id": "ConcentratedAttackMeursault",
      "name": "Attacco Mirato - Meursault",
      "desc": "<Solo negli Incontri Mirati>\nL'unità che ha inflitto questo Attacco Mirato ottiene i seguenti effetti in base alle Stack di Attacco Mirato sullo slot del bersaglio.\n  · 1x Stack: Ottiene Potere Scontro +1\n  · 2x Stack: Ottiene Valore di Base +1\n  · 3x Stack: Ottiene Valore di Base +1 e Potere Moneta +1\n- Gli effetti spariscono se, per un turno, l'unità che ha inflitto l'effetto fallisce nel colpire gli Slot designati con Attacco Mirato.",
      "summary": "",
      "undefined": "-"
    },
    {
      "id": "Duello_LowMorale",
      "name": "Specialista dei Duelli",
      "desc": "- Morale Basso\n- A Inizio Turno: Ottiene 2 Aumento Offensivo. A Scontro Perso, ottiene 1 Calo Difensivo (max 3 per turno). Velocità Minima -1",
      "summary": "",
      "undefined": "-"
    },
    {
      "id": "Duello_Panic",
      "name": "Specialista dei Duelli",
      "desc": "- Panico\n- A Inizio Turno: Ottiene 4 Aumento Offensivo. A Scontro Perso, ottiene 2 Calo Difensivo (max 6 per turno). Velocità Minima -1",
      "summary": "",
      "undefined": "-"
    },
    {
      "id": "RighteousFeelingSancho",
      "name": "Mi assumerò la responsabilità, tra le mie lacrime di sangue.",
      "desc": "- Ottiene 2 Sangue Coagulato in più ogni volta che quest'unità ottiene Sangue Coagulato. (5 volte per turno)\n- Ad ogni Fine Turno: ottiene 2 Rapidità e 3 Aumento Offensivo il Turno Successivo\n- Ottiene 2 Aumento Offensivo in più dopo ogni 3 turni (max 6)\n- A Scontro Vinto, si cura di 3 PS\n- Se Uccide, ottiene 1 Potere Scontro Aumentato il Turno Successivo (una volta per turno)",
      "summary": "",
      "undefined": "-"
    },
    {
      "id": "UnfinishedDreamSancho",
      "name": "In which is recounted the thralldom to blood thicker than water.",
      "desc": "- Gain 2 additional Hardblood every time this unit gains Hardblood. (5 times per turn)\n- At every Turn End: gain 2 Haste and 3 Offense Level Up next turn\n- Gain 2 additional Offense Level Up after every 3 cumulative turns (max 6)\n- On Clash Win, heal 3 PS\n- On Kill, gain 2 Potere Scontro Aumentato next turn (once per turn)",
      "summary": "",
      "undefined": "-"
    },
    {
      "id": "FragmentOfHopeSancho",
      "name": "In cui si parla del banchetto di sangue per la sofferenza della Famiglia.",
      "desc": "Ottiene Potere Scontro Aumentato pari alle Stack\nInfligge +10% danni",
      "summary": "",
      "undefined": "-"
    },
    {
      "id": "FragmentOfHopeTwoSancho",
      "name": "Di come una Sanguimonia deve sopportare la colpa di aver ucciso il Padre da sola.",
      "desc": "- Potere Scontro +4 per ogni valore\n- Applica uno Scudo a sé e agli alleati all'inizio del combattimento\n- Infligge +20% danni\n- Sul Colpo, infligge anche 1 danno fisso",
      "summary": "",
      "undefined": "-"
    }
  ]
}
