{
  "dataList": [
    {
      "id": "ExaminationOfQiu",
      "name": "Un Soffio di Aspettativa",
      "desc": "Non stà dando il massimo.\n- Perde 35 Livello Offensivo di Base, Perde 35 Livello Difensivo di Base\n- Infligge +30% danni con gli Attacchi Incontrastati",
      "summary": ""
    },
    {
      "id": "BurstStop",
      "name": "Anatema 【Ferma】",
      "desc": "Stack di Base: 4\n- Anatema\n- Quando la Lacerazione di questa unità viene attivata e ha 3+ Lentezza, perde 1 Stack\n- Quando perde delle Stack, alza la Soglia di Vacillamento di questa unità di 10\n- A 0 Stack, alza la Soglia di Vacillamento di questa unità quanto la Potenza Lacerazione su di sé, poi si esaurisce\n- ※ Non può ottenere altre Stack di questo effetto quando è già attivo",
      "summary": ""
    },
    {
      "id": "BurstSuppress",
      "name": "Anatema 【Intralcia】",
      "desc": "Stack di Base: 10\n- Anatema\n- Quando questa unità perde delle Stack di Anatema per le loro condizioni, perde 1 Stack (max 4 per turno)\n- A 0 Stack, ottiene 6 Calo Offensivo il turno successivo, poi si esaurisce\n- ※ Non può ottenere altre Stack di questo effetto quando è già attivo",
      "summary": ""
    },
    {
      "id": "BurstWave",
      "name": "Anatema 【Declino】",
      "desc": "Stack di Base: 10\n- Anatema\nQuando l'unità che ha inflitto questo effetto attiva Lacerazione, perde 1 Stack\n- Inoltre perde 1 Stack di Anatema su di sé di tipo casuale escluso questo\n- A 0 Stack, si esaurisce\n- ※ Non può ottenere altre Stack di questo effetto quando è già attivo",
      "summary": ""
    },
    {
      "id": "Teaching",
      "name": "Dialoghi",
      "desc": "Max Stack: 3\n- A Fine Turno: si cura di 5 PS\n- Quando i PV finiscono a 0 durante l'Incontro, si cura fino ai PV max (si attiva tante volte quante le Stack possedute)",
      "summary": ""
    },
    {
      "id": "BurstWeakness",
      "name": "Anatema 【Indebolisci】",
      "desc": "Stack di Base: 5\n- Anatema\n- Se la Velocità del bersaglio è maggiore di questa unità, e se la differenza di Velocità è di 5 o maggiore: quando la sua Lacerazione si attiva, perde 1 Stack\n- Quando perde delle Stack, ottiene 1 Calo Difensivo il turno successivo (1 volta per turno)\n- A 0 Stack, ottiene 3 Calo Difensivo e 1 Lentezza il turno successivo, poi si esaurisce\n- ※ Non può ottenere altre Stack di questo effetto quando è già attivo",
      "summary": ""
    },
    {
      "id": "Qiu_LowMorale",
      "name": "Jia Qiu",
      "desc": "- Morale Basso\n- Infligge +10% danni contro i bersagli che non sono Hong Lu",
      "summary": ""
    },
    {
      "id": "Qiu_Panic",
      "name": "Jia Qiu",
      "desc": "- Panico\n- Infligge +20% danni contro i bersagli che non sono Hong Lu",
      "summary": ""
    },
    {
      "id": "QiuAndHonglu",
      "name": "Nel Mio Cuore...",
      "desc": "- Le Abilità di Hong Lu ottengono +1 Potere Finale\n- A Scontro Vinto, 1 alleato(inclusa questa unità) con meno PS si cura di 5 PS\n- Alla morte di un alleato, gli alleati rimasti A Fine Turno ottengono 1 Attacco Aumentato il turno successivo (1 volta per turno)",
      "summary": ""
    },
    {
      "id": "ProtectStance",
      "name": "Postura Protettiva",
      "desc": "Max Stack: 2\nQuesto effetto non sale di potenza; le Stack estendono solo la durata\nSi riduce di 1 A Fine Turno\nQuando un'unità ottiene questo effetto, ottiene i seguenti effetti il turno successivo:\n- Ottiene 2 Mitigazione\n- Ottiene 5 Provocazione su ognuno degli Slot di questa unità",
      "summary": ""
    },
    {
      "id": "ZiluDebuff",
      "name": "Sete di Sangue Soppressa",
      "desc": "- Perde 20 Livello Offensivo di Base, Perde 20 Livello Difensivo di Base",
      "summary": ""
    },
    {
      "id": "WitheredWood_LowMorale",
      "name": "Mutazione dell'Albero Antico",
      "desc": "- Morale Basso\n- Ottiene 1 Danno Aumentato, 1 Vulnerabilità, e 1 Debolezza a Lacerazione",
      "summary": "",
      "undefined": "-"
    },
    {
      "id": "WitheredWood_Panic",
      "name": "Mutazione dell'Albero Antico",
      "desc": "- Panico\n- Ottiene 2 Danno Aumentato, 2 Vulnerabilità, e 2 Debolezza a Lacerazione",
      "summary": "",
      "undefined": "-"
    },
    {
      "id": "EvilHeart_LowMorale",
      "name": "Cuore Malvagio",
      "desc": "- Morale Basso\nQuando si Scontra con i bersagli che hanno Talismano Funesto, Potere Scontro +2\nA Inizio Turno: ottiene 2 Danno Aumentato e 1 Vulnerabilità",
      "summary": "",
      "undefined": "-"
    },
    {
      "id": "EvilHeart_Panic",
      "name": "Cuore Malvagio",
      "desc": "- Morale Basso\nQuando si Scontra con i bersagli che hanno Talismano Funesto, Potere Scontro +3\nA Inizio Turno: ottiene 3 Danno Aumentato e 2 Vulnerabilità",
      "summary": "",
      "undefined": "-"
    },
    {
      "id": "DeepEvilHeart_LowMorale",
      "name": "Cuore dalla Malvagità Opprimente",
      "desc": "- Morale Basso\nQuando si Scontra con i bersagli che hanno Talismano Funesto, Potere Scontro +2\nA Inizio Turno: ottiene 3 Danno Aumentato e 1 Vulnerabilità",
      "summary": "",
      "undefined": "-"
    },
    {
      "id": "DeepEvilHeart_Panic",
      "name": "Cuore dalla Malvagità Opprimente",
      "desc": "- Morale Basso\nQuando si Scontra con i bersagli che hanno Talismano Funesto, Potere Scontro +3\nA Inizio Turno: ottiene 4 Danno Aumentato e 2 Vulnerabilità",
      "summary": "",
      "undefined": "-"
    },
    {
      "id": "OminousTalisman",
      "name": "Talismano Funesto",
      "desc": "- Max Stack: 10\n- Quando le Stack scendono a 0: subisce danni da Gola e danni ai PS pari alla Potenza Lacerazione su di sé, poi si esaurisce (max danni ai PS: 20)\n- Quando perde i Talismani Funesti, ottiene Potenza Lacerazione pari al numero di Talismani Funesti persi; infine, ottiene metà della Potenza Lacerazione persa come Conteggio Lacerazione arrotondato in basso)\n※ Non può ottenere altre Stack di questo effetto quando è già attivo",
      "summary": "",
      "undefined": "-"
    },
    {
      "id": "RepressedMurderousIntendTwo",
      "name": "Sete di Sangue Nascosta",
      "desc": "Perde 5 Livello Offensivo di Base\nPerde 5 Livello Difensivo di Base",
      "summary": "",
      "undefined": "-"
    },
    {
      "id": "UncontrolledChargeAxe_LowMorale",
      "name": "Controcorrente del Circuito di Carica",
      "desc": "- Morale Basso\nQuando si Scontra con i bersagli che hanno Lacerazione, ottiene +3 Conteggio Carica e 1 Vulnerabilità (2 volte per turno)",
      "summary": "",
      "undefined": "-"
    },
    {
      "id": "UncontrolledChargeAxe_Panic",
      "name": "Controcorrente del Circuito di Carica",
      "desc": "- Panico\nQuando si Scontra con i bersagli che hanno Lacerazione, ottiene +5 Conteggio Carica, 1 Danno Aumentato, e 2 Vulnerabilità (2 volte per turno)",
      "summary": "",
      "undefined": "-"
    },
    {
      "id": "MadFeather",
      "name": "Ali Occhiute",
      "desc": "- Max Stack: 10\n- A Fine Turno: ottiene (Stack / 2) Conteggio Lacerazione e Conteggio Sanguinamento arrotondato in basso)\n- A Fine Turno: perde 1 Stack",
      "summary": "",
      "undefined": "-"
    },
    {
      "id": "MadFeather_LowMorale",
      "name": "Piuma A Doppio Taglio",
      "desc": "- Morale Basso\nA Inizio Turno: ottiene 1 Vulnerabilità e 1 Cure PV Aumentate. Sul Colpo, infligge 1 Lacerazione e 1 Sanguinamento",
      "summary": "",
      "undefined": "-"
    },
    {
      "id": "MadFeather_Panic",
      "name": "Piuma A Doppio Taglio",
      "desc": "-Panico\nA Inizio Turno: ottiene 2 Vulnerabilità e 2 Cure PV Aumentate. Sul Colpo, infligge 1 Lacerazione e 1 Sanguinamento",
      "summary": "",
      "undefined": "-"
    },
    {
      "id": "JarMaster_LowMorale",
      "name": "Ordine di Assalto",
      "desc": "- Morale Basso\nA Inizio Turno: ottiene 1 Vulnerabilità e applica 1 Danno Aumentato a tutti gli alleati",
      "summary": "",
      "undefined": "-"
    },
    {
      "id": "JarMaster_Panic",
      "name": "Ordine di Assalto",
      "desc": "- Panico\nA Inizio Turno: ottiene 2 Vulnerabilità e applica 2 Danno Aumentato a tutti gli alleati",
      "summary": "",
      "undefined": "-"
    },
    {
      "id": "DeepAngry_LowMorale",
      "name": "Risentimento",
      "desc": "- Morale Basso\nQuando si Scontra con i bersagli che hanno Talismano Funesto, Potere Scontro +2\nA Inizio Turno: ottiene 2 Danno Aumentato e 1 Vulnerabilità",
      "summary": "",
      "undefined": "-"
    },
    {
      "id": "DeepAngry_Panic",
      "name": "Risentimento",
      "desc": "- Morale Basso\nQuando si Scontra con i bersagli che hanno Talismano Funesto, Potere Scontro +3\nA Inizio Turno: ottiene 3 Danno Aumentato e 2 Vulnerabilità",
      "summary": "",
      "undefined": "-"
    },
    {
      "id": "TakeBreath_LowMorale",
      "name": "Prendere Fiato",
      "desc": "- Morale Basso\nA Inizio Turno: ottiene 2 Aumento Difensivo e perde 2 Potenza Respiro",
      "summary": "",
      "undefined": "-"
    },
    {
      "id": "TakeBreath_Panic",
      "name": "Prendere Fiato",
      "desc": "- Panico\nA Inizio Turno: ottiene 5 Aumento Difensivo e perde 5 Potenza Respiro",
      "summary": "",
      "undefined": "-"
    }
  ]
}