{
  "dataList": [
    {
      "id": "MD6LimitBaseN",
      "name": "Avversità Crescenti",
      "desc": "",
      "summary": "",
      "undefined": "-"
    },
    {
      "id": "MD6101",
      "name": "Tagliente XII",
      "desc": "Potere Scontro +1, Livello Offensivo +8, Livello Difensivo +3, PV Max +40%, Danni Inflitti +10%, PV Max Boss +30%"
    },
    {
      "id": "MD6102",
      "name": "Resistente XII",
      "desc": "Potere Scontro +1, Livello Offensivo +4, Livello Difensivo +11, PV Max +40%, Danni Inflitti +10%, PV Max Boss +30%"
    },
    {
      "id": "MD6103",
      "name": "Rafforzamento XII",
      "desc": "Potere Scontro +1, Livello Offensivo +6, Livello Difensivo +7, PV Max +35%, Danni Inflitti +10%, PV Max Boss +30%"
    },
    {
      "id": "MD6104",
      "name": "Crescita XII",
      "desc": "Potere Scontro +1, Livello Offensivo +3, Livello Difensivo +3, PV Max +72.5%, Danni Inflitti +10%, PV Max Boss +30%"
    },
    {
      "id": "MD6105",
      "name": "Potere Scontro Aumentato VII",
      "desc": "Potere Scontro +3, Livello Offensivo +2, Livello Difensivo +2, PV Max +42.5%, Danni Inflitti +10%, PV Max Boss +30%"
    },
    {
      "id": "MD6106",
      "name": "Potere Finale Aumentato VII",
      "desc": "Potere Scontro +1, Potere Finale +2, Livello Offensivo +2, Livello Difensivo +2, PV Max +37.5%, Danni Inflitti +10%, PV Max Boss +30%"
    },
    {
      "id": "MD6107",
      "name": "Potere Base Aumentato VII",
      "desc": "Potere Scontro +1, Potere Base +2 Livello Offensivo +2, Livello Difensivo +2, PV Max +32.5%, Danni Inflitti +10%, PV Max Boss +30%"
    },
    {
      "id": "MD6111",
      "name": "Tagliente XIII",
      "desc": "Potere Moneta Positiva +1, Potere Moneta Negativa -1, Livello Offensivo +8, Livello Difensivo +5, PV Max +40%, Danni Inflitti +12.5%, PV Max Boss +30%"
    },
    {
      "id": "MD6112",
      "name": "Resistente XIII",
      "desc": "Potere Moneta Positiva +1, Potere Moneta Negativa -1, Livello Offensivo +5, Livello Difensivo +12, PV Max +42.5%, Danni Inflitti +10%, PV Max Boss +30%"
    },
    {
      "id": "MD6113",
      "name": "Rafforzamento XIII",
      "desc": "Potere Moneta Positiva +1, Potere Moneta Negativa -1, Livello Offensivo +7, Livello Difensivo +7, PV Max +40%, Danni Inflitti +10%, PV Max Boss +30%"
    },
    {
      "id": "MD6114",
      "name": "Crescita XIII",
      "desc": "Potere Moneta Positiva +1, Potere Moneta Negativa -1, Livello Offensivo +3, Livello Difensivo +3, PV Max +80%, Danni Inflitti +10%, PV Max Boss +30%"
    },
    {
      "id": "MD6115",
      "name": "Potere Scontro Aumentato VIII",
      "desc": "Potere Moneta Positiva +1, Potere Moneta Negativa -1, Potere Scontro +2, Livello Offensivo +3, Livello Difensivo +3, PV Max +45%, Danni Inflitti +12.5%, PV Max Boss +30%"
    },
    {
      "id": "MD6116",
      "name": "Potere Finale Aumentato VIII",
      "desc": "Potere Moneta Positiva +1, Potere Moneta Negativa -1, Potere Finale +2, Livello Offensivo +2, Livello Difensivo +2 PV Max +40%, Danni Inflitti +12.5%, PV Max Boss +30%"
    },
    {
      "id": "MD6117",
      "name": "Potere Base Aumentato VIII",
      "desc": "Potere Moneta Positiva +1, Potere Moneta Negativa -1, Potere Base +2, Livello Offensivo +2, Livello Difensivo +2, PV Max +35%, Danni Inflitti +12.5%, PV Max Boss +30%"
    },
    {
      "id": "MD6121",
      "name": "Tagliente XIV",
      "desc": "Livello Offensivo +10, Livello Difensivo +5, PV Max +40%, Danni Inflitti +15%, PV Max Boss +30%"
    },
    {
      "id": "MD6122",
      "name": "Tagliente XIV",
      "desc": "Livello Offensivo +5, Livello Difensivo +15, PV Max +45%, Danni Inflitti +10%, PV Max Boss +30%"
    },
    {
      "id": "MD6123",
      "name": "Rafforzamento XIV",
      "desc": "Livello Offensivo +8, Livello Difensivo +8, PV Max +45%, Danni Inflitti +10%, PV Max Boss +30%"
    },
    {
      "id": "MD6124",
      "name": "Crescita XIV",
      "desc": "Livello Offensivo +3, Livello Difensivo +3, PV Max +90%, Danni Inflitti +10%, PV Max Boss +30%"
    },
    {
      "id": "MD6125",
      "name": "Potere Scontro Aumentato IX",
      "desc": "Potere Scontro +2, Livello Offensivo +4, Livello Difensivo +4, PV Max +45%, Danni Inflitti +15%, PV Max Boss +30%"
    },
    {
      "id": "MD6126",
      "name": "Potere Finale Aumentato IX",
      "desc": "Potere Finale +2, Livello Offensivo +3, Livello Difensivo +3, PV Max +40%, Danni Inflitti +15%, PV Max Boss +30%"
    },
    {
      "id": "MD6127",
      "name": "Potere Base Aumentato IX",
      "desc": "Potere Base +2, Livello Offensivo +3, Livello Difensivo +3, PV Max +35%, Danni Inflitti +15%, PV Max Boss +30%"
    },
    {
      "id": "MD6131",
      "name": "Tagliente XV",
      "desc": "Livello Offensivo +10, Livello Difensivo +5, PV Max +40%, Danni Inflitti +15%, PV Max Boss +40%"
    },
    {
      "id": "MD6132",
      "name": "Resistente XV",
      "desc": "Livello Offensivo +5, Livello Difensivo +15, PV Max +45%, Danni Inflitti +10%, PV Max Boss +40%"
    },
    {
      "id": "MD6133",
      "name": "Rafforzamento XV",
      "desc": "Livello Offensivo +8, Livello Difensivo +8, PV Max +45%, Danni Inflitti +10%, PV Max Boss +40%"
    },
    {
      "id": "MD6134",
      "name": "Crescita XV",
      "desc": "Livello Offensivo +3, Livello Difensivo +3, PV Max +90%, Danni Inflitti +10%, PV Max Boss +40%"
    },
    {
      "id": "MD6135",
      "name": "Potere Scontro Aumentato X",
      "desc": "Potere Scontro +2, Livello Offensivo +4, Livello Difensivo +4, PV Max +45%, Danni Inflitti +15%, PV Max Boss +40%"
    },
    {
      "id": "MD6136",
      "name": "Potere Finale Aumentato X",
      "desc": "Potere Finale +2, Livello Offensivo +3, Livello Difensivo +3, PV Max +40%, Danni Inflitti +15%, PV Max Boss +40%"
    },
    {
      "id": "MD6137",
      "name": "Potere Base Aumentato X",
      "desc": "Potere Base +2, Livello Offensivo +3, Livello Difensivo +3, PV Max +35%, Danni Inflitti +15%, PV Max Boss +40%"
    },
    {
      "id": "MD6141",
      "name": "Tagliente XVI",
      "desc": "Livello Offensivo +10, Livello Difensivo +5, PV Max +40%, Danni Inflitti +15%, PV Max Boss +50%"
    },
    {
      "id": "MD6142",
      "name": "Resistente XVI",
      "desc": "Livello Offensivo +5, Livello Difensivo +15, PV Max +45%, Danni Inflitti +10%, PV Max Boss +50%"
    },
    {
      "id": "MD6143",
      "name": "Rafforzamento XVI",
      "desc": "Livello Offensivo +8, Livello Difensivo +8, PV Max +45%, Danni Inflitti +10%, PV Max Boss +50%"
    },
    {
      "id": "MD6144",
      "name": "Crescita XVI",
      "desc": "Livello Offensivo +3, Livello Difensivo +3, PV Max +90%, Danni Inflitti +10%, PV Max Boss +50%"
    },
    {
      "id": "MD6145",
      "name": "Potere Scontro Aumentato XI",
      "desc": "Potere Scontro +2, Livello Offensivo +4, Livello Difensivo +4, PV Max +45%, Danni Inflitti +15%, PV Max Boss +50%"
    },
    {
      "id": "MD6146",
      "name": "Potere Finale Aumentato XI",
      "desc": "Potere Finale +2, Livello Offensivo +3, Livello Difensivo +3, PV Max +40%, Danni Inflitti +15%, PV Max Boss +50%"
    },
    {
      "id": "MD6147",
      "name": "Potere Base Aumentato XI",
      "desc": "Potere Base +2, Livello Offensivo +3, Livello Difensivo +3, PV Max +35%, Danni Inflitti +15%, PV Max Boss +50%"
    },
    {
      "id": "MD6Limit101",
      "name": "Aumento Livello",
      "desc": "Livelli dei Nemici +3"
    },
    {
      "id": "MD6Limit102",
      "name": "Fragilità",
      "desc": "-10% PV Max di ogni alleato"
    },
    {
      "id": "MD6Limit103",
      "name": "Marchio di Fiamma I",
      "desc": "Fine Turno: tutti gli alleati subiscono 5 danni PV fissi. I danni fissi aumentano di 3 ogni turno. (max 20)"
    },
    {
      "id": "MD6Limit104",
      "name": "Inflazione I",
      "desc": "Raddoppia il costo di ogni servizio del Negozio, tranne il vendere Doni E.G.O"
    },
    {
      "id": "MD6Limit105",
      "name": "Interferenza Ego I",
      "desc": "Raddoppia la quantità di Risorse E.G.O consumate quando si usano le Abilità E.G.O\n(Questa Avversità non interagisce con gli effetti dei Doni E.G.O)"
    },
    {
      "id": "MD6Limit111",
      "name": "Aumento Livello",
      "desc": "Livelli dei Nemici +3"
    },
    {
      "id": "MD6Limit112",
      "name": "Fragilità",
      "desc": "-10% PV Max di ogni alleato"
    },
    {
      "id": "MD6Limit113",
      "name": "Mental Psychosis I",
      "desc": "Fine Turno: tutti gli alleati perdono 3 SP"
    },
    {
      "id": "MD6Limit114",
      "name": "Accelerazione Nervosa I",
      "desc": "Aumenta i valori di Velocità Min e Max di 1 per tutti i nemici"
    },
    {
      "id": "MD6Limit115",
      "name": "Affaticamento PS I",
      "desc": "In combattimento, gli alleati non si possono curare sopra i 35 SP"
    },
    {
      "id": "MD6Limit121",
      "name": "Aumento Livello",
      "desc": "Livelli dei Nemici +3"
    },
    {
      "id": "MD6Limit122",
      "name": "Fragilità",
      "desc": "-10% PV Max di ogni alleato"
    },
    {
      "id": "MD6Limit123",
      "name": "Barriera Vibrazione",
      "desc": "Rimuove la prima Soglia di Vacillamento per tutti i nemici"
    },
    {
      "id": "MD6Limit124",
      "name": "Inflazione II",
      "desc": "Triplica il costo di ogni servizio del Negozio, tranne il vendere Doni E.G.O"
    },
    {
      "id": "MD6Limit125",
      "name": "Interferenza Ego II",
      "desc": "Triplica la quantità di Risorse E.G.O consumate quando si usano le Abilità E.G.O\n(Non interagisce con gli effetti dei Doni E.G.O)\n\n※ Se un'Avversità di grado minore è già presente, sovrascrive quell'effetto"
    },
    {
      "id": "MD6Limit131",
      "name": "Aumento Livello",
      "desc": "Livelli dei Nemici +3"
    },
    {
      "id": "MD6Limit132",
      "name": "Fragilità",
      "desc": "-10% PV Max di ogni alleato"
    },
    {
      "id": "MD6Limit133",
      "name": "Aumento Vitalità",
      "desc": "+30% ai PV Max per tutti i nemici"
    },
    {
      "id": "MD6Limit134",
      "name": "Brutalità",
      "desc": "Potere Moneta Positiva +2, Potere Moneta Negativa -2 per tutti i nemici"
    },
    {
      "id": "MD6Limit135",
      "name": "Marchio di Fiamma II",
      "desc": "Fine Turno: tutti gli alleati subiscono 10 danni PV fissi. I danni fissi aumentano di 5 ogni turno. (max 30)\n\n※ Se un'Avversità di grado minore è già presente, sovrascrive quell'effetto"
    },
    {
      "id": "MD6Limit141",
      "name": "Aumento Livello",
      "desc": "Livelli dei Nemici +3"
    },
    {
      "id": "MD6Limit142",
      "name": "Fragilità",
      "desc": "-10% PV Max di ogni alleato"
    },
    {
      "id": "MD6Limit143",
      "name": "Mental Psychosis II",
      "desc": "Fine Turno: tutti gli alleati perdono 5 SP\n\n※ Se un'Avversità di grado minore è già presente, sovrascrive quell'effetto"
    },
    {
      "id": "MD6Limit144",
      "name": "Accelerazione Nervosa II",
      "desc": "Aumenta i valori di Velocità Min e Max di 2 per tutti i nemici"
    },
    {
      "id": "MD6Limit145",
      "name": "Affaticamento PS II",
      "desc": "In combattimento, gli alleati non si possono curare sopra i 30 SP\n\n※ Se un'Avversità di grado minore è già presente, sovrascrive quell'effetto"
    },
    {
      "id": "DerivativeHugeIrritation",
      "name": "Spirito Implacabile - Shin [剛氣-心]",
      "desc": "- Inizio Turno: ottiene 1 gain 1 Danno Aumentato e 1 Potere Incrementato per ogni 15% dei propri PV mancanti (max 5 di ognuno)\n- Infligge +3 Potenza Vibrazione e +1 Conteggio Vibrazione con le sue Abilità\n- Se la Velocità di questa unità è meggiore del bersaglio di 3 o più, infligge +(Differenza di Velocità x 5)% danni (max 40%)\n- Converte le ultime Monete di 'Doppio Taglio - Scoppia' e 'Triplo Taglio - Esplosione' in Monete Infrangibili",
      "summary": ""
    },
    {
      "id": "GiveMeCandy",
      "iconId": "CandyForCharon",
      "name": "Dolcetto",
      "desc": "Stack Max: 99\n- State nascondendo tutti i dolcetti?",
      "summary": ""
    },
    {
      "id": "HungryCharon",
      "name": "Rabbia Affamata",
      "desc": "Stack Max: 3\nHo fame. Voglio i dolcetti adesso",
      "summary": ""
    },
    {
      "id": "FullCharon",
      "name": "Soddisfazione",
      "desc": "Inizio Turno: per ogni 2 Stack, ottiene 1 Potere Scontro Diminuito (max 5)",
      "summary": ""
    },
    {
      "id": "GiveMeCandy_LowMoral",
      "name": "Dolcetto",
      "desc": "- Morale Basso\n- Quando si scontra con le Identità che hanno [GiveMeCandy], Potere Scontro +3; quando si scontra con altre Identità, Potere Scontro -1",
      "summary": "Il Potere Scontro Fluttua secondo la condizione",
      "undefined": "-"
    },
    {
      "id": "GiveMeCandy_Panic",
      "name": "Dolcetto",
      "desc": "- Panico\n- Quando si scontra con le Identità che hanno [GiveMeCandy], Potere Scontro +5; quando si scontra con altre Identità, Potere Scontro -2",
      "summary": "Il Potere Scontro Fluttua secondo la condizione",
      "undefined": "-"
    },
    {
      "id": "UnfinishedDreamMirror",
      "name": "IN CUI SI RACCONTA DELLA LIBERAZIONE DAL SANGUE PIÙ DENSO DELL'ACQUA",
      "desc": "- Ad Ogni Fine Turno: ottiene 1 Rapidità e 3 Aumento Offensivo il turno successivo\n- Ottiene 2 Aumento Offensivo in più dopo ogni 3 turni (max 6)\n- A Scontro Vinto, si cura di 3 SP\n- Se Uccide, ottiene 1 Potere Scontro Aumentato il turno successivo (1 volta per turno)",
      "summary": "",
      "undefined": "-"
    },
    {
      "id": "UnfinishedDreamSanchoMirror",
      "name": "In cui si racconta della schiavitù del sangue più denso dell'acqua.",
      "desc": "- Ottiene 2 Sangue Coagulato in più ogni volta che quest'unità ottiene Sangue Coagulato. (5 volte per turno)\n- Ad Ogni Fine Turno: ottiene 1 Rapidità e 3 Aumento Offensivo il turno successivo\n- Ottiene 2 Aumento Offensivo in più dopo ogni 3 turni (max 6)\n- A Scontro Vinto, si cura di 3 SP\n- Se Uccide, ottiene 1 Potere Scontro Aumentato il turno successivo (1 volta per turno)",
      "summary": "",
      "undefined": "-"
    },
    {
      "id": "FragmentOfHopeFamilyMirror",
      "name": "O compagni della mia cara figlia",
      "desc": "Potere Scontro +1 per Stack (max 4)\nInfligge +5% danni",
      "summary": "",
      "undefined": "-"
    },
    {
      "id": "FragmentOfHopeTwoFamilyMirror",
      "name": "Sognate il suo sogno con lei al mio posto",
      "desc": "Potere Scontro +2 per ogni Stack (max 8)\n- Applica uno Scudo a sé stesso e a tutti gli alleati a Inizio Combattimento\n- Sul colpo, infligge 1 danno fisso",
      "summary": "",
      "undefined": "-"
    },
    {
      "id": "VerEmergencyCandy",
      "name": "Dolcetto di Scorta",
      "desc": "Fine Turno: a meno del 60% di PV...\nSi cura del 30% di PV, si cura 15 PS, perde 1 Dolcetto di Scorta, e 1 Fame\nA 0 Stack, applica 1 Soddisfazione Incandescente, poi si esaurisce",
      "summary": "",
      "undefined": "-"
    },
    {
      "id": "VerHunger",
      "name": "Fame",
      "desc": "Stack Max: 3\nFine Turno: ottiene 2 Aumento Offensivo e 1 Danno Aumentato il turno successivo per ogni Stack\nAlle Stack massime(3), perde 5% PV a Fine Turno",
      "summary": "",
      "undefined": "-"
    },
    {
      "id": "VerShiningFullness",
      "name": "Soddisfazione Incandescente",
      "desc": "Ottiene 30% PV base per questo Incontro\nInizio Turno: si cura i PV e PS al massimo (1 volta per Incontro)",
      "summary": "",
      "undefined": "-"
    }
  ]
}