{
  "dataList": [
    {
      "id": "MD511",
      "name": "Offense Level Up I",
      "desc": "Offense Level +1"
    },
    {
      "id": "MD512",
      "name": "Defense Level Up",
      "desc": "Defense Level +2"
    },
    {
      "id": "MD513",
      "name": "Resilient I",
      "desc": "Defense Level +1, Max HP +2.5%"
    },
    {
      "id": "MD514",
      "name": "Growth I",
      "desc": "Max HP +5%"
    },
    {
      "id": "MD515",
      "name": "Defense Skill Up",
      "desc": "Defense Skill Final Power +1"
    },
    {
      "id": "MD516",
      "name": "Take Less Damage",
      "desc": "Damage Taken -5%"
    },
    {
      "id": "MD521",
      "name": "Offense Level Up II",
      "desc": "Offense Level +2"
    },
    {
      "id": "MD522",
      "name": "Body Up I",
      "desc": "Offense Level +1, Defense Level +1, Max HP +2.5%"
    },
    {
      "id": "MD523",
      "name": "Keen I",
      "desc": "Offense Level +1, Max HP +5%"
    },
    {
      "id": "MD524",
      "name": "Resilient II",
      "desc": "Defense Level +1, Max HP +7.5%"
    },
    {
      "id": "MD525",
      "name": "Resilient III",
      "desc": "Defense Level +2, Max HP +5%"
    },
    {
      "id": "MD526",
      "name": "Growth II",
      "desc": "Max HP +10%"
    },
    {
      "id": "MD527",
      "name": "Headstrong I",
      "desc": "Damage Taken -7.5%, Damage Dealt +7.5%"
    },
    {
      "id": "MD531",
      "name": "Keen II",
      "desc": "Offense Level +2, Max HP +7.5%"
    },
    {
      "id": "MD532",
      "name": "Keen III",
      "desc": "Offense Level +3, Max HP +5%"
    },
    {
      "id": "MD533",
      "name": "Resilient IV",
      "desc": "Defense Level +3, Max HP +7.5%"
    },
    {
      "id": "MD534",
      "name": "Resilient V",
      "desc": "Defense Level +4, Max HP +5%"
    },
    {
      "id": "MD535",
      "name": "Growth III",
      "desc": "Max HP +15%"
    },
    {
      "id": "MD536",
      "name": "Clash Power Boost",
      "desc": "Clash Power +1, Max HP +7.5%"
    },
    {
      "id": "MD537",
      "name": "Final Power Boost",
      "desc": "Final Power +1, Max HP +5%"
    },
    {
      "id": "MD538",
      "name": "Base Power Boost",
      "desc": "Base Power +1, Max HP +2.5"
    },
    {
      "id": "MD541",
      "name": "Keen IV",
      "desc": "Offense Level +3, Max HP +15%"
    },
    {
      "id": "MD542",
      "name": "Body Up II",
      "desc": "Offense Level +2, Defense Level +3, Max HP +10%"
    },
    {
      "id": "MD543",
      "name": "Body Up III",
      "desc": "Offense Level +3, Defense Level +2, Max HP +10%"
    },
    {
      "id": "MD544",
      "name": "Growth IV",
      "desc": "Max HP +30%"
    },
    {
      "id": "MD545",
      "name": "Clash Power Spurt",
      "desc": "Clash Power +1, Max HP +15%"
    },
    {
      "id": "MD546",
      "name": "Final Power Spurt",
      "desc": "Final Power +1, Max HP +12.5%"
    },
    {
      "id": "MD547",
      "name": "Base Power Spurt",
      "desc": "Base Power +1, Max HP +10%"
    },
    {
      "id": "MD548",
      "name": "Brutality",
      "desc": "Plus Coin Power +1, Minus Coin Power -1"
    },
    {
      "id": "MD549",
      "name": "Headstrong II",
      "desc": "Damage Taken -25%, Damage Dealt +25%"
    },
    {
      "id": "MD5Base",
      "name": "Mounting Trials",
      "desc": ""
    },
    {
      "id": "MD551",
      "name": "Keen V",
      "desc": "Offense Level +4, Max HP +10%, Damage Dealt +5%"
    },
    {
      "id": "MD552",
      "name": "Body Up IV",
      "desc": "Offense Level +3, Defense Level +3, Max HP +7.5%, Damage Dealt +5%"
    },
    {
      "id": "MD553",
      "name": "Body Up V",
      "desc": "Offense Level +4, Defense Level +2, Max HP +5%, Damage Dealt +5%"
    },
    {
      "id": "MD554",
      "name": "Growth V",
      "desc": "Offense Level +1, Max HP +25%, Damage Dealt +5%"
    },
    {
      "id": "MD555",
      "name": "Clash Power Up II",
      "desc": "Clash Power +1, Offense Level +1, Max HP +10%, Damage Dealt +5%"
    },
    {
      "id": "MD556",
      "name": "Final Power Up II",
      "desc": "Final Power +1, Offense Level +1, Max HP +7.5%, Damage Dealt +5%"
    },
    {
      "id": "MD557",
      "name": "Base Power Up II",
      "desc": "Base Power +1, Offense Level +1, Max HP +5%, Damage Dealt +5%"
    },
    {
      "id": "MD558",
      "name": "Brutality II",
      "desc": "Plus Coin Power +1, Minus Coin Power -1, Damage Dealt +5%"
    },
    {
      "id": "MD561",
      "name": "Keen VI",
      "desc": "Offense Level +5, Max HP +10%, Damage Dealt +5%"
    },
    {
      "id": "MD562",
      "name": "Resilient VI",
      "desc": "Offense Level +2, Defense Level +6, Max HP +10%, Damage Dealt +5%"
    },
    {
      "id": "MD563",
      "name": "Body Up VI",
      "desc": "Offense Level +5, Defense Level +2, Max HP +5%, Damage Dealt +5%"
    },
    {
      "id": "MD564",
      "name": "Growth VI",
      "desc": "Offense Level +2, Max HP +25%, Damage Dealt +5%"
    },
    {
      "id": "MD565",
      "name": "Clash Power Up III",
      "desc": "Clash Power +1, Offense Level +2, Max HP +10%, Damage Dealt +5%"
    },
    {
      "id": "MD566",
      "name": "Final Power Up III",
      "desc": "Final Power +1, Offense Level +2, Max HP +7.5%, Damage Dealt +5%"
    },
    {
      "id": "MD567",
      "name": "Base Power Up III",
      "desc": "Base Power +1, Offense Level +2, Max HP +5%, Damage Dealt +5%"
    },
    {
      "id": "MD568",
      "name": "Brutality III",
      "desc": "Plus Coin Power +1, Minus Coin Power -1, Damage Dealt +5%"
    },
    {
      "id": "MD571",
      "name": "Keen VII",
      "desc": "Offense Level +5, Max HP +20%, Damage Dealt +7.5%"
    },
    {
      "id": "MD572",
      "name": "Resilient VII",
      "desc": "Offense Level +2, Defense Level +6, Max HP +20%, Damage Dealt +7.5%"
    },
    {
      "id": "MD573",
      "name": "Body Up VII",
      "desc": "Offense Level +5, Defense Level +2, Max HP +15%, Damage Dealt +7.5%"
    },
    {
      "id": "MD574",
      "name": "Growth VII",
      "desc": "Offense Level +2, Max HP +35%, Damage Dealt +7.5%"
    },
    {
      "id": "MD575",
      "name": "Clash Power Up IV",
      "desc": "Clash Power +1, Offense Level +2, Max HP +20%, Damage Dealt +7.5%"
    },
    {
      "id": "MD576",
      "name": "Final Power Up IV",
      "desc": "Final Power +1, Offense Level +2, Max HP +17.5%, Damage Dealt +7.5%"
    },
    {
      "id": "MD577",
      "name": "Base Power Up IV",
      "desc": "Base Power +1, Offense Level +2, Max HP +15%, Damage Dealt +7.5%"
    },
    {
      "id": "MD578",
      "name": "Brutality IV",
      "desc": "Plus Coin Power +1, Minus Coin Power -1, Damage Dealt +7.5%"
    },
    {
      "id": "MD581",
      "name": "Keen VIII",
      "desc": "Offense Level +6, Max HP +30%, Damage Dealt +7.5%"
    },
    {
      "id": "MD582",
      "name": "Resilient VIII",
      "desc": "Offense Level +3, Defense Level +6, Max HP +30%, Damage Dealt +7.5%"
    },
    {
      "id": "MD583",
      "name": "Body Up VIII",
      "desc": "Offense Level +5, Defense Level +4, Max HP +22.5%, Damage Dealt +7.5%"
    },
    {
      "id": "MD584",
      "name": "Growth VIII",
      "desc": "Offense Level +3, Max HP +45%, Damage Dealt +7.5%"
    },
    {
      "id": "MD585",
      "name": "Clash Power Up V",
      "desc": "Clash Power +2, Offense Level +1, Max HP +25%, Damage Dealt +7.5%"
    },
    {
      "id": "MD586",
      "name": "Final Power Up V",
      "desc": "Final Power +2, Offense Level +1, Max HP +20%, Damage Dealt +7.5%"
    },
    {
      "id": "MD587",
      "name": "Base Power Up V",
      "desc": "Base Power +2, Offense Level +1, Max HP +15%, Damage Dealt +7.5%"
    },
    {
      "id": "MD588",
      "name": "Brutality V",
      "desc": "Plus Coin Power +2, Minus Coin Power -2, Damage Dealt +7.5%"
    },
    {
      "id": "MD591",
      "name": "Keen IX",
      "desc": "Offense Level +8, Max HP +40%, Damage Dealt +10%"
    },
    {
      "id": "MD592",
      "name": "Resilient IX",
      "desc": "Offense Level +3, Defense Level +9, Max HP +40%, Damage Dealt +10%"
    },
    {
      "id": "MD593",
      "name": "Body Up IX",
      "desc": "Offense Level +6, Defense Level +5, Max HP +32.5%, Damage Dealt +10%"
    },
    {
      "id": "MD594",
      "name": "Growth IX",
      "desc": "Offense Level +3, Max HP +72.5%, Damage Dealt +10%"
    },
    {
      "id": "MD595",
      "name": "Clash Power Up VI",
      "desc": "Clash Power +2, Offense Level +2, Max HP +40%, Damage Dealt +10%"
    },
    {
      "id": "MD596",
      "name": "Final Power Up VI",
      "desc": "Final Power +2, Offense Level +2, Max HP +35%, Damage Dealt +10%"
    },
    {
      "id": "MD597",
      "name": "Base Power Up VI",
      "desc": "Base Power +2, Offense Level +2, Max HP +30%, Damage Dealt +10%"
    },
    {
      "id": "MD598",
      "name": "Brutality VI",
      "desc": "Plus Coin Power +2, Minus Coin Power -2, Damage Dealt +10%"
    }
  ]
}