{
  "dataList": [
    {
      "id": "AccumulatedPastSinner",
      "name": "Passato Accumulato",
      "desc": "- Stack Max: 12\n- Inizio Turno: ottiene 1 Potere Scontro Aumentato e 1 Aumento Offensivo per ogni 3 Stack",
      "summary": ""
    },
    {
      "id": "OutisNoHat",
      "name": "Riscossioni Violente",
      "desc": "- Se questa unità ha Rapidità, ottiene +1 Conteggio Vibrazione dalle sue Abilità Base\n- Se la Velocità di questa unità è maggiore del bersaglio, infligge +(Differenza di Velocità x 3)% danni (max 15%)",
      "summary": ""
    }
  ]
}