{
  "dataList": [
    {
      "id": "6SV-009-002",
      "desc": "카세티 피격시",
      "dlg": "Curses, curses!"
    },
    {
      "id": "6SV-009-002-01",
      "desc": "카세티 피격시",
      "dlg": "Curses, curses!"
    },
    {
      "id": "6SV-010-001",
      "desc": "카세티 공격시_1",
      "dlg": "Hah! Kneel!"
    },
    {
      "id": "6SV-010-002",
      "desc": "카세티 공격시_2",
      "dlg": "That's it, know your place..."
    },
    {
      "id": "6SV-010-003-01",
      "desc": "카세티 공격시_3",
      "dlg": "I have you! N-no? S-stay back!"
    },
    {
      "id": "6SV-011-001",
      "desc": "카세티가 전투 중 등장할 때",
      "dlg": "Bow before the master of the kingdom!"
    },
    {
      "id": "6SV-011-002",
      "desc": "카세티가 전투 중 등장할 때",
      "dlg": "The crime of treason deserves death!"
    },
    {
      "id": "6SV-012",
      "desc": "카세티 등장 턴",
      "dlg": "N-no need to fret... Khh! I can do this... They will be quiet once I slaughter them all."
    },
    {
      "id": "6SV-013-001",
      "desc": "카세티 나는… 이 행진의… 왕자이다…! 사용 시",
      "dlg": "Once this march ends... I shall rise a King! To reign over all!"
    },
    {
      "id": "6SV-013-002",
      "desc": "카세티 나는… 이 행진의… 왕자이다…! 사용 시",
      "dlg": "Observe...! For this is the true march of the Prince!"
    },
    {
      "id": "6SV-014",
      "desc": "카세티 나는… 이 행진의… 왕자이다…! 사용 후 다음 턴",
      "dlg": "It hurts so... But I desire to see... the extent of this power!"
    },
    {
      "id": "6SV-015",
      "desc": "사샤 등장 시",
      "dlg": "Don't they understand? Hah... becoming Bloodbags'll be an improvement, an ascension!"
    },
    {
      "id": "6SV-017_2",
      "desc": "사샤 스킬 사용시",
      "dlg": "Let's get some more blood!!"
    },
    {
      "id": "6SV-017_2-02",
      "desc": "사샤 스킬 사용시",
      "dlg": "Let's get some more blood, ha ha ha...!"
    }
  ]
}