{
  "dataList": [
    {
      "id": "CandyForCharon",
      "name": "Candy?",
      "desc": "- Max Value: 1\n- Where's the candy?",
      "summary": "",
      "undefined": "-"
    },
    {
      "id": "TickTockTickTock",
      "name": "Tick-Tock?!",
      "desc": "- Heal 10 SP at Turn End",
      "summary": "",
      "undefined": "-"
    },
    {
      "id": "CandyForCharon_LowMoral",
      "name": "Candy",
      "desc": "- Low Morale\n- When Clashing against Identities with , Clash Power +3; when clashing against other Identities, Clash Power -1",
      "summary": "Conditional Clash Power increase",
      "undefined": "-"
    },
    {
      "id": "CandyForCharon_Panic",
      "name": "Candy",
      "desc": "- Panic\n- When Clashing against Identities with , Clash Power +5; when clashing against other Identities, Clash Power -2",
      "summary": "Conditional Clash Power increase",
      "undefined": "-"
    }
  ]
}