{
  "dataList": [
    {
      "id": "AccumulatedPastSinner",
      "name": "Accumulated Past",
      "desc": "- Max Stack: 12\n- Turn Start: gain 1 Clash Power Up and 1 Offense Level Up for every 3 Stack",
      "summary": ""
    },
    {
      "id": "OutisNoHat",
      "name": "Violent Collections",
      "desc": "- If this unit has Haste, gain +1 more Tremor Count from its Base Skills\n- If this unit's Speed is faster than the target's, deal +(Speed difference x 3)% damage (max 15%)",
      "summary": ""
    }
  ]
}