{
  "dataList": [
    {
      "id": "BloodyHand",
      "name": "Mano Insanguinata",
      "desc": "- Valore Max: 10\n- Valore di Base: 0\n- A 10 Stack: infligge +1 Lacerazione in più Sul Colpo con l'Abilità di quest'unità",
      "summary": "",
      "undefined": "-"
    },
    {
      "id": "BloomingThorns",
      "name": "Spina Fiorita",
      "desc": "- Valore Max: 10\n- Quando subisce danno dalle Abilità, infligge Sanguinamento all'attaccante pari a metà delle Stack di quest'effetto (arrotondato per eccesso)",
      "summary": "Infligge Sanguinamento all'attaccante pari a metà delle Stack",
      "undefined": "-"
    },
    {
      "id": "BloomingThorns_2nd",
      "name": "Spina Intrisa di Sangue",
      "desc": "- Qualsiasi effetto che genererebbe Spina Fiorita, genera invece quest'effetto\n- Valore Max: 10\n- Inizio Turno: ottiene 1 Aumento Offensivo per 3 Stack (max 3)\n- Quando subisce danni dalle Abilità, infligge Sanguinamento all'attaccante pari a metà delle Stack di quest'effetto, poi perde 1 Stack (arrotondato in eccesso)\n- Sul Colpo, infligge +1 Sanguinamento e Conteggio Sanguinamento aggiuntivi con gli effetti delle Abilità di questa unità\n- Quando applica Aumento Offensivo o Aumento Difensivo ad un altro alleato con gli effetti delle Monete delle Abilità, applica anche 1 Potere Scontro Aumentato il turno successivo\n- Tutte le Abilità che consumano Emofagia ottengono Potere Moneta +1",
      "summary": "Infligge Sanguinamento all'attaccante pari alle Stack\nInfligge +1 Potenza e Conteggio Sanguinamento in più\nApplica 1 Potere Scontro Aumentato a tutti gli alleati\nSe l'Abilità consuma Emofagia, Potere Moneta +1",
      "undefined": "-"
    },
    {
      "id": "BloomingThorns_3rd",
      "name": "Spina Composta di Sangue",
      "desc": "- Qualsiasi effetto che genererebbe Spina Fiorita, genera invece quest'effetto\n- Max Value: 10\n- Inizio Turno: ottiene 1 Aumento Offensivo per 2 Stack (max 3)\n- Quando subisce danni dalle Abilità, infligge Sanguinamento all'attaccante pari a metà delle Stack di quest'effetto, poi perde 1 Stack (arrotondato in eccesso)\n- Sul Colpo, infligge +2 Sanguinamento e Conteggio Sanguinamento aggiuntivi con gli effetti delle Abilità di questa unità\n- Quando applica Aumento Offensivo o Aumento Difensivo ad un altro alleato con gli effetti delle Monete delle Abilità, applica anche 2 Potere Scontro Aumentato il turno successivo\n- Tutte le Abilità che consumano Emofagia ottengono Potere Moneta +1 e infliggono +50% danni\n- Quando usa l'Abilità 'La Parata si Ripete per l'Eternità', invece di curarsi i PV, si cura di altrettanto come PS",
      "summary": "Infligge Sanguinamento all'attaccante pari alle Stack\nInfligge +2 Potenza e Conteggio Sanguinamento in più\nApplica 2 Potere Scontro Aumentato a tutti gli alleati\nSe l'Abilità consuma Emofagia, Potere Moneta +2 e infligge +50% danni",
      "undefined": "-"
    },
    {
      "id": "FestivalFever",
      "name": "Febbre Festiva",
      "desc": "- Max Value: 10\n- Inizio Turno: ottiene 1 Aumento Offensivo per ogni 3 Stack (max 3)\n- Usata per le abilità speciali",
      "summary": "",
      "undefined": "-"
    },
    {
      "id": "IncompleteParade",
      "name": "Parata Imperfetta",
      "desc": "- Max Value: 50\n- Ne ottiene 2 quando una Sacca di Sangue muore\n- Ne ottiene 3 quando un Sanguimonio muore\n- Inizio Turno: ottiene 1 Vulnerabilità ogni volta che questa unità consuma 5 Stack totali",
      "summary": "",
      "undefined": "-"
    },
    {
      "id": "FamineBloodDolci_LowMorale",
      "name": "Briglia del Nichilismo",
      "desc": "- Morale Basso\n- Inizio Turno: ottiene 1 Attacco Aumentato e 3 Calo Difensivo\n- Fine Turno: subisce 5 PS di danni",
      "summary": "Ottiene 1 Attacco Aumentato & 3 Calo Difensivo",
      "undefined": "-"
    },
    {
      "id": "FamineBloodDolci_Panic",
      "name": "Briglia del Nichilismo",
      "desc": "- Panico\n- Inizio Turno: ottiene 2 Attacco Aumentato e 6 Calo Difensivo\n- Fine Turno: si cura di 10 PS",
      "summary": "Ottiene 2 Attacco Aumentato & 6 Calo Difensivo",
      "undefined": "-"
    },
    {
      "id": "StarvingDolcineaOne",
      "name": "Avvizzita",
      "desc": "- Ha sete di sangue da molto, molto tempo.\n- Perde 35 Livello Offensivo Base\n- Perde 35 Livello Difensivo Base",
      "summary": "",
      "undefined": "-"
    },
    {
      "id": "StarvingDolcineaServant",
      "name": "Avvizziti",
      "desc": "- Ha sete di sangue da molto, molto tempo.\n- Perde 15 Livello Offensivo Base\n- Perde 15 Livello Difensivo Base",
      "summary": "",
      "undefined": "-"
    },
    {
      "id": "ThornyFall_LowMorale",
      "name": "Spine",
      "desc": "A Scontro Vinto: ottiene 1 Danno Aumentato",
      "summary": "A Scontro Vinto: ottiene 1 Danno Aumentato",
      "undefined": "-"
    },
    {
      "id": "ThornyFall_Panic",
      "name": "Spine",
      "desc": "A Scontro Vinto: ottiene 1 Danno Aumentato\nFine Turno: ottiene 2 Potere Scontro Aumentato il turno successivo",
      "summary": "A Scontro Vinto: ottiene 1 Danno Aumentato",
      "undefined": "-"
    },
    {
      "id": "HonorableDuel_Don",
      "name": "Duello Onorevole",
      "desc": "Delle Storie di Avventura Rammentate\nDiventa immensamemte potente",
      "summary": "",
      "undefined": "-"
    },
    {
      "id": "HonorableDuel_Knight",
      "name": "Duello Onorevole",
      "desc": "Storie di Avventura Rammentate",
      "summary": "",
      "undefined": "-"
    },
    {
      "id": "StarvingPriestOne",
      "name": "Avvizzito",
      "desc": "- Ha sete di sangue da molto, molto tempo.\n- Perde 15 Livello Offensivo Base\n- Perde 15 Livello Difensivo Base",
      "summary": "",
      "undefined": "-"
    },
    {
      "id": "FamineBloodPriestServant_LowMorale",
      "name": "Fame",
      "desc": "- Morale Basso\n- Inizio Turno: ottiene 1 Potere Scontro Aumentato e 3 Calo Difensivo\n- Fine Turno: subisce 5 PS di danni",
      "summary": "",
      "undefined": "-"
    },
    {
      "id": "FamineBloodPriestServant_Panic",
      "name": "Fame",
      "desc": "- Panico\n- Inizio Turno: ottiene 2 Potere Scontro Aumentato e 6 Calo Difensivo\n- Fine Turno: si cura di 10 PS",
      "summary": "",
      "undefined": "-"
    },
    {
      "id": "UnstoppableFunny",
      "name": "Gioia Inarrestabile",
      "desc": "Alla Morte:\n- Si ottiene 1 risorsa E.G.O di ognuna delle 3 risorse E.G.O più scarse\n- Infligge +3 Conteggio Sanguinamento ad un nemico (dà priorità all'unità che ha ucciso questa unità)\n- Tutti gli alleati con 5+ Febbre Festiva ottengono 1 Rapidità il turno successivo\n- Tutti gli alleati senza Febbre Festiva ottengono 1 Potere Scontro Aumentato",
      "summary": "Si ottiene 1 di ogni 3 diverse risorse E.G.O\nInfligge +3 Conteggio Sanguinamento",
      "undefined": "-"
    }
  ]
}
