{
  "dataList": [
    {
      "id": "ExaminationOfQiu",
      "name": "A Sliver of Anticipation",
      "desc": "He's not giving it his all.\n- Lose 35 Base Offense Level, Lose 35 Base Defense Level\n- Deal +30% damage with Unopposed Attacks",
      "summary": ""
    },
    {
      "id": "BurstStop",
      "name": "Deathrite 【Halt】",
      "desc": "Base Stack: 4\n- Deathrite\n- When getting Rupture triggered while this unit has 3+ Bind, lose 1 Stack\n- When losing Stacks, raise this unit's Stagger Threshold by 10\n- At 0 Stack, raise this unit's Stagger Threshold by Rupture Potency on self, then expires\n- ※ Cannot gain additional Stacks of this effect while it is already active",
      "summary": ""
    },
    {
      "id": "BurstSuppress",
      "name": "Deathrite 【Impede】",
      "desc": "Base Stack: 10\n- Deathrite\n- When this unit loses other Deathrites' Stacks due to their conditions, lose 1 Stack (max 4 per turn)\n- At 0 Stack, gain 6 Offense Level Down for the next turn, then expires\n- ※ Cannot gain additional Stacks of this effect while it is already active",
      "summary": ""
    },
    {
      "id": "BurstWave",
      "name": "Deathrite 【Wane】",
      "desc": "Base Stack: 10\n- Deathrite\nWhen the unit that inflicted this effect triggers Rupture, lose 1 Stack\n- Also lose 1 Stack of a random Deathrite on self, except for this Deathrite\n- At 0 Stack, expires\n- ※ Cannot gain additional Stacks of this effect while it is already active",
      "summary": ""
    },
    {
      "id": "Teaching",
      "name": "Dialogues",
      "desc": "Max Stack: 3\n- Turn End: heal 5 SP\n- When HP drops to 0 during the Encounter, heal up to max HP (activates as many times as this unit has Stacks)",
      "summary": ""
    },
    {
      "id": "BurstWeakness",
      "name": "Deathrite 【Enfeeble】",
      "desc": "Base Stack: 5\n- Deathrite\n- If the target's Speed is faster than this unit's, and if the Speed difference 5 or greater: when getting Rupture triggered, lose 1 Stack\n- When losing Stacks, gain 1 Defense Level Down next turn (once per turn)\n- At 0 Stack, gain 3 Defense Level Down and 1 Bind next turn, then expires\n- ※ Cannot gain additional Stacks of this effect while it is already active",
      "summary": ""
    },
    {
      "id": "Qiu_LowMorale",
      "name": "Jia Qiu",
      "desc": "- Low Morale\n- Deal +10% damage against targets that aren't Hong Lu",
      "summary": ""
    },
    {
      "id": "Qiu_Panic",
      "name": "Jia Qiu",
      "desc": "- Panic\n- Deal +20% damage against targets that aren't Hong Lu",
      "summary": ""
    },
    {
      "id": "QiuAndHonglu",
      "name": "My True Heart...",
      "desc": "- Hong Lu's Skills gain +1 Final Power\n- On Clash Win, 1 ally(including this unit) with the least SP heals 5 SP\n- When an ally dies, remaining allies at Turn End gain 1 Offense Level Up next turn (once per turn)",
      "summary": ""
    },
    {
      "id": "ProtectStance",
      "name": "Protective Stance",
      "desc": "Max Stack: 2\nThis effect does not compound in potency; stacking it only extends its duration\nReduced by 1 at Turn End\nWhen a unit gains this effect, gain the following effects next turn:\n- Gain 2 Protection\n- Gain 5 Aggro to each of this unit's Slots",
      "summary": ""
    },
    {
      "id": "ZiluDebuff",
      "name": "Bloodthirst Suppressed",
      "desc": "- Lose 20 Base Offense Level, Lose 20 Base Defense Level",
      "summary": ""
    },
    {
      "id": "WitheredWood_LowMorale",
      "name": "Eldtree Mutation",
      "desc": "- Low Morale\n- Gain 1 Damage Up, 1 Fragile, and 1 Rupture Fragility",
      "summary": "",
      "undefined": "-"
    },
    {
      "id": "WitheredWood_Panic",
      "name": "Eldtree Mutation",
      "desc": "- Panic\n- Gain 2 Damage Up, 2 Fragile, and 2 Rupture Fragility",
      "summary": "",
      "undefined": "-"
    },
    {
      "id": "EvilHeart_LowMorale",
      "name": "Heart of Evil",
      "desc": "- Low Morale\nWhen Clashing against targets with Omen Talisman, Clash Power +2\nTurn Start: gain 2 Damage Up and 1 Fragile",
      "summary": "",
      "undefined": "-"
    },
    {
      "id": "EvilHeart_Panic",
      "name": "Heart of Evil",
      "desc": "- Low Morale\nWhen Clashing against targets with Omen Talisman, Clash Power +3\nTurn Start: gain 3 Damage Up and 2 Fragile",
      "summary": "",
      "undefined": "-"
    },
    {
      "id": "DeepEvilHeart_LowMorale",
      "name": "Heart of Oppressive Evil",
      "desc": "- Low Morale\nWhen Clashing against targets with Omen Talisman, Clash Power +2\nTurn Start: gain 3 Damage Up and 1 Fragile",
      "summary": "",
      "undefined": "-"
    },
    {
      "id": "DeepEvilHeart_Panic",
      "name": "Heart of Oppressive Evil",
      "desc": "- Low Morale\nWhen Clashing against targets with Omen Talisman, Clash Power +3\nTurn Start: gain 4 Damage Up and 2 Fragile",
      "summary": "",
      "undefined": "-"
    },
    {
      "id": "OminousTalisman",
      "name": "Omen Talisman",
      "desc": "- Max Stack: 10\n- When dropping to 0 Stack: take Gluttony damage and SP damage equal to Rupture Potency on self, then expires (max SP damage: 20)\n- When losing Omen Talismans, gain Rupture Potency equal to the number of Omen Talismans lost; then, gain half of Rupture Potency lost as Rupture Count (rounded down)\n※ Cannot gain additional Stacks of this effect while it is already active",
      "summary": "",
      "undefined": "-"
    },
    {
      "id": "RepressedMurderousIntendTwo",
      "name": "Concealed Bloodthirst",
      "desc": "Lose 5 Base Offense Level\nLose 5 Base Defense Level",
      "summary": "",
      "undefined": "-"
    },
    {
      "id": "UncontrolledChargeAxe_LowMorale",
      "name": "Charge Circuitry Countercurrent",
      "desc": "- Low Morale\nWhen Clashing against targets with Rupture, gain +3 Charge Count and 1 Fragile (2 times per turn)",
      "summary": "",
      "undefined": "-"
    },
    {
      "id": "UncontrolledChargeAxe_Panic",
      "name": "Charge Circuitry Countercurrent",
      "desc": "- Panic\nWhen Clashing against targets with Rupture, gain +5 Charge Count, 1 Damage Up, and 2 Fragile (2 times per turn)",
      "summary": "",
      "undefined": "-"
    },
    {
      "id": "MadFeather",
      "name": "Eyeball Pinion",
      "desc": "- Max Stack: 10\n- Turn End: gain (Stack / 2) Rupture Count and Bleed Count (rounded down)\n- Turn End: lose 1 Stack",
      "summary": "",
      "undefined": "-"
    },
    {
      "id": "MadFeather_LowMorale",
      "name": "Double-edged Feather",
      "desc": "- Low Morale\nTurn Start: gain 1 Fragile and 1 HP Healing Boost. On Hit, inflict 1 Rupture and 1 Bleed",
      "summary": "",
      "undefined": "-"
    },
    {
      "id": "MadFeather_Panic",
      "name": "Double-edged Feather",
      "desc": "-Panic\nTurn Start: gain 2 Fragile and 2 HP Healing Boost. On Hit, inflict 1 Rupture and 1 Bleed",
      "summary": "",
      "undefined": "-"
    },
    {
      "id": "JarMaster_LowMorale",
      "name": "Charge Order",
      "desc": "- Low Morale\nTurn Start: gain 1 Fragile and apply 1 Damage Up to all allies",
      "summary": "",
      "undefined": "-"
    },
    {
      "id": "JarMaster_Panic",
      "name": "Charge Order",
      "desc": "- Panic\nTurn Start: gain 2 Fragile and apply 2 Damage Up to all allies",
      "summary": "",
      "undefined": "-"
    },
    {
      "id": "DeepAngry_LowMorale",
      "name": "Angst",
      "desc": "- Low Morale\nWhen Clashing against targets with Omen Talisman, Clash Power +2\nTurn Start: gain 2 Damage Up and 1 Fragile",
      "summary": "",
      "undefined": "-"
    },
    {
      "id": "DeepAngry_Panic",
      "name": "Angst",
      "desc": "- Low Morale\nWhen Clashing against targets with Omen Talisman, Clash Power +3\nTurn Start: gain 3 Damage Up and 2 Fragile",
      "summary": "",
      "undefined": "-"
    },
    {
      "id": "TakeBreath_LowMorale",
      "name": "Catching Breath",
      "desc": "- Low Morale\nTurn Start: gain 2 Defense Level Up and lose 2 Poise Potency",
      "summary": "",
      "undefined": "-"
    },
    {
      "id": "TakeBreath_Panic",
      "name": "Catching Breath",
      "desc": "- Panic\nTurn Start: gain 5 Defense Level Up and lose 5 Poise Potency",
      "summary": "",
      "undefined": "-"
    }
  ]
}