{
  "dataList": [
    {
      "id": "battle_react_400005_1",
      "desc": "가시춘 패시브 이상",
      "dlg": "I have to reflect upon... none other than myself."
    },
    {
      "id": "battle_react_400005_2",
      "desc": "가시춘 패시브 파우스트",
      "dlg": "Perfect, I know your structure, now!"
    },
    {
      "id": "battle_react_400005_3",
      "desc": "가시춘 패시브 돈키호테",
      "dlg": "This is nothing compared to the trials that Fixer faced...!"
    },
    {
      "id": "battle_react_400005_4",
      "desc": "가시춘 패시브 이스마엘",
      "dlg": "A true leader... never abandons her men."
    },
    {
      "id": "battle_react_400005_5",
      "desc": "가시춘 패시브 그레고르",
      "dlg": "The best strategy... is to not have a war at all!"
    },
    {
      "id": "battle_react_400005_6",
      "desc": "가시춘 패시브 홍루",
      "dlg": "Agh, I had a feeling... Good thing I worked on my intuition."
    },
    {
      "id": "battle_react_400005_7",
      "desc": "가시춘 패시브 뫼르소",
      "dlg": "... Can't let this shake me."
    },
    {
      "id": "battle_react_400005_8",
      "desc": "가시춘 패시브 오티스",
      "dlg": "Now, tell me everything you know."
    },
    {
      "id": "battle_react_400005_9",
      "desc": "가시춘 패시브 료슈",
      "dlg": "What's important is helping them understand just what kind of person I am."
    },
    {
      "id": "battle_react_400005_10",
      "desc": "가시춘 패시브 로쟈",
      "dlg": "Hey, this seems like the perfect chance to say—<i>Jackpot!</i>"
    },
    {
      "id": "battle_react_400005_11",
      "desc": "가시춘 패시브 히스클리프",
      "dlg": "Time to use what we learned together!"
    },
    {
      "id": "battle_react_400005_101",
      "desc": "가시춘 적격 2~3레벨",
      "dlg": "Onward, little by little!"
    },
    {
      "id": "battle_react_400005_102",
      "desc": "가시춘 적격 4~5레벨",
      "dlg": "I'm not afraid anymore!"
    },
    {
      "id": "battle_react_400005_201",
      "desc": "가시춘 적참 2~3레벨",
      "dlg": "No hesitation, in a single flourish...!"
    },
    {
      "id": "battle_react_400005_202",
      "desc": "가시춘 적참 4~5레벨",
      "dlg": "Like the wings of a phoenix!"
    },
    {
      "id": "battle_react_400005_301",
      "desc": "가시춘 적춘 3레벨 1코인",
      "dlg": "Splendid as the blossoms..."
    },
    {
      "id": "battle_react_400005_302",
      "desc": "가시춘 적춘 3레벨 2코인",
      "dlg": "Light as the wind!"
    },
    {
      "id": "battle_react_400005_303",
      "desc": "가시춘 적춘 5레벨 1코인",
      "dlg": "Splendid as the blossoms..."
    },
    {
      "id": "battle_react_400005_304",
      "desc": "가시춘 적춘 5레벨 2코인",
      "dlg": "Light as the wind..."
    },
    {
      "id": "battle_react_400005_305",
      "desc": "가시춘 적춘 5레벨 3코인",
      "dlg": "Yet sharp as a bee's sting!"
    },
    {
      "id": "battle_react_400005_401",
      "desc": "가시춘 수회",
      "dlg": "I just need to observe the entire arc of their move...!"
    },
    {
      "id": "battle_react_400005_402",
      "desc": "가시춘 취수낭랑",
      "dlg": "Emptiness of sound... form... and... mind."
    },
    {
      "id": "battle_react_400005_501",
      "desc": "가시춘 적참",
      "dlg": "Hah! I can read you like an open book...!"
    }
  ]
}