{
  "dataList": [
    {
      "id": "AaCfPcBe",
      "name": "Lutto Profondo",
      "desc": "Infligge 5 danni ai PS Dopo l'Attacco.",
      "summary": "",
      "undefined": "-"
    },
    {
      "id": "AaCfPcBf",
      "name": "Tristezza Legata",
      "desc": "Per una certa condizione, e con 3+ Stack a Fine Turno, tutte le Parti Vacillano il turno successivo.\nSi esaurisce dopo aver applicato 3 Stack alla Parte Catena",
      "summary": "",
      "undefined": "-"
    },
    {
      "id": "AaCfPcBg",
      "name": "Oggetto di Rabbia",
      "desc": "Diventa un bersaglio di priorità per gli attacchi di Heathcliff Dal Cuore Spezzato.\nQuando questa unità viene uccisa, l'effetto si trasferisce su un'altra Identità.",
      "summary": "",
      "undefined": "-"
    },
    {
      "id": "AaCfPcBb",
      "name": "Marchio del Maggiordomo",
      "desc": "Usato per aumentare la Portata Attacco di alcune Abilità Attacco",
      "summary": "",
      "undefined": "-"
    },
    {
      "id": "AaCfPcBc",
      "name": "Tecnica Incatenante",
      "desc": "- Max 3\n- Fine Turno: aumenta di 1\n- Fine Turno: ottiene Lentezza pari alle Stack di questo effetto.\n- Fine Turno: se ha 3 Stack, Vacilla per il resto dell'Incontro.\nNon si esaurisce.",
      "summary": "Ottiene Lentezza pari alle Stack il turno successivo.\nSe ha 3 Stack, Vacilla per il resto dell'Incontro.",
      "undefined": "-"
    },
    {
      "id": "AaCfPcBh",
      "name": "Furia Dolorosa",
      "desc": "Se l'attaccante ha Ira Esplosiva, subisce +100% danni",
      "undefined": "-"
    },
    {
      "id": "AaCfPcBm",
      "name": "Fulmine del Tormento",
      "desc": "- Scontro Vinto: Infligge Cuore da Spezzare e infligge 7 danni ai PV.\n- Scontro Perso o Dopo un'Attacco Incontrastato: ottiene Cuore da Spezzare e subisce 7 danni ai PV.\n- Ridotto di 1 a Fine Abilità",
      "undefined": "-"
    },
    {
      "id": "AaCfPcBn",
      "name": "Cuore da Spezzare",
      "desc": "- Ogni Resistenza a Affinità Peccato sale di (Stack x 0.2)\n- A 3 Stack, Vacilla.",
      "undefined": "-"
    },
    {
      "id": "AaCfPcBp",
      "name": "Coraggio di Avvicinarsi",
      "desc": "- Fine Turno: Si cura di 10 PS\n- Ottiene 3 Attacco Aumentato e 5 Mitigazione ogni turno\n- Se subisce un attacco, si cura di 5 PS. Ottiene 1 Livello Offensivo il turno successivo. (3 volte per turno)\n- Inizio Turno: Se a meno di 0 PS, ottiene 3 Attacco Aumentato.\n- Finché ci sono 1 o più alleati ancora in vita in questo Incontro, i PV di Heathcliff non scendono sotto 1.\nLe Abilità di Ritirata di questa unità non si attivano per la durata di questo Incontro.",
      "undefined": "-"
    },
    {
      "id": "AaCfPcBo",
      "name": "Determinazione",
      "desc": "- Fine Turno: Si cura di 10 PS. Se subisce un attacco, si cura di 5 PS. Ottiene 1 Livello Offensivo il turno successivo. (3 volte per turno)\n- Inizio Turno: Se a meno di 0 PS, ottiene 3 Attacco Aumentato.\n- Finché ci sono 1 o più alleati ancora in vita in questo Incontro, i PV di Heathcliff non scendono sotto 1.\nLe Abilità di Ritirata di questa unità non si attivano per la durata di questo Incontro.",
      "undefined": "-"
    },
    {
      "id": "AaCfPcBq",
      "name": "Cuore Infranto",
      "desc": "- Velocità Max +2\n- Ottiene 3 Danno Aumentato e 3 Vulnerabilità ogni turno\n- Se il bersaglio principale è Heathcliff, l'Abilità Attacco ottiene Potere Finale +2\n- Scontro Perso contro Heathcliff: ottiene 3 Lentezza e 3 Danno Ridotto il turno successivo",
      "undefined": "-"
    },
    {
      "id": "AaCfPcBr",
      "name": "Possa... Destarsi In Mezzo Ai Tormenti!",
      "desc": "Potere Scontro -6 in uno Scontro contro i bersagli con Fulmine del Tormento",
      "undefined": "-"
    },
    {
      "id": "AaCfPcBi",
      "name": "Supertermogenesi",
      "desc": "Fine Turno: Subisce danni fissi in base alle Stack e perde quest'effetto",
      "undefined": "-"
    },
    {
      "id": "Unobservable",
      "name": "Inosservabile",
      "desc": "",
      "undefined": "-"
    },
    {
      "id": "AaCfPcBs",
      "name": "Andatevene",
      "desc": "Valore Scudo Rimanente: {0}",
      "undefined": "-"
    },
    {
      "id": "RageResonance",
      "name": "Ira Domata",
      "desc": "Fine Turno: ottiene {0} Aumento Offensivo il turno successivo (l'effetto si intensifica ogni turno)",
      "undefined": "-"
    }
  ]
}
