{
  "dataList": [
    {
      "id": "CandyForCharon",
      "name": "Dolcetti?",
      "desc": "- Valore Max: 1\n- Dove sono i dolcetti?",
      "summary": "",
      "undefined": "-"
    },
    {
      "id": "TickTockTickTock",
      "name": "Tick-Tock?!",
      "desc": "- Si cura di 10 PS a Fine Turno",
      "summary": "",
      "undefined": "-"
    },
    {
      "id": "CandyForCharon_LowMoral",
      "name": "Dolcetto",
      "desc": "- Morale Basso\n- Quando si Scontra con le Identità con Dolcetto, Potere Scontro +3; quando si Scontra con le altre Identità, Potere Scontro -1",
      "summary": "Il Potere Scontro Fluttua secondo la condizione",
      "undefined": "-"
    },
    {
      "id": "CandyForCharon_Panic",
      "name": "Dolcetto",
      "desc": "- Panico\n- Quando si Scontra con le Identità con Dolcetto, Potere Scontro +5; quando si Scontra con le altre Identità, Potere Scontro -2",
      "summary": "Il Potere Scontro Fluttua secondo la condizione",
      "undefined": "-"
    }
  ]
}