{
  "dataList": [
    {
      "id": "AreaAtk",
      "name": "Attacco Massivo",
      "desc": "Bersaglia 2 o più nemici."
    },
    {
      "id": "Enhancement",
      "name": "Potenziamento",
      "desc": "Le Abilità Offensive ottengono Potere finale in base agli effetti delle Stack per un turno."
    },
    {
      "id": "Agility",
      "name": "Rapidità",
      "desc": "La Velocità aumenta in base agli effetti delle Stack per un turno."
    },
    {
      "id": "Endurance",
      "name": "Resistenza",
      "desc": "Le Abilità Difensive ottengono Potere finale in base agli effetti delle Stack per un turno."
    },
    {
      "id": "Reduction",
      "name": "Fiacchezza",
      "desc": "Le Abilità Offensive perdono Potere finale in base agli effetti delle Stack per un turno."
    },
    {
      "id": "Binding",
      "name": "Lentezza",
      "desc": "La Velocità diminuisce in base agli effetti delle Stack per un turno."
    },
    {
      "id": "Vulnerable",
      "name": "Vulnerabilità",
      "desc": "Subisce più danno dalle abilità in base agli effetti delle Stack per un turno. (Max 10)",
      "summary": "+{0}0% Damage Taken"
    },
    {
      "id": "Taunt",
      "name": "Provocazione",
      "desc": ""
    },
    {
      "id": "Stun",
      "name": "Stordimento",
      "desc": ""
    },
    {
      "id": "ElectricShock",
      "name": "Shock",
      "desc": "Subisce più danno in base agli effetti del valore per il turno"
    },
    {
      "id": "Burn",
      "name": "Bruciatura",
      "desc": "Alla fine del turno, subisce danno pari alle Stack, per poi dimezzarle."
    },
    {
      "id": "Bleeding",
      "name": "Sanguinamento",
      "desc": "Quando attacca, subisce danno pari allle (Count)% dei PV correnti, e poi dimezza le Stack."
    },
    {
      "id": "Target",
      "name": "Marchiato",
      "desc": "Bersagliato dal personaggio con la Passiva [Lama Affilata]."
    },
    {
      "id": "SelfHarm_LowMorale",
      "name": "Autolesionismo",
      "desc": "- Morale Basso\n- A inizio Turno: Ottiene 2 Rapidità e 2 Vulnerabilità"
    },
    {
      "id": "SelfHarm_Panic",
      "name": "Autolesionismo",
      "desc": "- Panico\n- A inizio Turno: Perde 10 PV"
    },
    {
      "id": "Blame_LowMorale",
      "name": "Sbotto",
      "desc": "- Morale Basso\n- A inizio Turno: Ottiene 2 Potenziamento e 2 Vulnerabilità"
    },
    {
      "id": "Blame_Panic",
      "name": "Sbotto",
      "desc": "- Panico\n- A inizio Turno: Un alleato casuale perde 20 PS"
    },
    {
      "id": "Charge",
      "name": "Carica",
      "desc": "Risorsa usata da alcune abilità per effetti aggiuntivi. Le Stack possono arrivare ad un massimo di 20. Perde 1 Stack alla fine di ogni turno."
    },
    {
      "id": "DamageOverTime",
      "name": "Danno Nel tempo",
      "desc": "Subisce danno pari all'effetto delle Stack all'inizio del turno."
    },
    {
      "id": "ResultEnhancement",
      "name": "Potere Incrementato",
      "desc": "Le Abilità ottengono Potenza Finale in base alle Stack per un turno.",
      "summary": "Potenza Finale dell'abilità +{0}"
    },
    {
      "id": "Protection",
      "name": "Mitigazione",
      "desc": "Subisce meno danni dalle abilità in base alle Stack per un turno (Max 10)",
      "summary": "-{0}0% Danni Subiti"
    },
    {
      "id": "AttackDmgUp",
      "name": "Danno Aumentato",
      "desc": "Infligge più danno con le abilità in base alle Stack per un turno. (Max 10)",
      "summary": "+{0}0% Danni Inflitti"
    },
    {
      "id": "DefenseUp",
      "name": "Aumento Difensivo",
      "desc": "Il Livello Difensivo incrementa in base alla Potenza dell'effetto per un turno.",
      "summary": "Defense Level +{0}"
    },
    {
      "id": "PlusCoinValueUp",
      "name": "Alza Testa Positiva",
      "desc": "Aumenta il valore ottenuto con Monete Positive in base alle Stack."
    },
    {
      "id": "MinusCoinValueUp",
      "name": "Abbassa Testa Negativa",
      "desc": "Abbassa il valore ottenuto con Monete Negative in base alle Stack."
    },
    {
      "id": "TimesCoinValueUp",
      "name": "Alza Testa Moltiplicativa",
      "desc": "Aumenta il valore ottenuto con Monete Moltiplicative in base alle Stack."
    },
    {
      "id": "Disarming",
      "name": "Esposizione",
      "desc": "Il Valore Finale delle Abilità Difensive perdono Potere in base alle Stack per un turno."
    },
    {
      "id": "ResultReduction",
      "name": "Strenuo",
      "desc": "Tutte le abilità perdono Valore Finale in base alle Stack per un turno.",
      "summary": "Valore Finale Abilità -{0}"
    },
    {
      "id": "AttackDmgDown",
      "name": "Danno Ridotto",
      "desc": "Infligge meno danni con le abilità in base alle Stack per un turno. (Max 10)",
      "summary": "-{0}0% Danno Inflitto"
    },
    {
      "id": "DefenseDown",
      "name": "Calo Difensivo",
      "desc": "Il Livello Difensivo viene ridotto in base alla Potenza dell'effetto per un turno.",
      "summary": "Livello Difensivo -{0}"
    },
    {
      "id": "Paralysis",
      "name": "Paralisi",
      "desc": "Fissa il Valore delle Monete a 0 per un turno."
    },
    {
      "id": "PlusCoinValueDown",
      "name": "Abbassa Testa Positiva",
      "desc": "Diminuisce il valore ottenuto con Monete Positive in base alle Stack."
    },
    {
      "id": "MinusCoinValueDown",
      "name": "Alza Testa Negativa",
      "desc": "Alza il valore ottenuto con Monete Negative in base alle Stack."
    },
    {
      "id": "TimesCoinValueDown",
      "name": "Abbassa Testa Moltiplicativa",
      "desc": "Diminuisce il valore ottenuto con Monete Moltiplicative in base alle Stack."
    },
    {
      "id": "MoonLight",
      "name": "Chiaro Di Luna",
      "desc": "Risorsa usata da alcune abilità per effetti aggiuntivi."
    },
    {
      "id": "Anger",
      "name": "Rabbia",
      "desc": "Spesa da alcune abilità. Richiesta per usare alcune abilità."
    },
    {
      "id": "Inactible",
      "name": "Immobile",
      "desc": "Non agisce per questo turno."
    },
    {
      "id": "Combustion",
      "name": "Bruciatura",
      "desc": "Alla fine del turno, subisce danni fissi in base alla Potenza dell'effetto.\nInfine, riduce le Stack di 1."
    },
    {
      "id": "Laceration",
      "name": "Sanguinamento",
      "desc": "Quando viene lanciata una Moneta offensiva, subisce danni fissi in base alla Potenza dell'effetto.\nInfine, riduce le Stack di 1."
    },
    {
      "id": "Vibration",
      "name": "Vibrazione",
      "desc": "Quando viene colpito da un attacco che causa Scoppio Vibrazione, aumenta la Soglia di Vacillamento in base alla Potenza dell'effetto.\nAlla fine del turno, riduce le Stack di 1."
    },
    {
      "id": "Burst",
      "name": "Lacerazione",
      "desc": "Quando viene colpito, subisce danni fissi in base alla Potenza dell'effetto.\nInfine, riduce le Stack di 1."
    },
    {
      "id": "Sinking",
      "name": "Pianto",
      "desc": "Quando viene colpito da un attacco, subisce danni fissi ai PS in base alla Potenza dell'effetto.\n(Le Unità senza Sanità subiscono invece danno da Tristezza.)\nInfine, riduce le Stack di 1."
    },
    {
      "id": "Breath",
      "name": "Respiro",
      "desc": "Sul colpo, aumenta la chance di infliggere un colpo critico in base alla Potenza dell'effetto. Le Stack si riducono di 1 se il colpo critico va a segno.\nAlla fine del turno, riduce le Stack di 1."
    },
    {
      "id": "BloodPocket",
      "name": "Sacca di Sangue",
      "desc": "Usa un'attacco potento dopo aver raggiunto un certo numero di Stack."
    },
    {
      "id": "WaterPocket",
      "name": "Sacca di Fluido",
      "desc": "Cura PV in base alle Stack."
    },
    {
      "id": "DogThunder",
      "name": "Fulmine",
      "desc": "Si potenzia dopo che le Stack arrivano ad un certo numero."
    },
    {
      "id": "Run_Panic",
      "name": "Oppressione",
      "desc": "Non può agire per un turno. Quando viene colpito, scappa dalla battaglia dopo che l'abilità dell'attaccante termina."
    },
    {
      "id": "Operation",
      "name": "Chirurgia",
      "desc": "Muore quando le Stack arrivano a 5.\nRiduce i PV Max del 20% (in base alle Stack).\nInfligge il 20% (in base alle Stack) di danni in più.\nAll'inizio del turno, ottiene Rapidità in base alle Stack."
    },
    {
      "id": "Emergency_Operation",
      "name": "Chirurgia Fai da Te",
      "desc": "Aumenta i PV Max del 25% e il Potere delle abilità di 1 in base alle Stack.\nOgni turno, aumenta le Stack di 1.\nMuore quando le Stack arrivano a 5."
    },
    {
      "id": "BabayagaTimeLimit",
      "name": "Sta Arrivando Baba Yaga!",
      "desc": ""
    },
    {
      "id": "PinkRibbon",
      "name": "Nastri Rosa",
      "desc": "Alla fine del turno, se è a 5+ Potenza, quest'effetto viene rimosso e il turno successivo viene applicato 'Smania'."
    },
    {
      "id": "Greedy",
      "name": "Smania",
      "desc": "All'inizio del turno, ottiene 10 Lentezza.\nTutte le resistenze fisiche cambiano in ‘Fatale'.\nPotere delle Abilità Offensive +2.\nPotere delle Abilità Difensive -2."
    },
    {
      "id": "PinkRibbon_Ishmael",
      "name": "Nastri Rosa",
      "desc": "Le Stack incrementano di 1 ogni volta che l'unità tira una Moneta offensiva.\nAlla fine del turno, infligge Lentezza pari alle Stack, e poi rimuove l'effetto."
    },
    {
      "id": "Muckworm",
      "name": "Vermi",
      "desc": "A fine turno: Subisce danno da Gola pari alle Stack, per poi perderne 1; Stack di Sanguinamento +1."
    },
    {
      "id": "AttackUp",
      "name": "Aumento Offensivo",
      "desc": "Il livello offensivo incrementa in base alla Potenza per un turno."
    },
    {
      "id": "AttackDown",
      "name": "Calo Offensivo",
      "desc": "Il livello offensivo diminuisce in base alla Potenza per un turno."
    },
    {
      "id": "Liu_Meursault_Guard_Buff",
      "name": "Stoico come una montagna",
      "desc": "Quando viene attaccato, infligge +1 Stack di Bruciatura all'attaccante."
    },
    {
      "id": "SlashResistUp",
      "name": "Resistenza a Tagliente",
      "desc": "Diminuisce la Resistenza a Tagliente in base alle Stack.\n(0.1 per Stack)"
    },
    {
      "id": "PenetrateResistUp",
      "name": "Resistenza a Perforante",
      "desc": "Diminuisce la Resistenza a Perforante in base alle Stack.\n(0.1 per Stack)"
    },
    {
      "id": "HitResistUp",
      "name": "Resistenza a Contundente",
      "desc": "Diminuisce la Resistenza a Contundente in base alle Stack.\n(0.1 per Stack)"
    },
    {
      "id": "SlashDamageUp",
      "name": "Aumento Danno Tagliente",
      "desc": "Infligge più danni con le abilità Taglienti in base alle Stack per un turno. (Max 10)"
    },
    {
      "id": "PenetrateDamageUp",
      "name": "Aumento Danno Perforante",
      "desc": "Infligge più danni con le abilità Perforanti in base alle Stack per un turno. (Max 10)"
    },
    {
      "id": "HitDamageUp",
      "name": "Aumento Danno Contundente",
      "desc": "Infligge più danni con le abilità Contundenti in base alle Stack per un turno. (Max 10)"
    },
    {
      "id": "SlashResistDown",
      "name": "Debolezza a Tagliente",
      "desc": "Incrementa la Resistenza a Tagliente in base alle Stack.\n(0.1 per Stack)"
    },
    {
      "id": "PenetrateResistDown",
      "name": "Debolezza a Perforante",
      "desc": "Incrementa la Resistenza a Perforante in base alle Stack.\n(0.1 per Stack)"
    },
    {
      "id": "HitResistDown",
      "name": "Debolezza a Contundente",
      "desc": "Incrementa la Resistenza a Contundente in base alle Stack.\n(0.1 per Stack)"
    },
    {
      "id": "SlashDamageDown",
      "name": "Tagliente Depotenziato",
      "desc": "Infligge meno danni con le abilità Taglienti in base alle Stack per un turno. (Max 10)"
    },
    {
      "id": "PenetrateDamageDown",
      "name": "Perforante Depotenziato",
      "desc": "Infligge meno danni con le abilità Perforanti in base alle Stack per un turno. (Max 10)"
    },
    {
      "id": "HitDamageDown",
      "name": "Contundente Depotenziato",
      "desc": "Infligge meno danni con le abilità Contundenti in base alle Stack per un turno. (Max 10)"
    },
    {
      "id": "CrimsonResistDown",
      "name": "Debolezza ad Ira",
      "desc": "Incrementa la Resistenza ad Ira in base alle Stack.\n(0.1 per Stack)"
    },
    {
      "id": "ScarletResistDown",
      "name": "Debolezza a Lussuria",
      "desc": "Incrementa la Resistenza a Lussuria in base alle Stack.\n(0.1 per Stack)"
    },
    {
      "id": "AmberResistDown",
      "name": "Debolezza ad Accidia",
      "desc": "Incrementa la Resistenza ad Accidia in base alle Stack.\n(0.1 per Stack)"
    },
    {
      "id": "ShamrockResistDown",
      "name": "Debolezza a Gola",
      "desc": "Incrementa la Resistenza a Gola in base alle Stack.\n(0.1 per Stack)"
    },
    {
      "id": "AzureResistDown",
      "name": "Debolezza a Tristezza",
      "desc": "Incrementa la Resistenza a Tristezza in base alle Stack.\n(0.1 per Stack)"
    },
    {
      "id": "IndigoResistDown",
      "name": "Debolezza a Superbia",
      "desc": "Incrementa la Resistenza a Superbia in base alle Stack.\n(0.1 per Stack)"
    },
    {
      "id": "VioletResistDown",
      "name": "Debolezza ad Invidia",
      "desc": "Incrementa la Resistenza ad Invidia in base alle Stack.\n(0.1 per Stack)"
    },
    {
      "id": "CrimsonResistUp",
      "name": "Resistenza ad Ira",
      "desc": "Riduce la Resistenza ad Ira in base alle Stack.\n(0.1 per Stack)"
    },
    {
      "id": "ScarletResistUp",
      "name": "Resistenza a Lussuria",
      "desc": "Riduce la Resistenza a Lussuria in base alle Stack.\n(0.1 per Stack)"
    },
    {
      "id": "AmberResistUp",
      "name": "Resistenza ad Accidia",
      "desc": "Riduce la Resistenza ad Accidia in base alle Stack.\n(0.1 per Stack)"
    },
    {
      "id": "ShamrockResistUp",
      "name": "Resistenza a Gola",
      "desc": "Riduce la Resistenza a Gola in base alle Stack.\n(0.1 per Stack)"
    },
    {
      "id": "AzureResistUp",
      "name": "Resistenza a Tristezza",
      "desc": "Riduce la Resistenza a Tristezza in base alle Stack.\n(0.1 per Stack)"
    },
    {
      "id": "IndigoResistUp",
      "name": "Resistenza a Superbia",
      "desc": "Riduce la Resistenza a Superbia in base alle Stack.\n(0.1 per Stack)"
    },
    {
      "id": "VioletResistUp",
      "name": "Resistenza ad Invidia",
      "desc": "Riduce la Resistenza ad Invidia in base alle Stack.\n(0.1 per Stack)"
    },
    {
      "id": "CrimsonDamageDown",
      "name": "Ira Depotenziata",
      "desc": "Infligge meno danni con le abilità Ira in base alle Stack per un turno. (Max 10)"
    },
    {
      "id": "ScarletDamageDown",
      "name": "Lussuria Depotenziata",
      "desc": "Infligge meno danni con le abilità Lussuria in base alle Stack per un turno. (Max 10)"
    },
    {
      "id": "AmberDamageDown",
      "name": "Accidia Depotenziata",
      "desc": "Infligge meno danni con le abilità Accidia in base alle Stack per un turno. (Max 10)"
    },
    {
      "id": "ShamrockDamageDown",
      "name": "Gola Depotenziata",
      "desc": "Infligge meno danni con le abilità Gola in base alle Stack per un turno. (Max 10)"
    },
    {
      "id": "AzureDamageDown",
      "name": "Tristezza Depotenziata",
      "desc": "Infligge meno danni con le abilità Tristezza in base alle Stack per un turno. (Max 10)"
    },
    {
      "id": "IndigoDamageDown",
      "name": "Superbia Depotenziata",
      "desc": "Infligge meno danni con le abilità Superbia in base alle Stack per un turno. (Max 10)"
    },
    {
      "id": "VioletDamageDown",
      "name": "Invidia Depotenziata",
      "desc": "Infligge meno danni con le abilità Invidia in base alle Stack per un turno. (Max 10)"
    },
    {
      "id": "CrimsonDamageUp",
      "name": "Ira Potenziata",
      "desc": "Infligge più danni con le abilità Ira in base alle Stack per un turno. (Max 10)"
    },
    {
      "id": "ScarletDamageUp",
      "name": "Lussuria Potenziata",
      "desc": "Infligge più danni con le abilità Lussuria in base alle Stack per un turno. (Max 10)"
    },
    {
      "id": "AmberDamageUp",
      "name": "Accidia Potenziata",
      "desc": "Infligge più danni con le abilità Accidia in base alle Stack per un turno. (Max 10)"
    },
    {
      "id": "ShamrockDamageUp",
      "name": "Gola Potenziata",
      "desc": "Infligge più danni con le abilità Gola in base alle Stack per un turno. (Max 10)"
    },
    {
      "id": "AzureDamageUp",
      "name": "Tristezza Potenziata",
      "desc": "Infligge più danni con le abilità Tristezza in base alle Stack per un turno. (Max 10)"
    },
    {
      "id": "IndigoDamageUp",
      "name": "Superbia Potenziata",
      "desc": "Infligge più danni con le abilità Superbia in base alle Stack per un turno. (Max 10)"
    },
    {
      "id": "VioletDamageUp",
      "name": "Invidia Potenziata",
      "desc": "Infligge più danni con le abilità Invidia in base alle Stack per un turno. (Max 10)"
    },
    {
      "id": "Curse",
      "name": "Maledizione",
      "desc": "A fine turno: Il turno successivo, ottiene casualmente un'effetto, e poi ne riduce le Stack di 1.\n1 Fiacchezza/1 Esposizione/2 Calo Offensivo/2 Calo Difensivo."
    },
    {
      "id": "AttackDmgUp_Weak",
      "name": "Bonus Punto Debole",
      "desc": "Aumenta il danno degli attacchi contro una resistenza 'Debole' in % ed in base alle Stack.\n(10% per Stack)"
    },
    {
      "id": "Bullet",
      "name": "Munizioni",
      "desc": "Usati da alcune abilità. Alcuni attacchi vengono cancellati se non ci sono Munizioni"
    },
    {
      "id": "Meursault_Last_Remodeling",
      "name": "Impianto Finale",
      "desc": "A inizio Turno: Ottiene 3 Potenziamento, Resistenza, e Rapidità; muore dopo 3 turni."
    },
    {
      "id": "Choice_90103301",
      "name": "Lotta",
      "desc": "Velocità +1 per questa battaglia..",
      "summary": "VEL +1"
    },
    {
      "id": "Choice_90103402",
      "name": "Sollievo",
      "desc": "Velocità +2 per questa battaglia..",
      "summary": "VEL +2"
    },
    {
      "id": "Choice_901001",
      "name": "Propagazione della Fiamma",
      "desc": "Ad inizio Combattimento: Gli alleati senza affinità ad Ira subiscono 5 danni da Ira"
    },
    {
      "id": "Choice_901007",
      "name": "Addio Gentile",
      "desc": "A inizio Turno: Cura 10 PV e PS. (fino a 3 turni)",
      "summary": "PV & PS +10"
    },
    {
      "id": "Choice_901009",
      "name": "Photopia",
      "desc": "Ad inizio Combattimento: Valore Finale Abilità -1.",
      "summary": "Valore finale Abilità -1"
    },
    {
      "id": "Choice_901010",
      "name": "Vuoto",
      "desc": "Ad inizio Combattimento: Gli alleati senza abilità Offensive Lussuria Vacillano."
    },
    {
      "id": "Choice_901019",
      "name": "Contaminazione",
      "desc": "Ad inizio Combattimento: Velocità -2.",
      "summary": "VEL -2"
    },
    {
      "id": "Aggressive",
      "name": "Istinti",
      "desc": "A fine turno, se le Stack sono a 4+, passa ad uno stato 'aggressivo'."
    },
    {
      "id": "Cromer_Target",
      "name": "Sguardo di Colei che Stringe",
      "desc": "Vacilla per un turno. Subisce il +100% di danno in più da Kromer."
    },
    {
      "id": "Poison",
      "name": "Veleno",
      "desc": "Alla fine del turno, subisce danni fissi in base alle Stack, e poi le dimezza."
    },
    {
      "id": "Desire",
      "name": "Pulsione",
      "desc": "A fine turno, se le Stack sono a 5+, subisce 30 danni ai PS, ottiene 2 Fragilità e 10 Lentezza, per poi rimuovere quest'effetto."
    },
    {
      "id": "Assemble",
      "name": "Fanatismo",
      "desc": "Aumenta il Valore Finale delle Abilità contro le unità con Chiodi in base alle Stack per questo turno. (Si applica anche agli scontri)"
    },
    {
      "id": "Nail",
      "name": "Chiodi di N Corp",
      "desc": "All'inizio del turno, ottiene 1 Sanguinamento ed aumenta le Stack di Sanguinamento in base alle Stack di quest'effetto.\nAlla fine del turno, riduce le Stack di 1."
    },
    {
      "id": "BeingGolden",
      "name": "Buccia Dorata",
      "desc": "All'inizio del turno, si cura di 10 PV per Stack."
    },
    {
      "id": "SlashTakeDamageDown",
      "name": "Mitiga Tagliente",
      "desc": "Subisce meno danni dalle abilità Taglienti in base alle Stack per un turno. (Max 10)"
    },
    {
      "id": "PenetrateTakeDamageDown",
      "name": "Mitiga Perforante",
      "desc": "Subisce meno danni dalle abilità Perforanti in base alle Stack per un turno. (Max 10)"
    },
    {
      "id": "HitTakeDamageDown",
      "name": "Mitiga Contundente",
      "desc": "Subisce meno danni dalle abilità Contundenti in base alle Stack per un turno. (Max 10)"
    },
    {
      "id": "CrimsonTakeDamageDown",
      "name": "Mitiga Ira",
      "desc": "Subisce meno danni dalle abilità Ira in base alle Stack per un turno. (Max 10)"
    },
    {
      "id": "ScarletTakeDamageDown",
      "name": "Mitiga Lussuria",
      "desc": "Subisce meno danni dalle abilità Lussuria in base alle Stack per un turno. (Max 10)"
    },
    {
      "id": "AmberTakeDamageDown",
      "name": "Mitiga Accidia",
      "desc": "Subisce meno danni dalle abilità Accidia in base alle Stack per un turno. (Max 10)"
    },
    {
      "id": "ShamrockTakeDamageDown",
      "name": "Mitiga Gola",
      "desc": "Subisce meno danni dalle abilità Gola in base alle Stack per un turno. (Max 10)"
    },
    {
      "id": "AzureTakeDamageDown",
      "name": "Mitiga Tristezza",
      "desc": "Subisce meno danni dalle abilità Tristezza in base alle Stack per un turno. (Max 10)"
    },
    {
      "id": "IndigoTakeDamageDown",
      "name": "Mitiga Superbia",
      "desc": "Subisce meno danni dalle abilità Superbia in base alle Stack per un turno. (Max 10)"
    },
    {
      "id": "VioletTakeDamageDown",
      "name": "Mitiga Invidia",
      "desc": "Subisce meno danni dalle abilità Invidia in base alle Stack per un turno. (Max 10)"
    },
    {
      "id": "SlashTakeDamageUp",
      "name": "Intensifica Tagliente",
      "desc": "Subisce più danni dalle abilità Taglienti in base alle Stack per un turno. (Max 10)"
    },
    {
      "id": "PenetrateTakeDamageUp",
      "name": "Intensifica Perforante",
      "desc": "Subisce più danni dalle abilità Perforanti in base alle Stack per un turno. (Max 10)"
    },
    {
      "id": "HitTakeDamageUp",
      "name": "Intensifica Contundente",
      "desc": "Subisce più danni dalle abilità Contundente in base alle Stack per un turno. (Max 10)"
    },
    {
      "id": "CrimsonTakeDamageUp",
      "name": "Intensifica Ira",
      "desc": "Subisce più danni dalle abilità Ira in base alle Stack per un turno. (Max 10)"
    },
    {
      "id": "ScarletTakeDamageUp",
      "name": "Intensifica Lussuria",
      "desc": "Subisce più danni dalle abilità Lussuria in base alle Stack per un turno. (Max 10)"
    },
    {
      "id": "AmberTakeDamageUp",
      "name": "Intensifica Accidia",
      "desc": "Subisce più danni dalle abilità Accidia in base alle Stack per un turno. (Max 10)"
    },
    {
      "id": "ShamrockTakeDamageUp",
      "name": "Intensifica Gola",
      "desc": "Subisce più danni dalle abilità Gola in base alle Stack per un turno. (Max 10)"
    },
    {
      "id": "AzureTakeDamageUp",
      "name": "Intensifica Tristezza",
      "desc": "Subisce più danni dalle abilità Tristezza in base alle Stack per un turno. (Max 10)"
    },
    {
      "id": "IndigoTakeDamageUp",
      "name": "Intensifica Superbia",
      "desc": "Subisce più danni dalle abilità Superbia in base alle Stack per un turno. (Max 10)"
    },
    {
      "id": "VioletTakeDamageUp",
      "name": "Intensifica Invidia",
      "desc": "Subisce più danni dalle abilità Invidia in base alle Stack per un turno. (Max 10)"
    },
    {
      "id": "NailPersonality",
      "name": "Chiodi",
      "desc": "Sanguinamento Unico\nAd inizio turno: Ottiene 1 Sanguinamento e aumenta le Stack di Sanguinamento in base alle Stack.\nA fine Turno: dimezza le Stack (Arrotondato per difetto)"
    },
    {
      "id": "AssemblePersonality",
      "name": "Fanatismo",
      "desc": "Aumenta il Valore Finale delle Abilità in base alle Stack contro le unità con Chiodi per questo turno. (Si applica anche agli Scontri)"
    },
    {
      "id": "MarkOfHeresy",
      "name": "Sguardo",
      "desc": "Subisce +20% danni in più dalle abilità Perforanti e Contundenti per un turno.\nL'alleato che sconfigge l'unità marchiata si cura di 10 PS; se l'alleato è un 'Fanatismo di N Corp.', applica anche 1 Fanatismo il turno successivo."
    },
    {
      "id": "HitResultUp",
      "name": "Potenzia Contundente",
      "desc": "Il valore finale delle abilità Contundenti aumenta in base alle Stack per un turno."
    },
    {
      "id": "WeaknessAnalysis",
      "name": "Indaga Debolezza",
      "desc": "In modo casuale, una resistenza “Sopporta” o “Normale” viene indebolita [+0.2 al moltiplicatore del danno] per un turno."
    },
    {
      "id": "Cycle",
      "name": "Karma",
      "desc": "Subisce +1% danni per Stack. Alla fine del turno, se le Stack sono a 108+, l'unità muore."
    },
    {
      "id": "Duress",
      "name": "Cattività",
      "desc": "Vacilla per 3 turni.\nA inizio turno: Se Kqe-1j-23 Vacilla, quest'effetto viene rimosso."
    },
    {
      "id": "ShamrockResultUp",
      "name": "Potenzia Gola",
      "desc": "Le Abilità Gola ottengono Valore Finale in base alle Stack per un turno."
    },
    {
      "id": "VioletResultUp",
      "name": "Potenzia Invidia",
      "desc": "Le Abilità Invidia ottengono Valore Finale in base alle Stack per un turno."
    },
    {
      "id": "CyclingKarma",
      "name": "Sequenza Karmica",
      "desc": "Le unità trasferiscono Karma ai loro bersagli dopo che un attacco va a segno.\nIl Karma non si trasferisce a Svuota La Mia Forma finché i suoi alleati sono in vita.",
      "summary": "Karma transferred on Clash win"
    },
    {
      "id": "Cromer_Ecstasy",
      "name": "Estatica",
      "desc": "Tutte le resistenze fisiche delle Fauci cambiano in ‘Fatale'."
    },
    {
      "id": "Cromer_Madness",
      "name": "Purezza",
      "desc": "Tutte le parti ottengono 3 Lentezza e 3 Danni Aumentati, e le loro resistenze fisiche cambiano in ‘Fatale'."
    },
    {
      "id": "TakeHpHealReduce",
      "name": "Cure PV Ridotte",
      "desc": "I PV curati da Passive, effetti delle abilità o delle Monete sono ridotti in base al valore di quest'effetto. (Max 5)"
    },
    {
      "id": "AttackLevelAdder",
      "name": "Livello Offensivo+",
      "desc": "Il Livello Offensivo aumenta in base alle Stack per un turno."
    },
    {
      "id": "Thirst",
      "name": "Languorino",
      "desc": "Aumenta le cure della Passiva [Cucina Creativa].\nL'effetto viene rimosso quando la Passiva si attiva."
    },
    {
      "id": "GainSinStockAdder",
      "name": "Amplifica Risorse E.G.O",
      "desc": "Aumenta la quantità di risorse E.G.O acquisite dalle abilità in base alle Stack per un turno."
    },
    {
      "id": "Enrage",
      "name": "Furore",
      "desc": "Ottiene 3 Potenziamento e 3 Vulnerabilità per un turno, e cambia comportamento. Non ottiene Istinti quando attaccato."
    },
    {
      "id": "DimensionRift",
      "name": "Squarcio Dimensionale",
      "desc": "Alla fine del turno, ottiene Stack di Lacerazioni pari alle Stack di quest'effetto. Infine, rimuove quest'effetto."
    },
    {
      "id": "ShardOfUmbrella",
      "name": "Frammenti d'Ombrello",
      "desc": "Ottiene 5 Lacerazione per Stack a fine turno",
      "summary": "Ottiene 5 Lacerazione per Stack a fine turno"
    },
    {
      "id": "WrappedCurseTag",
      "name": "Talismano Maledetto Intrappolato",
      "desc": "Infligge +1% danni per Stack\nA 9+ Stack, ottiene 2 Fiacchezza a inizio turno",
      "summary": "Infligge +1% danni per Stack; a 9+ Stack, ottiene 2 Fiacchezza a inizio turno"
    },
    {
      "id": "ReattachedCurseTag",
      "name": "Talismano Maledetto Rincollato",
      "desc": "A 9+ Stack, ottiene 5 Lentezza all'inizio del turno.\nA 12+ Stack, ottiene 5 Fiacchezza all'inizio del turno.",
      "summary": "A 9+ Stack, ottiene 5 Lentezza all'inizio del turno.\nA 12+ Stack, ottiene 5 Fiacchezza all'inizio del turno."
    },
    {
      "id": "ElectricStorage",
      "name": "Condensatore",
      "desc": "Sembra stia immagazzinando energia nel suo corpo.",
      "summary": "표시용"
    },
    {
      "id": "SelfCharge",
      "name": "Carica Autonoma",
      "desc": "La corrente elettrica sembra scorrergli per tutto il corpo.\nQuando quest'unità va incontro alla morte, finché possiede Carica-Autonoma, i suoi PV non scenderanno al di sotto di 1. (Max 20)",
      "summary": "표시용"
    },
    {
      "id": "Exalted",
      "name": "Morale Alto",
      "desc": "Ogni turno, ottiene Danni Aumentati in base alle Stack (Max 5)\nNon può ottenere l'effetto mentre ha Ebbrezza.",
      "summary": "Ogni turno, ottiene Danni Aumentati in base alle Stack (Max 5)\nNon può ottenere l'effetto mentre ha Ebbrezza."
    },
    {
      "id": "Tipsiness",
      "name": "Ebbrezza",
      "desc": "Perde Potenza di Scontro in base alle Stack. (Max 5)",
      "summary": "Perde Potenza di Scontro in base alle Stack."
    },
    {
      "id": "Predation",
      "name": "Predazione",
      "desc": "Sembra che stia preparando un attacco potente.",
      "summary": "표시용"
    },
    {
      "id": "ATL_EndureCombustion",
      "name": "Mitiga Bruciatura",
      "desc": "Quando subisce danno da Bruciatura, riduce il danno del 10% per Stack. (Max 10)",
      "summary": "Quando subisce danno da Bruciatura, subisce il 10% di danni in meno per Stack"
    },
    {
      "id": "Resonate",
      "name": "Rimbombo",
      "desc": "Quando innesca Scoppio Vibrazione o aumenta la Soglia di Vacillamento, infligge 3% danni fissi per Stack e aumenta la Soglia di Vacillamento di 3% per Stack.",
      "summary": "Quando innesca Scoppio Vibrazione o aumenta la Soglia di Vacillamento, infligge danno ed aumenta la Soglia di Vacillamento."
    },
    {
      "id": "VibrationAssimilation",
      "name": "Vibrazioni Sincronizzate",
      "desc": "In uno scontro, l'avversario ha -1 potenza di scontro per ogni 5 Vibrazione che possiede.",
      "summary": "In uno scontro, l'avversario ha -1 potenza di scontro per ogni 5 Vibrazione che possiede."
    },
    {
      "id": "CollapseAmpoule",
      "name": "Fiala del Decadimento",
      "desc": "Subisce danno pari al 2% dei suoi PV Max per Stack",
      "summary": "Subisce danno pari al 2% dei PV Max per Stack"
    },
    {
      "id": "InterlockingTime",
      "name": "Deflagrazione Differita",
      "desc": "Riduce il danno finale del 30% e lo immagazzina. A 3 Stack, subisce danno fisso pari a 1.5 volte il danno accumulato, e ottiene 3 Lentezza il prossimo turno.",
      "summary": "Riduce il danno finale del 30% e lo immagazzina. A 3 Stack, subisce danno fisso pari a 1.5 volte il danno accumulato, e ottiene 3 Lentezza il prossimo turno."
    },
    {
      "id": "TimeRental",
      "name": "Prendere Tempo",
      "desc": "Alla fine del turno, ottiene 3 Rapidità e 2 Danni Aumentati; se rimane 1 Stack, ottiene 4 Lentezza e 1 Fiacchezza il prossimo turno.",
      "summary": "Alla fine del turno, ottiene 3 Rapidità e 2 Danni Aumentati; se rimane 1 Stack, ottiene 4 Lentezza e 1 Fiacchezza il prossimo turno."
    },
    {
      "id": "ATL_EndureLaceration",
      "name": "Mitiga Sanguinamento",
      "desc": "Quando subisce danno da Sanguinamento, riduce il danno del 10% per Stack (Max 10)",
      "summary": "Quando subisce danno da Sanguinamento, subisce il 10% di danno in meno per Stack"
    },
    {
      "id": "Bull_Sadness",
      "name": "Tristezza Irrisolta",
      "desc": "Ottiene Fiacchezza in base alle Stack nel prossimo turno.\nAlla fine del turno, se quest'effetto è a 3+ Stack, cambia in Cordoglio Crescente",
      "summary": ""
    },
    {
      "id": "Bull_BuzzingEmotion",
      "name": "Sentimenti Altalenanti",
      "desc": "A inizio turno: Ottiene in modo casuale Fiacchezza, Paralisi, o Lentezza in base alle Stack dell'effetto, in seguito quest'effetto viene rimosso",
      "summary": "A inizio turno: Ottiene in modo casuale Fiacchezza, Paralisi, o Lentezza in base alle Stack dell'effetto, in seguito quest'effetto viene rimosso"
    },
    {
      "id": "Scared",
      "name": "Paura",
      "desc": "A fine turno: Se i PS sono -20 o inferiore, ottiene 1 Mitigazione il prossimo turno",
      "summary": "A fine turno: Se i PS sono -20 o inferiore, ottiene 1 Mitigazione il prossimo turno"
    },
    {
      "id": "Stressed",
      "name": "Stress",
      "desc": "A fine Turno: se  i PS sono -25 o inferiore, ottiene 1 Resistenza il prossmo turno",
      "summary": "A fine Turno: se  i PS sono -25 o inferiore, ottiene 1 Resistenza il prossmo turno"
    },
    {
      "id": "Nervous",
      "name": "Nervosismo",
      "desc": "A fine Turno: se i PS sono -15 o inferiore , ottiene 5 Fortificazione il prossimo turno",
      "summary": "A fine Turno: se i PS sono -15 o inferiore , ottiene 5 Fortificazione il prossimo turno"
    },
    {
      "id": "ATL_Agility",
      "name": "Più Veloce!",
      "desc": "Ottiene 2 Rapidità",
      "summary": "표시용"
    },
    {
      "id": "ATL_Breath",
      "name": "Mira Perfetta!",
      "desc": "Ottiene 3 Respiro",
      "summary": "표시용"
    },
    {
      "id": "ATL_Target",
      "name": "Pigliateli!",
      "desc": "Attaccano la stessa unità assieme",
      "summary": "표시용"
    },
    {
      "id": "Bull_FadedHeat",
      "name": "Calma Momentanea",
      "desc": "Nucleo e Corpo perdono il 50% dei PV Max"
    },
    {
      "id": "Bull_Fever",
      "name": "Febbre",
      "desc": "Infligge +10% danni per Stack\nRiduce di 1 le Stack a fine turno",
      "summary": ""
    },
    {
      "id": "Bull_ReinforcedSadness",
      "name": "Cordoglio Crescente",
      "desc": "Cambia comportamento.",
      "summary": "Cambia comportamento."
    },
    {
      "id": "Crazy_LowMorale",
      "name": "Forsennatezza",
      "desc": "- Morale Basso\n- Quando quest'unità ottiene Morale Basso per la prima volta, bersaglia le altre unità in modo indiscriminato",
      "undefined": "-"
    },
    {
      "id": "Crazy_Panic",
      "name": "Forsennatezza",
      "desc": "- Panico\n- Attacca indiscriminatamente; Potenza di Scontro +1, e ottiene 2 Danni Aumentati",
      "undefined": "-"
    },
    {
      "id": "Suicide_LowMorale",
      "name": "Suicida",
      "desc": "- Morale Bassoe\n- WQuando quest'unità ottiene Morale Basso per la prima volta, non agisce",
      "undefined": "-"
    },
    {
      "id": "Suicide_Panic",
      "name": "Suicida",
      "desc": "- Panico\n- Non può agire per 3 turni. Ad inizio turno, l'unità muore; tutti i suoi alleati perdono 10 PS",
      "undefined": "-"
    },
    {
      "id": "Prowl_LowMorale",
      "name": "Vagabondare",
      "desc": "- Morale Basso\n- A fine Turno: Infligge 2 danni ai PS degli alleati",
      "undefined": "-"
    },
    {
      "id": "Prowl_Panic",
      "name": "Vagabondare",
      "desc": "- Panico\n- A fine Turno: Infligge 5 danni ai PS degli alleati. Fugge dalla battaglia una volta passati 3 turni",
      "undefined": "-"
    },
    {
      "id": "Blue_LowMorale",
      "name": "Sconforto",
      "desc": "- Morale Basso\n- In uno scontro, se qualsiasi moneta fa Croce, Potere di Scontro -1 per lo scontro",
      "undefined": "-"
    },
    {
      "id": "Blue_Panic",
      "name": "Sconforto",
      "desc": "- Panico\n- In uno scontro, se qualsiasi moneta fa Croce, Potere di Scontro -3 per lo scontro",
      "undefined": "-"
    },
    {
      "id": "DongbaekGrow",
      "name": "Crescita",
      "desc": "Alla fine del turno, aumenta di 1 le Stack e ottiene PV massimi in base alle Stack (Max 3)",
      "summary": "Alla fine del turno, aumenta di 1 le Stack e ottiene PV massimi in base alle Stack (Max 3)"
    },
    {
      "id": "DongbaekFlorescence",
      "name": "Fioritura",
      "desc": "A fine Turno: A 5+ Stack, subisce danno da Accidia del (Stack)% dei PV massimi, e passa in fase di Antesi\nSe le Stack sono meno di 5, perde (Stack * 5) PS, e riduce di 1 le Stack",
      "summary": ""
    },
    {
      "id": "DongbaekFullBloom",
      "name": "Antesi",
      "desc": "Non può agire\nAlla fine del turno, perde 20 PS; se i PS raggiungono -45, cura totalmente i PS, ed ottiene 'Mente Frastornata' il prossimo turno.\nSe quest'effetto non viene rimosso per 2 turni, verrà rimosso alla fine del turno.",
      "summary": ""
    },
    {
      "id": "DongbaekFascination",
      "name": "Mente Frastornata",
      "desc": "Colpisce gli alleati\nQuando Vacilla, quest'effetto viene rimosso il prossimo turno.\nSe quest'effetto non viene rimosso in 2 turni, perde 30 PS e l'effetto viene rimosso alla fine del turno",
      "summary": ""
    },
    {
      "id": "DongbaekShowdown",
      "name": "Duello",
      "desc": "A inizio Turno: Le unità senza quest'effetto ottengono 'Antesi'\nSe Yi Sang ha quest'effetto, Dongbaek guadagna 1 Potenziamento",
      "summary": ""
    },
    {
      "id": "DongbaekScatterPetal",
      "name": "Petali Sparsi",
      "desc": "A fine Turno: A 6+ Stack, vacilla",
      "summary": ""
    },
    {
      "id": "Thorn",
      "name": "Spine",
      "desc": "Quando colpito, riflette il 50% dei danni all'attaccante",
      "summary": "Infligge il 50% del danno subito all'attaccante"
    },
    {
      "id": "Fragile_Mind_LowMorale",
      "name": "Mente Pericolosa",
      "desc": "A inizio Turno: Ottiene 2 Potenziamento e 3 Lentezza",
      "summary": "A inizio Turno: Ottiene 2 Potenziamento e 3 Lentezza"
    },
    {
      "id": "Fragile_Mind_Panic",
      "name": "Mente Turbata",
      "desc": "Quando è in panico, vacilla.",
      "summary": "Quando è in panico, vacilla."
    },
    {
      "id": "ErodingMind",
      "name": "Mente Erosa",
      "desc": "A inizio Turno: Ottiene 2 Fiacchezza, 2 Fragilità, e 5 Lentezza",
      "summary": "A inizio Turno: Ottiene 2 Fiacchezza, 2 Fragilità, e 5 Lentezza"
    },
    {
      "id": "CrimsonResultUp",
      "name": "Potenzia Ira",
      "desc": "Le abilità Ira ottengono Valore Finale in base alle Stack per un turno."
    },
    {
      "id": "EmittedCurrent",
      "name": "Scarica di Corrente",
      "desc": "Quando Colpito, l'attaccante ottiene 1 Stack di Carica; quando colpito da un attacco Tristezza, ottiene 1 Stack di Lacerazione, poi riduce le Stack di "
    },
    {
      "id": "DistortedDongrangRadiantVanity",
      "name": "Ostentatezza Radiante",
      "desc": "All'inizio del turno, Dongrang Ottiene 1 Mitigazione e 1 Potenziamento."
    },
    {
      "id": "DistortedDongrangEmptyMark",
      "name": "Marchio Vuoto",
      "desc": "Preso di mira da Dongrang. Ottiene 2 Lentezza ogni turno, e subisce +50% danni da Dongrang."
    },
    {
      "id": "DistortedDongrangEarnestAchievement",
      "name": "Lavoro Sodo",
      "desc": "Se questa unità viene uccisa o i suoi PV scendono a 1, l'attaccante ottiene dei bonus."
    },
    {
      "id": "DistortedDongrangEmptyHonor",
      "name": "Onore Futile",
      "desc": "Se quest'unità viene uccisa da Dongrang, quest'ultimo perderà PV , otterrà 1 Vuoto interiore, e viene indebolito nel turno successivo."
    },
    {
      "id": "DistortedDongrangMomentaryGlory",
      "name": "Gloria Momentanea",
      "desc": "A 3+ Stack, Dongrang diventa più potente."
    },
    {
      "id": "DistortedDongrangEmptiness",
      "name": "Vuoto Interiore",
      "desc": "A 4+ Stack, Dongrang vacilla."
    },
    {
      "id": "DistortedDongrangFruition",
      "name": "Frutti del Duro Lavoro",
      "desc": "Chiunque uccida quest'unità recupera PV e ottiene 1 Rapidità e 1 Potenziamento il prossimo turno"
    },
    {
      "id": "EgoAwakenDongrangRadiantDesire",
      "name": "Desiderio Smagliante",
      "desc": "A inizio Turno: Dongrang ottiene 1 Danno Aumentato e 1 Mitigazione."
    },
    {
      "id": "EgoAwakenDongrangSeed",
      "name": "Semi",
      "desc": "A fine Turno: A 5+ Stack, ottiene Fotosintesi per 2 turni; a meno di 5, riduce di 1 le Stack"
    },
    {
      "id": "EgoAwakenDongrangTree",
      "name": "Fotosintesi",
      "desc": "A fine Turno: Dongrang recupera 10 PV"
    },
    {
      "id": "EgoAwakenDongrangOverHeal",
      "name": "Crescita Eccessiva",
      "desc": "Le Stack aumentano in base ai PV recuperati da Dongrang;  50+ Stack, subisce danno da Gola pari alle Stack e ottiene 5 Vulnerabilità, ed infine rimuove quest'effetto."
    },
    {
      "id": "SinkingSurge",
      "name": "Pianto Incessante",
      "desc": "Infligge danni PS pari a (Stack di Pianto * Potenza di Pianto), per poi rimuovere Pianto\nSe i PS del bersaglio sono -45, il danno in eccesso sarà convertito in danno da Tristezza\n(Le unità senza PS subiscono sempre danni da Tristezza)"
    },
    {
      "id": "AmberResultUp",
      "name": "Potenzia Accidia",
      "desc": "Le abilità Accidia ottengono Valore Finale in base alle Stack per un turno.",
      "summary": "Valore finale abilità Accidia +{0}"
    },
    {
      "id": "Blue",
      "name": "Lacrime",
      "desc": "A fine Turno: perde 5 PS\nLe Monete che ottengono Croce infliggono 2 Pianto"
    },
    {
      "id": "EgoAwakenDongrangTreeDisplay",
      "name": "Fotosintesi",
      "desc": "A fine Turno: Dongrang recupera 10 PV"
    },
    {
      "id": "DongbaekFullBloomDisplay",
      "name": "Antesi",
      "desc": "Non può agire\nAlla fine del turno, perde 20 PS; se i PS raggiungono -45, cura totalmente i PS, e ottiene 'Mente Frastornata' il prossimo turno.\nSe quest'effetto non viene rimosso entro 2 turni, verrà rimosso alla fine del secondo turno.",
      "summary": ""
    },
    {
      "id": "TakeHpHealIncrease",
      "name": "Cure PV Aumentate",
      "desc": "I PV che vengono curati da Passive, effetti delle abilità e dalle Monete incrementano in modo proporzionale al valore di quest'effetto. (Max 5)"
    },
    {
      "id": "SkillPowerUp",
      "name": "Valore Base Potenziato",
      "desc": "Aumenta il Valore Base delle abilità in base alle Stack."
    },
    {
      "id": "MaxHpMultiplier",
      "name": "Aumento PV Massimi",
      "desc": "Aumenta i PV Max del 10% per ogni Stack."
    },
    {
      "id": "KCorpSerum",
      "name": "Fiala di K. Corp",
      "desc": "A inizio Turno: Se le Stack sono meno di 4, si cura di (Stack * 5)% dei PV Max\nA 4+ Stack, l'unitàmuore",
      "summary": ""
    },
    {
      "id": "Talisman",
      "name": "Talismano",
      "desc": "Su colpo, infligge Lacerazione in base alle Stack; Quando viene colpito, ottiene Lacerazione in base alle Stack\nA fine Turno: A 6+ Stack, rimuove tutti i Talismani e subisce danno fisso in base alle Stack.",
      "summary": "Infligge Lacerazione con gli attacchi ed ottiene Lacerazione quando viene colpito"
    },
    {
      "id": "Choice_90104001",
      "name": "Comprensione",
      "desc": "All'inizio della battaglia, ottiene 2 risorse E.G.O per tutte le affinità.",
      "summary": "Ottiene +2 Risorse E.G.O per tutte le affinità"
    },
    {
      "id": "Choice_9010400101",
      "name": "Determinato",
      "desc": "Tutti gli alleati ottengono +2 al Valore Finale delle abilità per il resto della battaglia",
      "summary": "Valore Finale delle abilità +2"
    },
    {
      "id": "Choice_90104002",
      "name": "Desiderio Intenso",
      "desc": "Tutti gli alleati ottengono +1 Potere Abilità per il resto della battaglia",
      "summary": "Potere Abilità +1"
    },
    {
      "id": "MentalSystemResultIncrease_Typo",
      "name": "Efficenza Cura PS",
      "desc": "Quantità di PS curati grazie a 'Fattori di base che aumentano la Sanità (PS)'"
    },
    {
      "id": "MentalSystemResultDecrease_Typo",
      "name": "Efficenza Perdita PS",
      "desc": "Quantità di PS persi a causa di 'Fattori di base che diminuiscono la Sanità (PS)'"
    },
    {
      "id": "DuelDeclaration",
      "name": "Guanto di Sfida",
      "desc": "- In uno scontro tra l'unità che ha inflitto lo status e l'unità che l'ha subito, il dichiaratore ha +1 Potenza di Scontro. Se colpisce, il dichiaratore ottiene 1 Rapidità il turno successivo. (4 volte per turno)\n- L'effetto viene rimosso quando l'unità infligge Guanto di Sfida ad un altro bersaglio. L'effetto viene rimpiazzato quando un'altra unità infligge un Guanto di Sfida differente."
    },
    {
      "id": "Aggro",
      "name": "Raggiro",
      "desc": "Negli incontri mirati, gli slot con un valore maggiore di Raggiro hanno più probabilità di essere presi di mira dai nemici."
    },
    {
      "id": "BurstVulnerable",
      "name": "Debolezza a Lacerazione",
      "desc": "Subisce +1 danno da Lacerazione per Stack per un turno."
    },
    {
      "id": "EmergencyFeed",
      "name": "Razioni d'Emergenza",
      "desc": "Alla fine del turno, se questa unità si è curata del 15% o più HP, il suo corpo viene ripristinato il prossimo turno."
    },
    {
      "id": "Bullet_Crab",
      "name": "Proiettile Crostaceo",
      "desc": "Risorsa utilizzata da alcune abilità per effetti aggiuntivi."
    },
    {
      "id": "SinkingVulnerable",
      "name": "Debolezza a Pianto",
      "desc": "Subisce +1 danno da Pianto per Stack per un turno."
    },
    {
      "id": "BurstProtection",
      "name": "Mitiga Lacerazione",
      "desc": "Subisce -1 danno da Lacerazione per Stack per un turno."
    },
    {
      "id": "PseudoLastBoss_KingCrap",
      "name": "Furia Crostacea",
      "desc": "All'inizio del turno, applica Potenziamento a tutti gli altri granchi alleati, e ottiene 2 Mitigazione se il Guscio non è stato rotto.\n-5 PS al bersaglio quando usa un'abilità.\nQuando i PS sono al 50%, ogni parte ottiene 2 Potenziamento e 2 Fragilità."
    },
    {
      "id": "ChargeForceField",
      "name": "Scudo Energetico",
      "desc": "- Ottiene (Scudo Energetico # x 3) Scudo.\n- Perde 1 Scudo Energetico dopo aver perso (Scudo Energetico # x 3) Scudo.\n- (Se l'unità è un impiegato di W Corp., TUTTI gli effetti di Scudo Energetico si attivano a (Scudo Energetico # x 5) nvece che a (Scudo Energetico # x 3))\n- A fine Turno: Ottiene quantità di Carica per ogni Scudo Energetico #; nel turno successivo, lo scudo ottenuto da Scudo energetico e Scudo Energetico vengono rimossi"
    },
    {
      "id": "SlashResultUp",
      "name": "Potenziamento Tagliente",
      "desc": "Le abilità Taglienti ottengono Valore Finale in base alle Stack per un turno."
    },
    {
      "id": "Discard",
      "name": "Scarto",
      "desc": "- Elimina le Abilità che soddisfano la condizione e sono selezionabili durante la Fase di Concatenamento. (Abilità Difensive & E.G.O non vengono prese in considerazione. Non elimina le abilità in arrivo)\n- Le abilità scartate non potranno attivare effetti delle monete o delle abilità tranne quelli che ne prevedono lo Scarto, e non daranno risorse E.G.O."
    },
    {
      "id": "KnowledgeExplored",
      "name": "Intuito",
      "desc": "Il rango dell'ultima abilità Scartata dall'unità con quest'effetto (Valore Minimo: 1)"
    },
    {
      "id": "Unjust_Enrichment",
      "name": "Guadagni Illeciti",
      "desc": "- Ottenuto facendo testa contro i bersagli con Sanguinamento (Max 4)\n- Quando la passiva 'Bullets are Pricey' viene attivata, consuma tutti i Guadagni Illeciti per infliggere danni extra"
    },
    {
      "id": "Resentment",
      "name": "Risentimento",
      "desc": "Se il nemico con <sprite name=\"RetaliationBook\"><color=#e30000><u><link=\"RetaliationBook\">Marchio della Vendetta</color></link></u> viene colpito da un'attacco, quest'effetto scade alla fine dell'attac.\nTermina a fine turno",
      "undefined": "-"
    },
    {
      "id": "RetaliationBook",
      "name": "Marchio della Vendetta",
      "desc": "Viene applicato all'unità che ha inflitto più danni ad un alleato (Max 1)",
      "undefined": "-"
    },
    {
      "id": "PenetrateResultUp",
      "name": "Potenziamento Perforante",
      "desc": "Le abilità Perforanti ottengono Valore Finale in base alle Stack per un turno."
    },
    {
      "id": "DuelDeclaration_DonQuixote",
      "name": "Guanto di Sfida - Don Quixote",
      "desc": "- In uno scontro tra l'unità che ha inflitto lo status e l'unità che l'ha subito, il dichiaratore ha +1 Potenza di Scontro. Se colpisce, il dichiaratore ottiene 1 Rapidità il turno successivo. (4 volte per turno)\n- L'effetto viene rimosso quando l'unità infligge Guanto di Sfida ad un altro bersaglio. L'effetto viene rimpiazzato quando un'altra unità infligge un Guanto di Sfida differente."
    },
    {
      "id": "DuelDeclaration_Outis",
      "name": "Guanto di Sfida - Outis",
      "desc": "- In uno scontro tra l'unità che ha inflitto lo status e l'unità che l'ha subito, il dichiaratore ha +1 Potenza di Scontro. Se colpisce, il dichiaratore ottiene 1 Rapidità il turno successivo. (4 volte per turno)\n- L'effetto viene rimosso quando l'unità infligge Guanto di Sfida ad un altro bersaglio. L'effetto viene rimpiazzato quando un'altra unità infligge un Guanto di Sfida differente."
    },
    {
      "id": "DuelDeclaration_Sinclair",
      "name": "Guanto di Sfida - Sinclair",
      "desc": "- In uno scontro tra l'unità che ha inflitto lo status e l'unità che l'ha subito, il dichiaratore ha +1 Potenza di Scontro. Se colpisce, il dichiaratore ottiene 1 Rapidità il turno successivo. (4 volte per turno)\n- L'effetto viene rimosso quando l'unità infligge Guanto di Sfida ad un altro bersaglio. L'effetto viene rimpiazzato quando un'altra unità infligge un Guanto di Sfida differente."
    },
    {
      "id": "VibrationExplosion",
      "name": "Scoppio Vibrazione",
      "desc": "Aumenta la Soglia di Vacillamento in base alla Potenza di Vibrazione sul bersaglio"
    },
    {
      "id": "OneOnOneDuel",
      "name": "Contesa",
      "desc": "Stabilito quando lo slot attaccato viene preso di mira da una singola unità, e solamente da quella singola unità. Questa condizione si verifica solo tra l'unità attaccante e lo slot attaccato. (Non si applica alle abilità riutilizzate)"
    },
    {
      "id": "BulletFreischutz",
      "name": "사용하지 않음",
      "desc": "사용하지 않음"
    },
    {
      "id": "FreischutzShotCount",
      "name": "Pallottola Magica",
      "desc": "- Max: 7\n- Il valore cambia in base agli effetti delle abilità.\n- [Unico per Lobotomy E.G.O::Pallottola Magica Outis]\n· Più il valore è alto, più il Valore Base e il Potere della Moneta dell'Abilità 3"
    },
    {
      "id": "DarkFlame",
      "name": "Fiamma Oscura",
      "desc": "- Bruciatura Unica\n- Valore Massimo: 7\n- Il bersaglio perde Livello Difensivo pari al valore di quest'effetto\n- A fine Turno: Infligge (Valore x Bruciatura sul bersaglio) danni da Superbia, poi l'effetto viene rimosso"
    },
    {
      "id": "CtrlTeamCaptain",
      "name": "Capitano del Team di Controllo",
      "desc": "- Slot Abilità +1\n- Modifica le abilità che possono essere usate: Ottiene 1 uso dell'Abilità 3,  ma perde 1 utilizzo dell'Abilità 1\n- Quando quest'unità uccide un nemico con un'abilità, 2 alleati (inclusa quest'unità) con meno PS recuperano 25 PS. Ottiene +2 Risorse E.G.O dell'affinità dell'abilità con cui ha ucciso il nemico; ottiene +1 risorse E.G.O per le altre affinità"
    },
    {
      "id": "HeatedGasHarpoon",
      "name": "Arpione a Gas Incandescente",
      "desc": "Per 1 turno, infligge 1 Bruciatura quando tira Testa"
    },
    {
      "id": "OverHeatedGasHarpoon",
      "name": "Arpione a Gas Surriscaldato",
      "desc": "Per 1 turno, infligge 1 Bruciatura su colpo"
    },
    {
      "id": "CoverAttack",
      "name": "Attacco Assistito",
      "desc": "-  Se l'unità A applica quest'effetto all'unita B: l'unità B esegue un attacco non difendibile con la sua Abilità 1 contro lo stesso nemico attaccato dall'abilità dell'unità A. Si attiva alla fine dell'attacco dell'unità A.\n- Quest'effetto non influisce sulla rotazione delle mosse dell'unità B."
    },
    {
      "id": "ReCompulsion",
      "name": "Compulsione Inversa",
      "desc": "Recupera 15 PS a inizio turno"
    },
    {
      "id": "IndigoResultUp",
      "name": "Potenzia Superbia",
      "desc": "Le Abilità Superbia ottengono Valore Finale in base alle Stack per un turno."
    },
    {
      "id": "BladeResultUpTier1",
      "name": "Spada della Patria - Lacerante",
      "desc": "L'abilità 1 ottiene Valore Finale in base alle Stack per questo turno."
    },
    {
      "id": "BladeResultUpTier2",
      "name": "Spada della Patria - Penetrante",
      "desc": "L'abilità 2 ottiene Valore Finale in base alle Stack per questo turno."
    },
    {
      "id": "SwordPlayOfTheHomeland",
      "name": "Scherma della Patria",
      "desc": "- Quando ha 5+ Respiro, quando usa un'abilità, le abilità 1 e 2 ottengono Potere Moneta +(3/# delle Monete, minimo 1) e infliggono +(30/# delle Monete)% danni su Colpo Critico\n- Quando ha 7+ Respiro, quando usa un'abilità, l'Abilità 3 infligge +(30/# delle Monete)% danni ed infligge +(50/# delle Monete)% danni su Colpo Critico"
    },
    {
      "id": "SwordPlayOfTheMemorial",
      "name": "Rimembranza",
      "desc": "- Quando ha 5+ Respiro, quando usa un'abilità, le abilità 1 e 2 ottengono Potere Moneta +(3/# delle Monete, minimo 1) e infliggono +(30/# delle Monete)% danni su Colpo Critico\n- Quando ha 7+ Respiro, quando usa un'abilità, l'Abilità 3 infligge +(30/# delle Monete)% danni ed infligge +(50/# delle Monete)% danni su Colpo Critico"
    },
    {
      "id": "RedApricotBlossom",
      "name": "Fiore d'Albicocco Rosso",
      "desc": "- Sanguinamento Unico\n- Valore Massimoe: 10\n- +10% probabilità che quest'unità venga colpita da un critico se questa unità è il bersaglio principale\n- Quando viene colpita da un colpo critico, ottiene Sanguinamento pari a metà del valore e subisce +(valore x 3)% danni su Colpo Critico\n- Il valore si riduce di 1 quando viene colpito",
      "summary": "Probabibiltà più alta di venir colpito da un Colpo Critico; subisce più danno se colpito da un Colpo Critico"
    },
    {
      "id": "VibrationCollapse",
      "name": "Vibrazione - Rovina",
      "desc": "Perde 1 livello difensivo per ogni 4 Potenza Vibrazione su di sè\nQuando viene colpito da un'abilità che causa Scoppio Vibrazione, aumenta la Soglia di Vacillamento in base alla Potenza\nA fine turno: riduce le Stack di 1\n(Interagisce allo stesso modo del normale Vibrazione agli effetti che ne aumentano Potenza/Stack)"
    },
    {
      "id": "EchoOfMansion",
      "name": "Echi del Maniero",
      "desc": "- 50% chance di ottenere +1 Stack di Pianto quando ottiene Stack o potenza di Pianto dalle abilità o dagli effetti delle Monete\n- Unità con PS: Cambia il Panico in Echi del Maniero. Quando quest'unità va in Panico, infligge 2 Echi del Maniero a due alleati casuali di quest'unità il prossimo turno\n- Unità senza PS: -10% chance di lanciare Testa\n- Ridotto di 1 a fine Turno\nQuest'effetto non si accumula; infliggere quest'effetto sostituisce il valore corrente con il valore inflitto.\n※ Applica le condizioni di \"Unità senza PS\" ad alcuni nemici che non hanno PS, ma che non possono cambiare il loro tipo di Panico."
    },
    {
      "id": "Switch_Vibration",
      "name": "Convertitore TTC",
      "desc": "Converte Vibrazione o un tipo già convertito di Vibrazione in un tipo diverso di Vibrazione.\nPotenza e Stack non cambiano durante la conversione."
    },
    {
      "id": "AzureResultUp",
      "name": "Potenzia Tristezza",
      "desc": "Le Abilità Tristezza ottengono Valore Finale in base alle Stack per un turno."
    },
    {
      "id": "VibrationCrack",
      "name": "Vibrazione - Frattura",
      "desc": "- Quando Vacilla e quando la somma delle Stack e della potenza di Vibrazione è almeno 20, aumenta il livello di Vacillo di 1\n- Non può superare il Livello massimo di Vacillamento con quest'effetto\n\nQuando viene colpito da un'attacco che causa Scoppio Vibrazione, aumenta la Soglia di Vacillamento in base alla Potenza\nA fine turno: riduce le Stack di 1\n(Interagisce allo stesso modo del normale Vibrazione agli effetti che ne aumentano Potenza/Stack)"
    },
    {
      "id": "ForwardToTheKing",
      "name": "Dinanzi al Re",
      "desc": "Quando gli attacchi con Peso Attacco 1 colpiscono, infligge il 50% del valore della Moneta come (Affinità/Tipo di attacco dell'Abilità usata per colpire) danni ad altri 2 nemici attaccabili con i PV più bassi",
      "summary": ""
    },
    {
      "id": "ForwardToTheBoundKing",
      "name": "Dinanzi al Re Incatenato",
      "desc": "Quando gli attacchi con Peso Attacco 1 colpiscono, infligge il 100% del valore della Moneta come (Affinità/Tipo di attacco dell'Abilità usata per colpire) danni ad altri 2 nemici attaccabili con i PV più bassi",
      "summary": ""
    },
    {
      "id": "MarkOfButler",
      "name": "M.M.",
      "desc": "Migliora le abilità di Maggiordomo Capo della Famiglia Edgar Ryōshū contro i bersagli con quest'effetto.\nA fine turno: riduce le Stack di 1",
      "summary": "",
      "undefined": "-"
    },
    {
      "id": "PreparedMeat",
      "name": "Carne Fresca",
      "desc": "Se le condizioni sono soddisfatte, la Regina delle Fate uccide quest'unità a fine Turno"
    },
    {
      "id": "Hunger",
      "name": "Fame",
      "desc": "A fine Turno: aumenta di 1 se quest'unità non ha ucciso nessun altro alleato con Carne Fresca.\nA 75% o meno PV, aumenta di 2. A 50%- PV, aumenta di 3.\nA inizio turno: perde 1 Stack se quest'unità sconfigge un'alleato con Carne Fresca.\nA 0, ottiene (# degli alleati sconfitti x 3) Fiacchezza e Esposizione",
      "summary": ""
    },
    {
      "id": "UnstableFeeling",
      "name": "Passione Instabile",
      "desc": "- Su colpo, infligge 1 Bruciatura\n- Se il bersaglio principale è afflitto da Bruciatura, Valore Finale +1\n- Quando viene colpita, se questa unità ha concatenato un'Abilità Difensiva all'inizio del combattimento, infligge 1 Bruciatura per colpo contro l'attaccante per questo turno\n- A fine Turno: perde (# turni passati nello status Volatile E.G.O x 5) PS. (Perdita PS Massima: 40)",
      "summary": ""
    },
    {
      "id": "VibrationEcho",
      "name": "Vibrazione - Riverbero",
      "desc": "- Quando si attiva Scoppio Vibrazione, subisce danni da Accidia pari alla Potenza di Vibrazione su di sé.\n- Quando colpito da un'abilità che causa Scoppio Vibrazione, aumenta la Soglia di Vacillamento in base alla Potenza.\n- A fine Turno: Riduce di 1 le Stack.\n(Interagisce allo stesso modo del normale Vibrazione sugli effetti che ne aumentano Potenza/Stack)",
      "summary": ""
    },
    {
      "id": "ShieldManagerCryingToad",
      "name": "Piangibolla",
      "desc": "- Quest'effetto conta come 'Gestione dello Scudo'\n-  fine Turno: riduce di 1 le Stack\n- Quest'unità non perde lo scudo a fine turno finché possiede Piangibolla (a meno che non venga eliminato da abilità o effetti)\n- Se lo scudo affetto da Piangibolla si rompe dopo aver subito danni, infligge 4 Pianto Potenza/Stack contro l'attaccante. (Quanto di quel '4' sia potenza o Stack viene deciso in modo casuale)\n- Quest'unità può accumulare il valore dello Scudo usando quest'effetto. Tuttavia, finché Piangibolla è attiva, il valore dello scudo non potrà superare il 60% dei PV massimi di quest'unità.",
      "summary": ""
    },
    {
      "id": "VibrationContinue",
      "name": "Vibrazione - Eterno",
      "desc": "- Quando colpito da abilità o monete che attivano Scoppio Vibrazione, (Potenza Vibrazione su se stesso)% possibilità di attivare un'ulteriore Scoppio Vibrazione. (max 50%)\n- Quando viene colpito da abilità o Monete che attivano Scoppio Vibrazione, (Stack di Vibrazione su sé stesso)% possibilità di attivare un'ulteriore Scoppio Vibrazione. (max 50%)\n- Quando colpito da abilità che attivano Scoppio Vibrazione, aumenta la Soglia di Vacillamento del valore della potenza dell'effetto\n- A fine Turno: riduce di 1 le Stack\n(Interagisce allo stesso modo del normale Vibrazione agli effetti che ne aumentano Potenza/Stack)",
      "summary": ""
    },
    {
      "id": "TimeSuspend",
      "name": "Tempus Moratorium",
      "desc": "- Non subisce alcun danno finchè quest'effetto è attivo; tutto il danno viene immagazzinato\n- A fine combattimento: se rimane solo 1 Stack,  quest'effetto attiva Scoppio Vibrazione dopo aver inflitto il (100 + (Massa x 15)% del danno immagazzinato come danno da Accidia\n- A fine Turno: ottiene 1 Massa e perde 1 Stack\n- Tempus Moratorium scadrà immediatamente dopo aver attivato Scoppio Vibrazione e il danno da Accidia se un altra istanza di Tempus Moratorium è inflitta ad un unità con Tempus Moratorium.",
      "summary": ""
    },
    {
      "id": "TimeRentalTwoPersonality",
      "name": "Tempo in Prestito",
      "desc": "A fine Turno, con 2+ Stack:\n- Ottiene (Stack di Tempo in Prestito - 1) Rapidità, Potenza di Scontro, e Fragilità il prossimo turno\n- Se quest'unità dovesse ottienere più Lentezza che Rapidità il prossimo turno, l'effetto di Tempo in Prestito scade al prossimo turno, e questa unità Vacilla\n\nTurn End: A fine Turno: A 1 Stack, ottiene (Tempo in Prestito - 1) Lentezza il prossimo turno\nA fine Turno: Ottiene 1 Massa, perde Stack",
      "summary": ""
    },
    {
      "id": "VibrationChainPersonality",
      "name": "Vibrazione - Catena",
      "desc": "- Perde 1 Potenza di Scontro per ogni 10 Tremore su sé stesso (max 3)\n- Quando colpito da abilità che attivano Scoppio Vibrazione, aumenta la Soglia di Vacillamento in base alla Potenza\n- A fine Turno: riduce di 1 le Stack\n- (Interagisce allo stesso modo del normale Vibrazione agli effetti che ne aumentano Potenza/Stack)",
      "summary": ""
    },
    {
      "id": "GazePersonality",
      "name": "Sguardo di Disprezzo",
      "desc": "- Valore Massimo: 7\n- Infligge +7% danni in più per ogni Sguardo di Disprezzo\n- A fine Turno: quest'effetto scade\n- A fine Turno: se il valore di Sguardo di Disprezzo è 7, al posto di scadere, viene convertito in Disprezzo dello Sguardo nel prossimo turno.\n\n[Disprezzo dello Sguardo]\n- Ottiene 7 Mitigazione\n- Ottiene 7 Danno Ridotto\n- Uno degli slot di quest'unità ottiene +20 One of this unit's Slots gains +20 Raggiro\n- Non può ottenere Sguardo di Disprezzo finchè Disprezzo dello Sguardo è attivo\n- A fine Turno: quest'effetto scade",
      "summary": ""
    },
    {
      "id": "ContemptPersonality",
      "name": "Disprezzo dello Sguardo",
      "desc": "- Ottiene 7 Mitigazione\n- Ottiene 7 Danni ridotti\n- Uno slot abilità di questa unità guadagna +20 Raggiro\n- Non può ottenere Sguardo di Disprezzo finchè Disprezzo dello Sguardo è attivo\n- A fine Turno: quest'effetto scade",
      "summary": ""
    },
    {
      "id": "KnowledgeTraining",
      "name": "Erudizione",
      "desc": "- Valore Massimo: 6\n- Quando scarta un abilità, ottiene il (Erudizione x 1.5)% di PV massimi di quest'unità come scudo (una volta per turno)\n- Se quest'unità scarta un'abilità mentre ha 2+ Intuito, ottiene 1 Potere Scontro (una volta per turno)\n- Ridotto di 1 quando subisce danni ai PV dopo essere stato colpito da un'Abilità Offensiva nemica\n- Scade se l'unità Vacilla",
      "summary": ""
    },
    {
      "id": "BoseProjektil",
      "name": "Memorie Lacerate",
      "desc": "- Valore Massimo : 7\n- Usato per alcune abilità",
      "summary": ""
    },
    {
      "id": "ChargeLoad",
      "name": "Ricarica",
      "desc": "- Valore massimo: 6\n- Le Abilità Offensive che hanno consumato Stack di Carica infliggono +2.5% danni in più per ogni valore su sé stesso (max 15%)\n-  Se l'unità che sfrutta quest'effetto è un impiegato di W. Corp, infligge invece il +5% di danni in più per ogni valore su sé stesso (max 30%)\n- A fine Turno: quest'effetto scade",
      "summary": ""
    },
    {
      "id": "PhotoElectricity",
      "name": "Fotoelettricità",
      "desc": "Valore Massimo: 3\nQuando quest'unità viene colpita, l'attaccante guadagna Stack di Carica pari a questo valore (una volta per Abilità)\n- Se l'attaccante possiede meno di 5 Stack di Carica, ottiene +3 Carica addizionale\nA fine Turno: quest'effetto scade",
      "summary": ""
    },
    {
      "id": "Coffin",
      "name": "Bara",
      "desc": "- Valore Massimo: 10\n- A fine Turno:\n  - Ottiene 2 Danni Aumentati il prossimo turno per ogni 3 Stack (max 6)\n  - Aumenta la velocità minima di 1 il prossimo turno per ogni 4 Stack (max 2)\n  - Ottiene 1 Potenza di scontro il prossimo turno per ogni 5 Stack (max 2)",
      "summary": ""
    },
    {
      "id": "WildHunt",
      "name": "Caccia Infernale",
      "desc": "- Nello stesso turno in cui questa unità ha guadagnato Caccia Infernale per la prima volta, rimane costantemente a 1 PV; \"revive\"(Recupera il 50% dei PV e azzera i PS) di quest'unità a fine turno.\n- Alla morte, ottiene 1 risorsa E.G.O per la risorsa E.G.O meno posseduta\n- Se quest'unità viene uccisa da un attacco, infligge 3 Pianto contro l'ultimo attaccante\n- Muore alla fine dello stesso turno in cui è stata resuscitata",
      "summary": ""
    },
    {
      "id": "NightPathfinding",
      "name": "Dullahan",
      "desc": "- Valore Massimo: 3\n- Ottiene 3 Livello Offensivo\n- Perde 3 Livello Difensivo\n- Aumenta il valore min. e max della Velocità di 1\n- A fine Turno: Ottiene 1 Dullahan il prossimo turno (A meno di 25 PS , tuttavia, perde completamente Dullahan)\n- A fine Turno: se quest'unità possiede Dullahan, perde (15 - (Bara/2)) PS. (min 10)",
      "summary": ""
    },
    {
      "id": "WanderingFootsteps",
      "name": "Rovina Imminente",
      "desc": "- Unità con PS: cambia il loro tipo di panico in \"\"Ruin\"\".\n(Rovina: Quando quest'unità entra in uno stato di Morale Basso, ottiene 3 Pianto ogni fine Turno e perde 1 Potenza di Scontro.  Quando quest'unità va in Panico, ottiene 5 Pianto, 3 Stack di Pianto ogni fine Turno e perde 2 Potenza di Scontro)\n- Unità senza PS: -10% probabilità di lanciare Testa\n- Ridotto di 1 A fine Turno\n- Quest'effetto non si cumula; infliggerlo nuovamente sostituirà il valore corrente con il valore inflitto.\n※ Applica la condizione \"\"Units without SP\"\" ad alcuni nemici che hanno PS ma non possono avere la tipologia di Panico modificata.",
      "summary": ""
    },
    {
      "id": "WanderingFootsteps_Main",
      "name": "Rovina Imminente",
      "desc": "- Bersagli con PS: Cambia il tipo di Panico in 'Rovina'\n- Ridotto di 1  A fine Turno",
      "summary": ""
    },
    {
      "id": "WanderingFootsteps_Sub",
      "name": "Rovina Imminente",
      "desc": "- -10% probabilità di fare testa\n- Ridotto di 1 A fine Turno",
      "summary": ""
    },
    {
      "id": "WanderingFootsteps_LowMorale",
      "name": "Rovina",
      "desc": "- Morale Basso\n- Potenza di Scontro -1 su sé stesso. Ottiene 3 Pianto ogni fine Turno",
      "summary": "Potenza scontro -1 su sé stesso. Ottiene 3 Pianto ogni fine Turno",
      "undefined": "-"
    },
    {
      "id": "WanderingFootsteps_Panic",
      "name": "Rovina",
      "desc": "- Panico\n- Potenza Scontro -2 su sé stesso. Ottiene 5 Pianto e +3 Stack di Pianto ogni fine Turno",
      "summary": "Potenza Scontro -2 su sé stesso. Ottiene 5 Pianto e +3 Stack di Pianto ogni fine Turno",
      "undefined": "-"
    },
    {
      "id": "UninvitedGuestPersonality",
      "name": "L'Indesiderato",
      "desc": "- Valore Massimo: 2\n- Alla morte, l'ultimo attaccante recupera 3 PS; in seguito, un alleato casuale che non possedeva quest'effetto ne ottiene 2 Stack.\n- Subisce +0.5% più danno per ogni Pianto su sé stesso (max 10%; per gli incontri mirati, Pianto viene conteggiato su ogni parte in modo separato)\n- A fine Turno: si riduce di 1",
      "summary": "",
      "undefined": "-"
    },
    {
      "id": "DevyatDimensionalSack",
      "name": "Baule del Corriere - Rodion",
      "desc": "- Valore Base: 0\n- A inizio Turno: ottiene 3 Stack\n- Le Stack non scadono alla Ritirata, ma vengono invece immagazzinate\n- A 10+ Stack: aumenta i valori minimi e massimi di Velocità di 1\n-  20+ Stack: Ottiene 1 Potenza scontro e 1 Danno Tagliente Aumentato\n- A 30+ Stack:\n· Quando usa un'abilità, subisce (quantità/3)% danni ai PV e (quantità/3) danni ai PS\n· A fine Turno, subisce (quantità/2)% danni ai PV (quantità/2) danni ai PS (si applica prima della ritirata)",
      "summary": "",
      "undefined": "-"
    },
    {
      "id": "Retreat",
      "name": "Modalità Strategica R&R",
      "desc": "- A fine Turno: si riprende dal Vacillamento e si ritira dallo scontro (a meno che non sia un Vacillo forzato; non conta come morte)\n· Nelle battaglie a catena, dà gli slot di quest'unità all'unità che entra e viene spostata in fondo nell'ordine di schieramento (fugge completamente dall'Incontro se non ci sono altre unità rimaste con cui scambiarsi di posto nel turno successivo. Quando torna in battaglia, torna nell'ordine di rititrata)\n· Quando ritorna in battaglia, ritorna con gli stessi PV e PS che aveva alla ritirata, ed elimina tutti gli effetti sull'unità, tranne alcuni (Se questa unità aveva meno di 0 PS alla ritirata, torna in battaglia con 0 PS)",
      "summary": "",
      "undefined": "-"
    },
    {
      "id": "DefensiveStance",
      "name": "Posizione Difensiva",
      "desc": "- Valore Massimo: 2\n- Quest'effetto non aumenta la propria potenza; riapplicarlo estende solo la durata.\n- Ridotto di 1 a fine turno\n-  Quando un'unità ottiene quest'effetto, ottiene i seguenti effetti il prossimo turno:\n  · Fissa la Velocità di quest'unità al minimo\n  · Ottiene 5 Fortificazione\n  · Tutti gli slot di quest'unità ottengono +(10 / # slot di quest'unità) Raggiro\n  · Quando concatena le abilità, quest'unità può attirare gli attacchi nemici indipendentemente dalla sua Velocità (solo durante un incontro mirato)\n  · Alla vittoria di uno Scontro, attiva Scoppio Vibrazione\n  · I danni non faranno Vacillare questa unità",
      "summary": ""
    },
    {
      "id": "CanDuelGuard",
      "name": "Sorte dell'Incontro",
      "desc": "- Se vince lo scontro: aumenta la Soglia di Vacillamento del bersaglio in base al valore finale del Potere di Scontro dell'unità.\n- Se perde lo scontro: quando colpito, riduce il Valore Finale dell'abilità del bersaglio in base al valore finale del Potere di Scontro dell'unità.\n- Se perde lo scontro: non ottiene Valore Finale da queste fonti: Risonanza e disaprità di livello fra le Abilità Offensive",
      "summary": ""
    },
    {
      "id": "SuperCoin",
      "name": "Moneta Infrangibile",
      "desc": "- Questa Moneta non si rompe se perde uno scontro.\n- Se una mossa offensiva possiede questa moneta, una volta colpito attacca con questa moneta.\n- Se perde lo scontro, fissa il Potere della Moneta non rotta a 1",
      "summary": ""
    },
    {
      "id": "BloodScissorPersonalityFirst",
      "name": "Lamaforbice Rossosangue",
      "desc": "- Valore Massimo: 10\n- Stadio 1 Lamaforbice Rosso Sangue\n- A 10+ Lamaforbice Rosso Sangue, diventa Lamaforbice Rosso Sangue II.\n- A 20+ Lamaforbice Rosso Sangue, diventa Lamaforbice Rosso Sangue III.\n- Ritorna allo stadio precedente se le Stack scendono sotto il minimo richiesto.\n- Lamaforbice Rosso Sangue non scende sotto 1.\n- A Lamaforbice Rosso Sangue II, ottiene 1 Aumento Offensivo e 1 Smantellare in base alle Stack\n- A Lamaforbice Rosso Sangue III, ottiene 1 Aumento Offensivo in base alle Stack",
      "summary": "",
      "undefined": "-"
    },
    {
      "id": "BloodScissorPersonalitySecond",
      "name": "Lamaforbice Rossosangue II",
      "desc": "- Valore Massimo: 20\n- Stadio 2 Lamaforbice Rosso Sangue\n- A inizio Turno: ottiene 1 Aumento Offensivo e 1 Smantellare per ogni 5 Stack\n- A 10+ Lamaforbice Rosso Sangue,diventa Lamaforbice Rosso Sangue II.\n- A 20+ Lamaforbice Rosso Sangue, diventa Lamaforbice Rosso Sangue III.\n- Ritorna allo stadio precedente se le Stack scendono sotto il minimo richiesto.\n- Lamaforbice Rosso Sangue non scende al di sotto di 1.\n- A Lamaforbice Rosso Sangue II, ottiene 1 Aumento Offensivo e 1 Smantellare in base alle Stack\n- A Lamaforbice Rosso Sangue III, ottiene 1 Aumento Offensivo in base alle Stack",
      "summary": "",
      "undefined": "-"
    },
    {
      "id": "BloodScissorPersonalityThird",
      "name": "Lamaforbice Rossosangue III",
      "desc": "- Valore Massimo: 30\n- Stadio 3 Lamaforbice Rosso Sangue\n- A inizio Turno: ottiene 1 Aumento Offensivo per ogni 5 Stack\n- A 10+ Lamaforbice Rosso Sangue, diventa Lamaforbice Rosso Sangue II.\n- A 20+ Lamaforbice Rosso Sangue, diventa Lamaforbice Rosso Sangue III.\n- Ritorna allo stadio precedente se le Stack scendono sotto il minimo richiesto.\n- Lamaforbice Rosso Sangue non scende al di sotto di 1.\n- A Lamaforbice Rosso Sangue II, ottiene 1 Aumento Offensivo e 1 Smantellare in base alle Stack\n- A Lamaforbice Rosso Sangue III, ottiene 1 Aumento Offensivo in base alle Stack",
      "summary": "",
      "undefined": "-"
    },
    {
      "id": "LineCuttingPersonality",
      "name": "Manichino da Cucito",
      "desc": "- Valore Massimo: 1\n- Subisce +0.5% più danni per ogni Stack di Sanguinamento (max 10%)\n- A fine Turno: ridotto di 1",
      "summary": "",
      "undefined": "-"
    },
    {
      "id": "Snare",
      "name": "Lazo",
      "desc": "- Valore Massimo: 3\n- A fine Turno: ottiene una quantità di Lacerazione pari al valore corrente della Velocità di quest'unità (max 5), e ottiene 1 Lentezza il prossimo turno\n- A fine Turno: riduce le Stack di 1",
      "summary": "",
      "undefined": "-"
    },
    {
      "id": "BloodyHandGregFirst",
      "name": "Mano Insanguinata",
      "desc": "- Valore Massimo: 10\n- Stadio 1: Mano Insanguinata\n- A 10+ Mano Insanguinata, diventa Mano Insanguinata II.\n- A 20+ Mano Insanguinata, diventa Mano Insanguinata III.\n- Ritorna allo stadio precedente se le Stack scendono sotto il minimo richiesto.\n- A Mano Insanguinata II, ottiene 1 Aumento Offensivo in base alle Stack\n- At Mano Insanguinata III, ottiene 1 Aumento Offensivo in base alle Stack, e infligge 1 Lacerazione e 1 Sanguinamento in più su colpo con le Abilità Base",
      "summary": "",
      "undefined": "-"
    },
    {
      "id": "BloodyHandGregSecond",
      "name": "Mano Insanguinata II",
      "desc": "- Valore Massimo: 20\n- Stadio 2: Mano Insanguinata\n- A inizio Turno: ottiene 1 Aumento Offensivo per ogni 10 Stack\n- At 10+ Mano Insanguinata, diventa Mano Insanguinata II.\n- A 20+ Mano Insanguinata, diventa Mano Insanguinata III.\n- Ritorna allo stadio precedente se le Stack scendono sotto il minimo richiesto.\n- A Mano Insanguinata II, ottiene 1 Aumento Offensivo in base alle Stack\n- A Mano Insanguinata III, ottiene 1 Aumento Offensivo in base alle Stack, e infligge 1 Lacerazione e 1 Sanguinamento in più su colpo con le Abilità Base",
      "summary": "",
      "undefined": "-"
    },
    {
      "id": "BloodyHandGregThird",
      "name": "Mano Insanguinata III",
      "desc": "- Valore Massimo: 30\n- Stadio 3: Mano Insanguinata\n- A inizio Turno: ottiene 1 Aumento Offensivo per ogni 10 Stack\n- su colpo con le abilità di base: infligge 1 Lacerazione e 1 Sanguinamento in più\n- A 10+ Mano Insanguinata, diventa Mano Insanguinata II.\n- A 20+ Mano Insanguinata, diventa Mano Insanguinata III.\n- Ritorna allo stadio precedente se le Stack scendono sotto il minimo richiesto.\n- A Mano Insanguinata II, ottiene 1 Aumento Offensivo in base alle Stack\n- A Mano Insanguinata III, ottiene 1 Aumento Offensivo in base alle Stack, e infligge 1 Lacerazione e 1 Sanguinamento in più su colpo con le Abilità Base",
      "summary": "",
      "undefined": "-"
    },
    {
      "id": "WornHeartGreg",
      "name": "Cuore Sofferente",
      "desc": "- Valore Massimo: 10\n- A fine Turno: ottiene 1 Stack\n- A inizio Turno: ottiene 1 Fortificazione per ogni 3 Stack\n- A 50% PV o meno, ottiene 1 livello difensivo per ogni 3 Stack\n- A 40% PV o meno, su colpo con le abilità di base, recupera (Stack x 5)% dei danni inflitti su colpo come PV (min 1; arrotondato per difetto; fino a 30 PV per abilità)",
      "summary": "",
      "undefined": "-"
    },
    {
      "id": "BloomingThornsRodionFirst",
      "name": "Spina Fiorita",
      "desc": "- Valore Massimo 10\n- Stadio 1: Spina Fiorita\n- Ottiene 1 Livello Difensivo per ogni 2 Stack (max 5)\n- Quando colpito, infligge 1 Sanguinamento contro l'attaccante e perde 1 Stack\n- [Esclusivo di La Principessa di La Manchaland Rodion]\n· A Stack massime, passa al prossimo stadio.\n· Infligge +(Stadio - 1) Sanguinamento e Lacerazione in più con gli effetti delle monete delle abilità di base di questa unità.\n· Ritorna allo stadio precedente se le Stack scendono sotto il minimo richiesto.",
      "summary": "",
      "undefined": "-"
    },
    {
      "id": "BloomingThornsRodionSecond",
      "name": "Spina Fiorita II",
      "desc": "- Valore Massimo: 20\n- Stadio 2: Spina Fiorita\n- Ottiene 1 Livello Difensivo per ogni 2 Stack (max 5)\n- Quando colpito, infligge 1 Sanguinamento contro l'attaccante e perde 1 Stack\n- [Esclusivo di La Principessa di La Manchaland Rodion]\n· A Stack massime, passa al prossimo stadio.\n· Infligge +(Stadio - 1) Sanguinamento e Lacerazione con gli effetti delle monete delle abilità di base di questa unità.\n· Ritorna allo stadio precedente se le Stack scendono sotto il minimo richiesto.",
      "summary": "",
      "undefined": "-"
    },
    {
      "id": "BloomingThornsRodionThird",
      "name": "Spina Fiorita III",
      "desc": "- Valore Massimo: 30\n- Stadio 3: Spina Fiorita\n- Ottiene 1 Livello Difensivo per ogni 2 Stack (max 5)\n- Quando colpito, infligge 1 Sanguinamento contro l'attaccante e perde 1 Stack\n- [Esclusivo di La Principessa di La Manchaland Rodion]\n· A Stack massime, passa al prossimo stadio.\n· Infligge +(Stadio - 1) Sanguinamento e Lacerazione con gli effetti delle monete delle abilità di base di questa unità.\n· Ritorna allo stadio precedente se le Stack scendono sotto il minimo richiesto.",
      "summary": "",
      "undefined": "-"
    },
    {
      "id": "FestivalFeverRodion",
      "name": "Febbre Festiva",
      "desc": "- Valore Massimo: 10\n- Scade a fine turno\n- Contro bersagli con Sanguinamento: infligge +1.5% danni in più per ogni Stack\n- Le Abilità che consumano o fanno guadagnare Banchetto di Sangue infliggono invece +3% danni per ogni Stack",
      "summary": "",
      "undefined": "-"
    },
    {
      "id": "VibrationSpring",
      "name": "Vibrazione - CaricaMolla",
      "desc": "- Velocità Massima + 2\n- Usa 1 Vibrazione su sé stesso per infliggere 1 Potenza di Vibrazione o Stack quando quest'unità infligge Vibrazione con le sue Abilità o con gli effetti delle Monete\n- Quando colpito da mosse che attivano Scoppio Vibrazione, aumenta la Soglia di Vacillamento in base alla Potenza di quest'effetto\n- A fine Turno: riduce di 1 le Stack\n- (Interagisce allo stesso modo del normale Vibrazione agli effetti che ne aumentano Potenza/Stack)",
      "summary": "",
      "undefined": "-"
    },
    {
      "id": "DevyatDimensionalSackSinclair",
      "name": "Baule del Corriere - Sinclair",
      "desc": "- Valore Base: 0\n- A inizio Turno: ottiene 3 Stack\n- Le Stack non scadono alla ritirata, ma vengono invece immagazzinate\n- A 10+ Stack: aumenta i valori min e max della Velocità di 1\n- A 20+ Stack: Ottiene 1 Potenza scontro e 1 Danno Contundente Aumentato\n-  quando usa un'abilità, subisce (Stack/3)% danni ai PV e (Stack/3) danni ai PS\n· A fine Turno, subisce (Stack/2)% danni ai PV e (Stack/2) danni alla PS (si applica prima della ritirata)",
      "summary": "",
      "undefined": "-"
    },
    {
      "id": "Zazen",
      "name": "Dhyāna",
      "desc": "- Quantità Massima: 108\n- Infligge +1% danni in più per ogni Stack",
      "summary": "Infligge più danni"
    },
    {
      "id": "SwirlingBloodPersonality",
      "name": "Sangue Vorticoso【Sanguidemone】",
      "desc": "- Quantità Massima: 50\n-  Finchè quest'effetto è attivo, tutt i danni da Sanguinamento subiti dallo Scudo PV vengono convertiti in Banchetto di Sangue.\n- Ottiene uno scudo PV pari alle Stack nel momento in cui viene applicato\n-Scade a fine turno",
      "summary": ""
    },
    {
      "id": "BloodArmorPersonalityFirst",
      "name": "Sangue Coagulato",
      "desc": "- Valore Massimo: 10\n- Stadio 1 Sangue Coagulato\n- A 10+ Sangue Coagulato, diventa Sangue Coagulato II.\n- A 20+ Sangue Coagulato, diventa Sangue Coagulato III.\n- Ritorna allo stadio precedente se le Stack scendono sotto il minimo richiesto.\n- Sangue Coagulato non scende al di sotto di 1.\n- Aumenta i valori minimi e massimi di velocità di 1 per ogni 10 Sangue Coagulato\n- A Sangue Coagulato II, ottiene 1 Aumento Offensivo in base alle Stack\n- A Sangue Coagulato III, ottiene 1 Aumento Offensivo e 1 Fortificazione in base alle Stack",
      "summary": ""
    },
    {
      "id": "BloodArmorPersonalitySecond",
      "name": "Sangue Coagulato II",
      "desc": "- Valore Massimo: 20\n- Stadio 2: Sangue Coagulato\n- A inizio Turno: ottiene 1 Aumento Offensivo per ogni 5 Stack\n- Aumenta i valori massimi e minimi di velocità di 1\n- A 10+ Sangue Coagulato, diventa Sangue Coagulato II.\n- A 20+ Sangue Coagulato, diventa Sangue Coagulato III.\n- Ritorna allo stadio precedente se le Stack scendono sotto il minimo richiesto.\n- Sangue Coagulato non scende al di sotto di 1.\n- A Sangue Coagulato II, ottiene 1 Aumento Offensivo in base alle Stack\n- A Sangue Coagulato III, ottiene 1 Aumento Offensivo e 1 Fortificazione in base alle Stack",
      "summary": ""
    },
    {
      "id": "BloodArmorPersonalityThird",
      "name": "Sangue Coagulato III",
      "desc": "- Valore Massimo: 30\n- Stadio 3: Sangue Coagulato\n- A inizio Turno: ottiene 1 Aumento Offensivo e 1 Fortificazione per ogni 5 Stack\n- Aumenta i valori minimi e massimi di velocità di 2\n- A 10+ Sangue Coagulato, diventa Sangue Coagulato II.\n- A 20+ Sangue Coagulato, diventa Sangue Coagulato III.\n- Ritorna allo stadio precedente se le Stack scendono sotto il minimo richiesto.\n- Sangue Coagulato non scende al di sotto di 1.\n- A Sangue Coagulato II, ottiene 1 Aumento Offensivo in base alle Stack\n- A Sangue Coagulato III, ottiene 1 Aumento Offensivo e 1 Fortificazione in base alle Stack",
      "summary": ""
    },
    {
      "id": "SadLamanchaland",
      "name": "Responsabilità",
      "desc": "- Valore Massimo: 1\n- Potere di Scontro +1\n- Infligge il +20% in più di danno\n- Subisce il +20% in più di danni",
      "summary": ""
    },
    {
      "id": "FreishutzOutisEgoBullet_1st",
      "name": "La Prima Pallottola Magica",
      "desc": "- Infligge +20% danni\n- Aumenta la Soglia di Vacillamento del bersaglio in base al danno inflitto (max 30)"
    },
    {
      "id": "FreishutzOutisEgoBullet_2nd",
      "name": "La Seconda Pallottola Magica",
      "desc": "- Infligge +10% danni\n- Infligge danni ai bersagli che non sono il principale (max bersagli: 4); l bersaglio principale subisce 0 danni\n- Su colpo, infligge 3 Paralisi"
    },
    {
      "id": "FreishutzOutisEgoBullet_3rd",
      "name": "La Terza Pallottola Magica",
      "desc": "- Infligge +20% danni\n- Prima di attaccare: ottiene +2 Peso Attacco\n- Su colpo, infligge 2 Fiacchezza e 10 Bruciatura"
    },
    {
      "id": "FreishutzOutisEgoBullet_4th",
      "name": "La Quarta Pallottola Magica",
      "desc": "- Infligge +30% danni\n- Prima di attaccare: ottiene +3 Peso Attacco\n- Su colpo, Aumenta la Soglia di Vacillamento in base al danno inflitto (max 20); in seguito, infligge 3 Fragilità il prossimo turno"
    },
    {
      "id": "FreishutzOutisEgoBullet_5th",
      "name": "La Quinta Pallottola Magica",
      "desc": "- Infligge +30% danni\n- Prima di attaccare: ottiene +4 Peso Attacco\n- Su colpo, infligge 10 Bruciatura; in seguito, infligge 4 Calo Offesivo e 4 Calo Difensivo il prossimo turno"
    },
    {
      "id": "FreishutzOutisEgoBullet_6th",
      "name": "La Sesta Pallottola Magica",
      "desc": "- Prima di attaccare: ottiene +6 Peso Attaccot\n- Su colpo, aumenta la Soglia di Vacillamento in base al danno inflitto (max 30)\n- Riusa la Moneta per ogni 7 Bruciatura sul bersaglio (max 2 volte)\n- Valore Base Monete Testa -16\n- Valore base Monete Croce -22\n - Potere Testa -8\n - Potere Croce -12"
    },
    {
      "id": "FreishutzOutisEgoBullet_7th",
      "name": "La Settima Pallottola Magica",
      "desc": "- Infligge +200% danni\n- Infligge +2.5% più danni per ogni 1% PV mancanti al bersaglio (max 200%)\n- Prima di attaccare: per questo attacco, se la resistenza al danno perforante sul nemico e su sè stesso sono meno di 2.0, cambia in Fatale (x2.0)\n- Dopo l'attacco: quest'unità muore"
    },
    {
      "id": "FreishutzOutisEgoBulletCnt",
      "name": "Proiettile del Cecchino",
      "desc": "Usa munizioni differenti in base a Proiettile del Cecchino"
    },
    {
      "id": "CoveringFire",
      "name": "Bersaglio Individuato",
      "desc": "Se l'unità A applica quest'effetto all'unità B: l'unità B eseguirà un attacco indifendibile con l'Abilità 2 sullo stesso nemico che A ha attaccato. Si attiva alla fine dell'attacco dell'unità A.\n- La mossa usata da B non influisce sulle mosse presenti sulla Lista Abilità."
    },
    {
      "id": "FullReload",
      "name": "Ricaricare",
      "desc": "Lose all currently owned Ammo, and reload it back to full"
    },
    {
      "id": "Bullet_LogicAtelier",
      "name": "Munizioni - Atelier Logic",
      "desc": "Munizione Unica\nMunizione speciale dell'Atelier Logic\n- Questa munizione non può essere persa o guagagnata da effetti esterni"
    },
    {
      "id": "Retreat_FullStop",
      "name": "Sorveglianza",
      "desc": "- A fine Turno: si riprende dal Vacillamento e si ritira dall'incontro (a meno che non sia un Vacillamento forzato; non conta come morte)\n· Nelle battaglie a catena, gli slot di questa unità vengono dati all'unità che entra al suo posto, e viene spostata più in fondo possibile nell'ordine di schieramento (fugge completamente dall'Incontro se non ci sono altre Unità rimaste con cui scambiarsi di posto nel turno successivo. Quando torna in battaglia, torna nell'ordine di rititrata)\n· Quando ritorna in battaglia, ritorna con gli stessi PV e PS che aveva durante la ritirata, ed elimina tutti gli effetti sull'unità, tranne alcuni (Se questa unità aveva meno di 0 PS alla ritirata, torna in battaglia con 0 PS)"
    },
    {
      "id": "LogicAtelierAM",
      "name": "Concentrazione【Cecchino】",
      "desc": "- Max Stack: 4\n- A fine Turno: ottiene 1 Stack"
    },
    {
      "id": "MeleeCover",
      "name": "Supporto in Mischia",
      "desc": "- Se l'uniità A applica quest'effetto all'unità B: l'unità B esegue un attacco indifendibile con l'abilità 'Supporto in Mischia' contro lo stesso nemico che l'unità A ha attaccato. Si attiva alla fine dell'abilità di A.\n- L'abilità che viene usata dall'effetto 'Supporto in Mischia' non influenza la Barra Abilità di B"
    },
    {
      "id": "RequestedTarget",
      "name": "Bersaglio Richiesto",
      "desc": "+0.2 Resistanza ai tipi di attacchi con 1.5 o meno Resistenza. Se il bersaglio di quest'effetto muore, viene ottenuta 1 risorsa E.G.O per tutte le affinità, e l'unità che ha ucciso il bersaglio recupera 10 PS"
    },
    {
      "id": "GlowingLantern",
      "name": "Esca Fatata",
      "desc": "- Max Stack: 5\n- A inizio Turno: lo Slot più a sinistra della Barra Abilità ottiene +10 Raggiro\n- Subisce +50% danni\n- Quando viene colpito, infligge 1 Lacerazione all'attaccante (3 volte per abilità del bersaglio)\n· A meno del 50% dei PV, infligge 1 Lacerazione in più\n· Se il bersaglio ha 15+ Lacerazione, quest'effetto non infligge Lacerazione\n- Ridotto di 1 a fine turno"
    },
    {
      "id": "HoldingBreath",
      "name": "Respiro Profondo",
      "desc": "- Max Stack: 20\n- Quando si effettua un critico, a 15+ Potenza di Respiro e 5+ Stack di Respiro, consuma (Potenza di Respiro su sè stesso/ 5) Potenza di Respiro per infliggere +(potenza di Respiro consumata x 4)% più danno su colpo critico, e perde 1 Stack",
      "summary": "Deal more Damage on Critical Hit"
    },
    {
      "id": "NebulizerInhale",
      "name": "Nebulizzatore β",
      "desc": "- Max Stack: 5\n- Quest'effetto persiste per tutto l'incontro\n- Quando si attiva la Risonanza Superbia Assoluta: All'inizio del combattimento, applica 3 Respiro e +3 Stack di Respiro su sè stesso e (Stack totali) alleati (Dà priorità agli alleati che usano Respiro; tra loro, dà priorità a chi possiede meno Stack)",
      "summary": "Gain Poise and Poise Count"
    },
    {
      "id": "Hohenheim_LowMorale",
      "name": "Angoscia",
      "desc": "A inizio Turno: ottiene 1 Fragilità e 2 Efficenza Perdita PS"
    },
    {
      "id": "Hohenheim_Panic",
      "name": "Angoscia",
      "desc": "A inizio Turno: ottiene 2 Fragilità e 3 Efficenza Perdita PS"
    },
    {
      "id": "BlackCloud",
      "name": "Nuvola Nera",
      "desc": "Max Stack: 1\nConverte tutte le monete delle Abilità Offensive di quest'unità in [Moneta Infrangibile], previene che il danno faccia Vacillare quest'unità finchè non avrà terminato l'abilità e infligge +1 Sanguinamento in più con gli effetti.\nSe perde lo scontro: ottiene Valore finale +3\\nA fine Turno: quest'effetto termina"
    },
    {
      "id": "BlackCloudBlade",
      "name": "Lama della Nuvola Nera",
      "desc": "Max Stack: 1\nOttiene 1 Potenzia Tagliente\nnfligge 1 Sanguinamento su colpo con le Abilità Taglienti"
    },
    {
      "id": "EngageToBattle",
      "name": "Pronti alla Battaglia",
      "desc": "Valore Massimo: 1\n+1 a Potenza e alle Stack di Sanguinamento inflitte con le abilità o con gli effetti delle monete di quest'unità\nOttiene 1 Potenzia Tagliente e 3 Danno Tagliente Aumentato per la durata dell'incontro"
    },
    {
      "id": "CloudWall",
      "name": "Muro Cumuliforme",
      "desc": "Max Stack: 1\nValore finale Abilità Difensiva +1\nQuest'effetto scade a fine Turno o dopo che la seguente Abilità termina: 'Regole dei Vicoli'"
    },
    {
      "id": "ScarletResultUp",
      "name": "Potenzia Lussuria",
      "desc": "Le Abilità Lussuria ottengono Valore Finale in base alle Stack per un turno."
    },
    {
      "id": "NebulizerExhale",
      "name": "Nebulizzatore α",
      "desc": "- Max Stack: 5\n- Quest'effetto persiste durante tutto l'incontro\n- All'inizio del combattimento: applica 1 Potenza Respiro e +1 Stack di Respiro su tutti gli alleati, inclusa quest'unità."
    },
    {
      "id": "ReleaseBreath",
      "name": "Espirazione Superficiale",
      "desc": "- Valore Massimo: 1\n- A 20+ Potenza Respiro, ottiene +1 Stack quando questa unità guadagna Potenza o Stack di Respiro\n- Scade a fine turno"
    },
    {
      "id": "FirePunchFuel",
      "name": "Carburante del Distretto 12",
      "desc": "Max Stack: 100\nViene usato da alcune abilità.\nA meno di 50, diventa Carburante Surriscaldato",
      "summary": "",
      "undefined": "-"
    },
    {
      "id": "FirePunchFuelOverheated",
      "name": "Carburante Surriscaldato",
      "desc": "Max Stack: 100\nConsumare Carburante del Distretto 12 mentre l'unità è nello stato Carburante Surriscaldato consuma invece Carburante Surriscaldato\nConsumare Carburante Surriscaldato conta come consumare Carburante del Distretto 12\nA 50+ Stack, diventa Carburante del Distretto 12",
      "summary": "",
      "undefined": "-"
    },
    {
      "id": "DianxueDonQuixote",
      "name": "Colpo al Nervo - Don Quixote",
      "desc": "- Max Stack: 3\n- L'unità che ha inflitto questo Colpo al Nervo ottiene i seguenti effetti in base alle Stack di Colpo al Nervo del bersaglio (o della Parte bersagliata)\n· 1x Stack: Ottiene Potere di Scontro +1\n· 2x Stack: Ottiene Potere di Base +1\n· 3x Stack: Ottiene Potere di Scontro +1 e Potere di Base +1\n- L'effetto termina se l'unità che l'ha inflitto infligge quest'effetto contro un bersaglio o una Parte diversa\n- L'effetto viene sostituito quando un'altra unità infligge Colpo al Nervo",
      "summary": "",
      "undefined": "-"
    },
    {
      "id": "VengeanceBookSinclair",
      "name": "Libro della Vendetta [Sinclair]",
      "desc": "- Max Stack: 30\n- nfligge più danno pari al (Stack)% (max 30%)\n- Ottiene i seguenti effetti il prossimo turno in base alle Stack:\n· A 10+ Stack: ottiene 1 Danno Contundente Aumentato\n· A 20+ Stack: Velocità Massima +1, ottiene 1 Potere Incrementato\n· A 30+ Stack: ottiene 2 Danno Contundente Potenziato",
      "summary": "",
      "undefined": "-"
    },
    {
      "id": "VendettaMark",
      "name": "Marchio della Vendetta",
      "desc": "- Max Stack: 10\n- Viene usato da alcune Abilità o Passive\n- Subisce +2% danni in più dai nemici del Medio in base alle Stack (max 20%)\n- A fine Turno: l'unità con le Stack maggiori quantità di quest'effetto ottiene 1 Marchio della Vendetta Fraterno il prossimo turno\n(Calcolato separatemante da Marchio della Vendetta; se più di una singola unità ha il valore più alto di quest'effetto, viene bersagliata l'unità coi PV maggiori)",
      "summary": "",
      "undefined": "-"
    },
    {
      "id": "RetaliationBookFamily",
      "name": "Marchio della Vendetta Fraterno",
      "desc": "- Max Stack: 1\n-  Scade a fine turno\n- Tutte le unità trattano questo bersaglio come se avessero il proprio Marchio della Vendetta",
      "summary": "",
      "undefined": "-"
    },
    {
      "id": "BirdCage",
      "name": "Gabbia Bruciante",
      "desc": "Max Stack: 5\nSe quest'unità ha Bruciatura, ottiene +0.1 Resistenza ad Ira per ogni Stack che ha (non può andare oltre la Resistenza ad Ira massima, 2.0, con quest'effetto\nA fine Turno: ottiene Lentezza pari alle Stack nel turno successivo\nA fine Turno: dimezza le Stack (arrotondate per difetto)\n※ Non può ottenere altre Stack di quest'effetto mentre quest'ultimo è già attivo",
      "summary": "Wrath Resistance +0.1 for every Stack",
      "undefined": "-"
    },
    {
      "id": "WideAreaRampage",
      "name": "Raffica Incontrollabile",
      "desc": "- Quando questa abilità lancia le Monete, ogni Moneta viene lanciata contro un nemico casuale tra i suoi bersagli.\n· La prima Moneta prende sempre di mira il bersaglio principale.\n· Tutti gli effetti 'Sul Colpo' e tutti i danni inflitti da ogni Moneta vengono inflitti solo contro il bersaglio casuale selezionato dalla Moneta.",
      "summary": "Attack indiscriminately among selected targets",
      "undefined": "-"
    },
    {
      "id": "ActivatedEgoPassive",
      "name": "Passive E.G.O",
      "desc": "Passive E.G.O attive",
      "summary": "",
      "undefined": "-"
    }
  ]
}
