{
  "dataList": [
    {
      "id": "MuscleContraction",
      "name": "Automated Myofiber Activity",
      "desc": "- Max Stack: 2\n- Deal +15% damage per Stack\n- Combat Start: At 2 Stacks, convert all Coins of this unit's Attack Skills into Unbreakable Coins.\n- After Attack: Lose this effect",
      "summary": "",
      "undefined": "-"
    },
    {
      "id": "DuelEdge",
      "name": "The Duel Escalates",
      "desc": "- Max Stack: 99\n- 'The Thumb Apprentice - Lucio' gains Skill Power and deals more damage with every Clash with this unit\n- Expires at Turn End if this unit did not Clash with 'The Thumb Apprentice - Lucio' this turn",
      "summary": "",
      "undefined": "-"
    },
    {
      "id": "HostageCharon",
      "name": "Hostage Situation",
      "desc": "- When Clashing with 'The Thumb Apprentice - Lucio', Clash Power -1\n- Deal -20% damage to 'The Thumb Apprentice - Lucio'",
      "summary": "",
      "undefined": "-"
    },
    {
      "id": "SeveredTendon",
      "name": "Severed Tendon",
      "desc": "- Max Stack: 3\n- Base Attack Skill Base Power -1 for every Stack\n- Turn End: Lose 1 Stack",
      "summary": "",
      "undefined": "-"
    },
    {
      "id": "HowDareYouApple",
      "name": "The Audacity...!",
      "desc": "- Max Stack: 4\n- Deal +20% damage for every Stack\n- Consumed when using certain Skills",
      "summary": "",
      "undefined": "-"
    },
    {
      "id": "RapidGrowthApple",
      "name": "Rapid Growth",
      "desc": "- Max Stack: 3\n- Lose 1 Defense Level for every Stack; minimum Defense Level due to this effect: 1\n- Lose this effect when all Arms are broken",
      "summary": "",
      "undefined": "-"
    },
    {
      "id": "HumanFleshTheRings",
      "name": "Corpus Ingredient",
      "desc": "- Max Stack: 2\n- Unique Charge (fixed Potency)",
      "summary": "",
      "undefined": "-"
    },
    {
      "id": "BoneBladeTheRings",
      "name": "Artwork: Fascia",
      "desc": "- Turn Start: Gain 4 Base Power Up\n- When inflicting Bleed with Attack Skills, inflict additional 2 Bleed Potency",
      "summary": "",
      "undefined": "-"
    },
    {
      "id": "UnsteadyTheRings",
      "name": "Impact-rattled Armor",
      "desc": "- Max Stack: 3\n- When using 'Repressed Flesh', lose 10 Final Power for every Stack\n- At 3 Stacks after using 'Repressed Flesh', lose this effect and become Staggered until next turn",
      "summary": "",
      "undefined": "-"
    },
    {
      "id": "IronMaiden_LowMorale",
      "name": "Iron Maiden",
      "desc": "- Low Morale\n- Turn Start: Gain 1 Offense Level Down and 1 Defense Level Up",
      "summary": "Turn Start: Gain 1 Offense Level Down and 1 Defense Level Up",
      "undefined": "-"
    },
    {
      "id": "IronMaiden_Panic",
      "name": "Iron Maiden",
      "desc": "- Panic\n- Turn Start: Gain 2 Offense Level Down and 2 Defense Level Up",
      "summary": "Turn Start: Gain 2 Offense Level Down and 2 Defense Level Up",
      "undefined": "-"
    },
    {
      "id": "DicipleLittleFinger",
      "name": "Moonlit Azure Blade",
      "desc": "- Max Stack: 50\n- Turn Start: Gain 5 Shield for every Stack\n- +1% Damage on Critical Hit for every Stack\n- Lose 1 Stack when hit",
      "summary": "",
      "undefined": "-"
    },
    {
      "id": "RyoshuSlotPlusA1C9",
      "name": "Stench of Times Past",
      "desc": "- Skill Slot +1\n- Deal +10% damage to The House of Spiders enemies\n- When Staggered, immediately recover from Stagger at the start of the next turn and gain 1 Attack Power Up (once per Encounter)\n- Cannot Retreat",
      "summary": "Deal more damage to The House of Spiders enemies",
      "undefined": "-"
    },
    {
      "id": "ObservationMoses",
      "name": "Keen Observation",
      "desc": "- Cannot be targeted for Charmed\n- Deal +25% damage to Fairy",
      "summary": "",
      "undefined": "-"
    },
    {
      "id": "CalmAnalysisMoses",
      "name": "Untroubled Analysis",
      "desc": "- Deal +25% damage to Faelantern",
      "summary": "",
      "undefined": "-"
    },
    {
      "id": "TeachersCommand",
      "name": "The Thumb Nursefather's Command",
      "desc": "- Lose 5 Offense Levels",
      "summary": "",
      "undefined": "-"
    },
    {
      "id": "TeachersPet_LowMorale",
      "name": "Textbook",
      "desc": "- Clash Power +1 when Clashing against targets with The Duel Escalates\n- Clash Lose: Gain 1 Fragile next turn (once per turn)",
      "summary": "",
      "undefined": "-"
    },
    {
      "id": "TeachersPet_Panic",
      "name": "Textbook",
      "desc": "- Clash Power +2 when Clashing against targets with The Duel Escalates\n- Clash Lose: Gain 1 Fragile next turn (once per turn)",
      "summary": "",
      "undefined": "-"
    },
    {
      "id": "RyoshuStartA1C9",
      "name": "Rekindled Exhilaration",
      "desc": "- Deal +10% damage to The House of Spiders enemies\n- When Staggered, immediately recover from Stagger at the start of the next turn and gain 1 Attack Power Up (once per Encounter)",
      "summary": "",
      "undefined": "-"
    },
    {
      "id": "BreathLoss_LowMorale",
      "name": "Ragged Breath",
      "desc": "Turn Start: Lose 3 Poise Potency",
      "summary": "",
      "undefined": "-"
    },
    {
      "id": "BreathLoss_Panic",
      "name": "Ragged Breath",
      "desc": "Turn Start: Lose 5 Poise Potency",
      "summary": "",
      "undefined": "-"
    },
    {
      "id": "IndexPrescriptTargetMarkToEnemy",
      "name": "Mark of the Prescript",
      "desc": "- Apply Mark of the Prescript to a Base Attack Skill on this unit's Dashboard",
      "summary": "",
      "undefined": "-"
    },
    {
      "id": "IndexPrescriptTargetToEnemy",
      "name": "The Prescript's Target",
      "desc": "- Take +10% damage from The Index units\n- This effect is applied to a single target every turn regardless of the number of The Index units deployed",
      "summary": "",
      "undefined": "-"
    },
    {
      "id": "BlessingOfIndexPrescriptAlly",
      "name": "Grace of the Prescript",
      "desc": "- Offense Level +1 for every 3 Stacks\n- Max Stack: 9",
      "summary": "",
      "undefined": "-"
    },
    {
      "id": "IndexPrescript_Base",
      "name": "Prescript",
      "desc": "- Receive 'Prescript: [Paper Slip]' under specific conditions",
      "summary": "",
      "undefined": "-"
    },
    {
      "id": "IndexPrescriptFaust_0",
      "name": "Prescript: [Paper Slip] I",
      "desc": "Use a Skill marked with Mark of the Prescript or hit a target with a marked Skill.\n\n- Turn Start: At 0~2 Grace of the Prescript, gain this effect \n- Maximum stackable Grace of the Prescript with this Prescript is limited to 3",
      "summary": "",
      "undefined": "-"
    },
    {
      "id": "IndexPrescriptFaust_1",
      "name": "Prescript: [Paper Slip] II",
      "desc": "Hit a target with a Skill marked with Mark of the Prescript.\n\n- Turn Start: At 3~5 Grace of the Prescript, gain this effect\n- Maximum stackable Grace of the Prescript with this Prescript is limited to 6",
      "summary": "",
      "undefined": "-"
    },
    {
      "id": "IndexPrescriptFaust_2",
      "name": "Prescript: [Paper Slip] III",
      "desc": "Hit a target with E.G.O Awakening Skill or 'Skill 3' marked with Mark of the Prescript.\n\n- Turn Start: At 6~8 Grace of the Prescript, gain this effect\n- Maximum stackable Grace of the Prescript with this Prescript is limited to 9",
      "summary": "",
      "undefined": "-"
    },
    {
      "id": "IndexPrescriptFaust_3",
      "name": "Prescript: [Paper Slip] IV",
      "desc": "Eliminate all enemies before the next Prescript arrives.\n\n- Turn Start: At 9 Grace of the Prescript, gain this effect",
      "summary": "",
      "undefined": "-"
    },
    {
      "id": "KarmaOfIndexAlly",
      "name": "Karmic Consequence",
      "desc": "- Turn Start:\n· Gain 1 Defense Level Down for every 10 Stacks\n· Gain 1 Fragile for every 20 Stacks\n- Max Stack: 100\n",
      "summary": "",
      "undefined": "-"
    }
  ]
}