{
  "dataList": [
    {
      "id": "TipsinessRail",
      "name": "Tipsy",
      "desc": "Clash Power -{0} (Max 5)",
      "summary": "Lose Clash Power by the effect's Count"
    },
    {
      "id": "PassedPortal_Red",
      "name": "Hemorrhaging Dimension",
      "desc": "Pass through the Dimensional Rift to deal +{0}0% damage"
    },
    {
      "id": "PassedPortal_Green",
      "name": "Poisonous Dimension",
      "desc": "Pass through the Dimensional Rift to gain +20% max PV"
    },
    {
      "id": "PassedPortal_Yellow",
      "name": "Tremoring Dimension",
      "desc": "Pass through the Dimensional Rift to gain {0} Speed"
    },
    {
      "id": "PassedPortal_Blue",
      "name": "Electrifying Dimension",
      "desc": "Pass through the Dimensional Rift to gain Coin Power +{0}"
    },
    {
      "id": "FairyCharm",
      "name": "Charmed",
      "desc": "- All damage dealt to Fairy reduced to 0.\n- Expires when Fairy dies.",
      "summary": "Damage fixed to 0"
    },
    {
      "id": "DecoyRegenerated",
      "name": "Regenerate",
      "desc": "Number of Charmed Units +1 every time a part is restored",
      "summary": ""
    },
    {
      "id": "WaveFoxUmbrella",
      "name": "Protection Umbrella",
      "desc": "All parts gain Protection equal to {0}\nWhen using Waiting Skill, Summon {0} Vecchio Ombrello\n1 Spent every time an Umbrella is broken."
    },
    {
      "id": "InterlockingTime_Re",
      "name": "Interlocking Time",
      "desc": "Reduce final damage by 30% and store it. At 3 Count, take fixed damage by 2 times the accumulated damage, and gain 3 Bind next turn.",
      "summary": "Reduce final damage by 30% and store it. At 3 Count, take fixed damage by 2 times the accumulated damage, and gain 3 Bind next turn."
    },
    {
      "id": "TimeRental_Re",
      "name": "Borrowed Time",
      "desc": "At the end of the turn, gain 3 Haste, 2 Damage Up, and 2 Offense Level Up; If only 1 Count remains at the end of the turn, gain 3 Bind, 1 Attack Power Down, and 2 Vulnerabilità next turn",
      "summary": "At the end of the turn, gain 3 Haste, 2 Damage Up, and 2 Offense Level Up; If only 1 Count remains at the end of the turn, gain 3 Bind, 1 Attack Power Down, and 2 Vulnerabilità next turn"
    },
    {
      "id": "ReattachedCurseTag_Re",
      "name": "Reattached Curse Talisman",
      "desc": "At 9+, gain 5 Bind at the start of the turn.\nAt 12+, gain 5 Attack Power Down at the start of the turn. (Max 12)",
      "summary": "At 9+, gain 5 Bind at the start of the turn.\nAt 12+, gain 5 Attack Power Down at the start of the turn."
    },
    {
      "id": "WrappedCurseTagRe",
      "name": "Entangled Curse Talisman",
      "desc": "Deal +1% damage per Count\nAt 9+ Count, gain 2 Attack Power Down at turn start (Max 9)",
      "summary": " "
    },
    {
      "id": "AccumulatedPast",
      "name": "Accumulated Past",
      "desc": "Gain 11 at the end of the Turn.\nSpent completely when the Body Part is broken.",
      "summary": ""
    },
    {
      "id": "PrepareSinRose",
      "name": "Crown of Thorns",
      "desc": "Generates a Rose unit whose Affinity corresponds to the most-owned Skill Affinity of the target inflicted with this effect",
      "summary": ""
    },
    {
      "id": "BloomingRose",
      "name": "Blooming Sin",
      "desc": "At the end of the turn\n- Gain 1 Count.\n- {2} loses PV equal to 25% of Max PV.\n- Lose 10% of {1} E.G.O resource.\n- The Sign of Roses heals 5% of Max PV.\n\nAt 4 Count,\n- {2} dies.\n- Lose all of {1} E.G.O resource.",
      "summary": ""
    },
    {
      "id": "EatingSin",
      "name": "Drenched Sin",
      "desc": "Gain Max PV by {0}%(E.G.O resource drained).\n\nOn Death\n- Regain {0} of {1} E.G.O resource.\n- {2} heals PV by (25% of Identity's Max PV x Blooming Sin Stack at death).",
      "summary": ""
    },
    {
      "id": "EnhanceRose",
      "name": "Power-up State",
      "desc": "Power-up State passive activated",
      "summary": ""
    },
    {
      "id": "RailLine2Buff",
      "name": "Mirror Refraction",
      "summary": ""
    },
    {
      "id": "FullBloomRose",
      "name": "Bloomed Rose",
      "summary": ""
    },
    {
      "id": "KalpaVine",
      "name": "Brambles of Eternity",
      "desc": "All characters deal -{0}0% damage\nAll characters receive -{0}0% damage",
      "summary": ""
    }
  ]
}