{
  "dataList": [
    {
      "id": "AaCePbBa",
      "name": "Rumore Pallido",
      "desc": "Efficenza Perdita PS +2\n Se i PS sono a -45 o meno e quest'unità ha Rumore Pallido su di sé, ottiene Panico da Rumore il turno successivo.\nA Fine Turno: Riduce quest'effetto di 1",
      "summary": "Efficenza Perdita PS +2",
      "undefined": "-"
    },
    {
      "id": "AaCePbBb",
      "name": "Panico da Rumore",
      "desc": "Ogni Moneta lanciata da quest'unità cade sempre su croce.\nTermina a Fine Turno",
      "summary": "Ogni Moneta cade su croce",
      "undefined": "-"
    },
    {
      "id": "AaCePbBc",
      "name": "Impurità",
      "desc": "- Morale Basso\n- Ottiene 1 Vulnerabilità. Se quest'unità perde uno Scontro, il bersaglio perde 2 PS",
      "summary": "Il bersaglio perde 2 PS se quest'unità perde uno Scontro",
      "undefined": "-"
    },
    {
      "id": "AaCePbBd",
      "name": "Impurità",
      "desc": "- Panico\n- Ottiene 2 Vulnerabilità. Se quest'unità perde uno Scontro, il bersaglio perde 5 PS",
      "summary": "Il bersaglio perde 5 PS se quest'unità perde uno Scontro",
      "undefined": "-"
    },
    {
      "id": "AaCePbBi",
      "name": "La Prova del Fratellone",
      "desc": "A Fine Turno: Riduce il valore di 1\nQuando quest'effetto è attivo, subisce il doppio del danno dalle Abilità. Raddoppia la quantità di Soglia di Vacillamento che viene aumentata da Scoppio Vibrazione.\nQuest'effetto termina quando quest'unità Vacilla.\nSe quest'unità non Vaccila quando quest'effetto termina, ottiene, ottiene 5 Danno Aumentato all'inizio del turno successivo",
      "summary": "",
      "undefined": "-"
    },
    {
      "id": "AaCePbBe",
      "name": "Vendetta",
      "desc": "- Morale Basso\n- A Inizio Turno: Ottiene 1 Attacco Aumentato e 3 Calo Difensivo. Ottiene Danno Aumentato in base al danno subito nel turno precedente (1 Danno Aumentato per ogni 3% dei PV Max persi)",
      "summary": "Ottiene Danno Aumentato in base al danno subito nel turno precedente.",
      "undefined": "-"
    },
    {
      "id": "AaCePbBf",
      "name": "Vendetta",
      "desc": "- Panico\n- A Inizio Turno: Ottiene 2 Attacco Aumentato e 6 Calo Difensivo. Ottiene Danno Aumentato in base al danno subito nel turno precedente\n(1 Danno Aumentato per ogni 3% dei PV Max persi)",
      "summary": "Ottiene Danno Aumentato in base al danno subito nel turno precedente.",
      "undefined": "-"
    }
  ]
}
