{
  "dataList": [
    {
      "id": "FellBulletMark",
      "name": "Stigmatizzato",
      "desc": "- Bersagliato da Der Fluchschütze\n- Viene rimosso a Fine Turno",
      "summary": "",
      "undefined": "-"
    },
    {
      "id": "MRR501",
      "name": "Inflizione Rifrattiva",
      "desc": "",
      "summary": "",
      "undefined": "-"
    },
    {
      "id": "MRR502",
      "name": "Ottieni Rifrazione",
      "desc": "",
      "summary": "",
      "undefined": "-"
    },
    {
      "id": "MRR503",
      "name": "Mente Rifratta",
      "desc": "",
      "summary": "",
      "undefined": "-"
    },
    {
      "id": "MRR504",
      "name": "Respiro Rifratto",
      "desc": "",
      "summary": "",
      "undefined": "-"
    },
    {
      "id": "MRR505",
      "name": "Carica Rifratta",
      "desc": "",
      "summary": "",
      "undefined": "-"
    },
    {
      "id": "MRR506",
      "name": "Scoppio Rifratto",
      "desc": "",
      "summary": "",
      "undefined": "-"
    },
    {
      "id": "MRR507",
      "name": "Lacerazione Rifratta",
      "desc": "",
      "summary": "",
      "undefined": "-"
    },
    {
      "id": "MRR508",
      "name": "Pianto Rifratto",
      "desc": "",
      "summary": "",
      "undefined": "-"
    },
    {
      "id": "MRR509",
      "name": "Debolezza Distrutta",
      "desc": "",
      "summary": "",
      "undefined": "-"
    },
    {
      "id": "MRR510",
      "name": "Nebulizzatore",
      "desc": "",
      "summary": "",
      "undefined": "-"
    },
    {
      "id": "MRR511",
      "name": "Il Sicario Solitario",
      "desc": "",
      "summary": "",
      "undefined": "-"
    },
    {
      "id": "MRR512",
      "name": "Spirito del Combattimento Continuo",
      "desc": "",
      "summary": "",
      "undefined": "-"
    },
    {
      "id": "MRR513",
      "name": "Raccolta Risorse",
      "desc": "",
      "summary": "",
      "undefined": "-"
    },
    {
      "id": "MRR514",
      "name": "버프 이름",
      "desc": "",
      "summary": "",
      "undefined": "-"
    },
    {
      "id": "MRR515",
      "name": "Difesa Ostinata",
      "desc": "",
      "summary": "",
      "undefined": "-"
    },
    {
      "id": "MRR516",
      "name": "Vita o Morte",
      "desc": "",
      "summary": "",
      "undefined": "-"
    },
    {
      "id": "MRR517",
      "name": "Contrattacco d'Ira",
      "desc": "",
      "summary": "",
      "undefined": "-"
    },
    {
      "id": "MRR518",
      "name": "Pendente della Nostalgia",
      "desc": "",
      "summary": "",
      "undefined": "-"
    },
    {
      "id": "MRR519",
      "name": "버프 이름",
      "desc": "",
      "summary": "",
      "undefined": "-"
    },
    {
      "id": "MRR520",
      "name": "Diluvio di Proiettili Crudeli",
      "desc": "",
      "summary": "",
      "undefined": "-"
    },
    {
      "id": "MRR521",
      "name": "Manipolazione PV",
      "desc": "",
      "summary": "",
      "undefined": "-"
    },
    {
      "id": "MRR522",
      "name": "Concorso Pericoloso",
      "desc": "",
      "summary": "",
      "undefined": "-"
    },
    {
      "id": "MRR523",
      "name": "Banchetto Insanguinato",
      "desc": "",
      "summary": "",
      "undefined": "-"
    },
    {
      "id": "MRR524",
      "name": "Festival del Sangue",
      "desc": "",
      "summary": "",
      "undefined": "-"
    },
    {
      "id": "MRR526",
      "name": "Tagliente Rifrattivo",
      "desc": "",
      "summary": "",
      "undefined": "-"
    },
    {
      "id": "MRR527",
      "name": "Perforante Rifrattivo",
      "desc": "",
      "summary": "",
      "undefined": "-"
    },
    {
      "id": "MRR528",
      "name": "Contundente Rifrattivo",
      "desc": "",
      "summary": "",
      "undefined": "-"
    },
    {
      "id": "MRR529",
      "name": "Crescita Rifrattiva I",
      "desc": "",
      "summary": "",
      "undefined": "-"
    },
    {
      "id": "MRR530",
      "name": "Crescita Rifrattiva II",
      "desc": "",
      "summary": "",
      "undefined": "-"
    },
    {
      "id": "MRR531",
      "name": "버프 이름",
      "desc": "",
      "summary": "",
      "undefined": "-"
    },
    {
      "id": "MRR532",
      "name": "Vaporizzazione delle Risorse",
      "desc": "",
      "summary": "",
      "undefined": "-"
    },
    {
      "id": "MRR533",
      "name": "Sangue Fiorito",
      "desc": "",
      "summary": "",
      "undefined": "-"
    },
    {
      "id": "MRR534",
      "name": "Difesa Ostinata",
      "desc": "",
      "summary": "",
      "undefined": "-"
    },
    {
      "id": "MRR535",
      "name": "Vita o Morte",
      "desc": "",
      "summary": "",
      "undefined": "-"
    },
    {
      "id": "MRR536",
      "name": "Rabbia Rifratta",
      "desc": "",
      "summary": "",
      "undefined": "-"
    },
    {
      "id": "MRR537",
      "name": "Rifrazione PV II",
      "desc": "",
      "summary": "",
      "undefined": "-"
    },
    {
      "id": "MRR538",
      "name": "버프 이름",
      "desc": "",
      "summary": "",
      "undefined": "-"
    },
    {
      "id": "MRR539",
      "name": "Banchetto Insanguinato",
      "desc": "",
      "summary": "",
      "undefined": "-"
    },
    {
      "id": "MRR540",
      "name": "버프 이름",
      "desc": "",
      "summary": "",
      "undefined": "-"
    },
    {
      "id": "MRR541",
      "name": "버프 이름",
      "desc": "",
      "summary": "",
      "undefined": "-"
    },
    {
      "id": "MRR542",
      "name": "PV Refraction I",
      "desc": "",
      "summary": "",
      "undefined": "-"
    },
    {
      "id": "MRR543",
      "name": "Determinazione Duratura",
      "desc": "",
      "summary": "",
      "undefined": "-"
    },
    {
      "id": "FellBulletGroggy",
      "name": "Bersaglio nel Mirino",
      "desc": "- Non può essere rimosso\n- Se a Fine Turno il valore è a 0, viene stordito nel turno successivo\n- When using 'Designated Target Fire' Skill, if target isn't Stigmatized, lose 1 Stack\n- If the 'Designated Target Fire' Skill loses the Clash, lose 1 Stack\n- If the ally this unit targeted before using the 'Designated Target Fire' Skill is killed, lose 1 Stack",
      "summary": "",
      "undefined": "-"
    },
    {
      "id": "MRR544",
      "name": "Roulette del Potere",
      "desc": "",
      "summary": "",
      "undefined": "-"
    },
    {
      "id": "MRR545",
      "name": "Glass Cannon",
      "desc": "",
      "summary": "",
      "undefined": "-"
    },
    {
      "id": "MRR546",
      "name": "High-risk",
      "desc": "",
      "summary": "",
      "undefined": "-"
    },
    {
      "id": "MRR547",
      "name": "Power Roulette",
      "desc": "",
      "summary": "",
      "undefined": "-"
    },
    {
      "id": "MRR548",
      "name": "Perilous Contest",
      "desc": "",
      "summary": "",
      "undefined": "-"
    },
    {
      "id": "MRR549",
      "name": "Life or Death",
      "desc": "",
      "summary": "",
      "undefined": "-"
    },
    {
      "id": "MRR550",
      "name": "High-risk",
      "desc": "",
      "summary": "",
      "undefined": "-"
    },
    {
      "id": "MRR551",
      "name": "Refracted Bleed",
      "desc": "",
      "summary": "",
      "undefined": "-"
    },
    {
      "id": "MRR552",
      "name": "Refracted Determination",
      "desc": "",
      "summary": "",
      "undefined": "-"
    },
    {
      "id": "MRR553",
      "name": "A Single Breath",
      "desc": "",
      "summary": "",
      "undefined": "-"
    },
    {
      "id": "MRR554",
      "name": "Life or Death",
      "desc": "",
      "summary": "",
      "undefined": "-"
    },
    {
      "id": "MRR555",
      "name": "Clash Power Refraction",
      "desc": "",
      "summary": "",
      "undefined": "-"
    },
    {
      "id": "MRR556",
      "name": "Glass Cannon",
      "desc": "",
      "summary": "",
      "undefined": "-"
    },
    {
      "id": "MRR5BaseP",
      "name": "Active Buffs",
      "desc": "",
      "summary": "",
      "undefined": "-"
    },
    {
      "id": "MRR5BaseN",
      "name": "Active Trials",
      "desc": "",
      "summary": "",
      "undefined": "-"
    }
  ]
}
