{
  "dataList": [
    {
      "id": "BloodyHand_2nd",
      "name": "Mano Insanguinata II",
      "desc": "- Per qualunque effetto da cui si ottiene Mano Insanguinata si ottiene invece questo\n- Max Stack: 20\n- Valore Base: 10\n- Ottiene 1 Livello Offensivo per ogni 6 Stack",
      "summary": "",
      "undefined": "-"
    },
    {
      "id": "BloodyHand_3rd",
      "name": "Mano Insanguinata III",
      "desc": "- Per qualunque effetto da cui si ottiene Mano Insanguinata si ottiene invece questo\n- Max Stack: 30\n- Valore Base: 20\n- Ottiene 1 Potere Attacco\n- A 30 Stack: Sul Colpo con la propria Abilità, infligge 2 Lacerazione e +1 Conteggio Lacerazione aggiuntivi\n- A 30 Stack: Sul Colpo con la propria Abilità, infligge 3 Sanguinamento sia su di sé che al nemico",
      "summary": "",
      "undefined": "-"
    },
    {
      "id": "WornHeart",
      "name": "Cuore Sofferente",
      "desc": "- Max Stack: 10\n- Inizia l'Incontro con 3 Stack\n- Inizio Turno: ottiene 1 Calo Difensivo per ogni Stack\n- Inizio Turno: ottiene 1 Aumento Offensivo per ogni 2 Stack\n- Inizio Turno: a 10 Stack, ottiene 3 Vulnerabilità e perde 5 PS\n- A 10 Stack: Sul Colpo, si cura del 40% dei danni inflitti alle Parti e Nucleo di questa unità, e ottiene 2 Mano Insanguinata",
      "summary": "",
      "undefined": "-"
    },
    {
      "id": "StarvingPriestTwo",
      "name": "Avvizzito",
      "desc": "- Ha sete di sangue da molto, molto tempo.\n- Perde 25 Livello Offensivo Base\n- Perde 25 Livello Difensivo Base",
      "summary": "",
      "undefined": "-"
    },
    {
      "id": "Guilt_LowMorale",
      "name": "Rimorso",
      "desc": "Fine Turno: ottiene 1 Vulnerabilità e Efficenza Cura PS Ridotta",
      "summary": "",
      "undefined": "-"
    },
    {
      "id": "Guilt_Panic",
      "name": "Rimorso",
      "desc": "Fine Turno: ottiene 2 Vulnerabilità e 1 Efficenza Cura PS Ridotta",
      "summary": "",
      "undefined": "-"
    },
    {
      "id": "MentalIncreaseDown",
      "name": "Efficenza Cura PS Ridotta",
      "desc": "L'Efficenza di Cura PS si riduce in base alle Stack dell'effetto",
      "summary": "",
      "undefined": "-"
    },
    {
      "id": "AffectionTeddy",
      "name": "Attaccamento",
      "desc": "- Max Stack: 9\n- Quando l'Attaccante attacca il bersaglio con questo effetto, l'Attaccante ottiene Potere Scontro pari alle Stack\n- Fine Turno: si riduce di 1",
      "summary": "",
      "undefined": "-"
    },
    {
      "id": "FaintMemory",
      "name": "Tenui Ricordi",
      "desc": "- Stack Base: 10\n- Inizio Turno: ottiene Aumento Difensivo pari alle Stack\n- Scontro Perso: si riduce di 1",
      "summary": "",
      "undefined": "-"
    },
    {
      "id": "CursePackage",
      "name": "Scatola di Maledizioni",
      "desc": "- Max Stack: 1\n- Fine Turno: ottiene 1 Attacco Diminuito, 1 Difesa Diminuita, 2 Calo Offensivo, 2 Calo Difensivo, e riduce le Stack di questo effetto 1",
      "summary": "",
      "undefined": "-"
    },
    {
      "id": "TinyCarmilla",
      "name": "Carmillina",
      "desc": "- Max Stack: 3\n- Ottiene 2 Sanguinamento ogni volta che questa unità ottiene Carmillina\n- Fine Turno: ottiene +2 Conteggio Sanguinamento\n- Fine Turno: a 3 Stack, subisce danni fissi pari al 15% dei PV max di questa unità, si cura dei PV pari al 5% dei PV max di ogni nemico, infine questo effetto si esaurisce",
      "summary": "",
      "undefined": "-"
    },
    {
      "id": "OneDropNutrition",
      "name": "Una Goccia di Nutrimento",
      "desc": "- Max Stack: 10\n- Ottiene 1 Stack ogni volta che questa unità si cura del 10%dei suoi PV max con i suoi Attacchi cura-PV\n- PV curati: {0}%",
      "summary": "",
      "undefined": "-"
    },
    {
      "id": "ThornNoose",
      "name": "Lazo Spinato",
      "desc": "- Max Stack: 3\n- Fine Turno: ottiene 2 Lacerazione e +2 Conteggio Lacerazione\n- Fine Turno: a 1+ Stack, fissa la Velocità di questa unità ad 1.\n- Fine Turno: a 2 Stack, subisce 20 danni Gola.\n- Fine Turno: a 3 Stack, Vacilla forzatamente il turno successivo. Questo effetto e il Lazo Spinato connesso si esauriscono.\n- Ottiene 1 a Inizio Turno",
      "summary": "",
      "undefined": "-"
    },
    {
      "id": "SwirlingBlood",
      "name": "Luccichio【Sanguimonio】",
      "desc": "- Mentre questo effetto è attivo: quando questa unità subisce danni, l'Attaccante ottiene 5 Sanguinamento Dopo l'Attacco.\n- Mentre questo effetto è attivo: lo Scudo PV non si esaurisce a Fine Turno\n- Quando si verificano le condizioni, ottiene 3 Vulnerabilità finché questo effetto non finisce e questa unità ottiene un nuovo pattern",
      "summary": "",
      "undefined": "-"
    },
    {
      "id": "BloodArmor",
      "name": "Sangue Coagulato",
      "desc": "- Max Stack: 10\n- Stadio 1 Sangue Coagulato\n- Usato per Abilità Speciali",
      "summary": "",
      "undefined": "-"
    },
    {
      "id": "BloodArmor_2nd",
      "name": "Sangue Coagulato II",
      "desc": "- Max Stack: 20\n- Stadio 2 Sangue Coagulato\n- A Inizio Turno: ottiene 1 Livello Offensivo e Livello Difensivo per ogni 6 Stack\n- Aumenta Velocità Min & Max di 1\n- Usato per Abilità Speciali",
      "summary": "",
      "undefined": "-"
    },
    {
      "id": "BloodArmor_3rd",
      "name": "Sangue Coagulato III",
      "desc": "- Max Stack: 30\n- Stadio 3 Sangue Coagulato\n- A Inizio Turno: ottiene 2 Livello Offensivo e Livello Difensivo per ogni 6 Stack\n- Aumenta Velocità Min & Max di 2\n- Usato per Abilità Speciali",
      "summary": "",
      "undefined": "-"
    },
    {
      "id": "Dreamy",
      "name": "Esitazione Sognante",
      "desc": "- Perde 35 Livello Offensivo Base\n- Perde 35 Livello Difensivo Base",
      "summary": "",
      "undefined": "-"
    },
    {
      "id": "BloodringUp_LowMorale",
      "name": "Dissanguamento",
      "desc": "- Morale Basso\nSe il bersaglio non ha Sanguinamento, Potere Scontro -1; Sul Colpo, si cura di PV pari alla Potenza Sanguinamento sul bersaglio",
      "summary": "",
      "undefined": "-"
    },
    {
      "id": "BloodringUp_Panic",
      "name": "Dissanguamento",
      "desc": "- Panico\nSe il bersaglio ha Sanguinamento, Potere Scontro +2; se il bersaglio non ha Sanguinamento, Potere Scontro -2; Sul Colpo, si cura di PV pari alla Potenza Sanguinamento sul bersaglio",
      "summary": "",
      "undefined": "-"
    },
    {
      "id": "BloodDinner_Common_Accumulation",
      "name": "Emofagia Consumata (comune)",
      "desc": "Emofagia totale consumata in quest'Incontro",
      "summary": "",
      "undefined": "-"
    },
    {
      "id": "ThirstyRose",
      "name": "Rosa Assetata",
      "desc": "- Max Stack: 5\n- A Fine Turno: a 10+ Potenza Sanguinamento, subisce danno da Lussuria pari all'1% dei PV Max di quest'unità. (max 30)\n- A Fine Turno: si riduce di 1",
      "summary": "",
      "undefined": "-"
    },
    {
      "id": "RoseWedge",
      "name": "Aculeo di Rosa",
      "desc": "- Potenza Max: 10\n- Conteggio Max: 4\n- Ottiene 1 Potenza ogni volta che questa unità subisce 10 danni da Sanguinamento\n- Quando ottiene Sanguinamento o 'Sanguinamento Speciale' per un colpo subito, ottiene 2 Sanguinamento e infligge 1 Sanguinamento contro l'Attaccante. (5 volte per turno)\n· A 10 Potenza, ottiene +1 Conteggio Sanguinamento inoltre ad attivare tutti gli effetti precedenti.\n- Fine Turno: perde 1 Conteggio\n- Fine Combattimento: a 10 Potenza o 1 Conteggio, questo effetto finisce, e questa unità subisce (Potenza x 10) danni Lussuria.\n- Se l'unità che ha inflitto questo effetto muore, o quando questo effetto finisce: aumenta la quantità di Emofagia di (Potenza x 10), e infligge (Potenza x 2) danni Lussuria a tutti i suoi alleati (min 1)",
      "summary": "",
      "undefined": "-"
    },
    {
      "id": "FerrisWheel",
      "name": "La Ruota Continua",
      "desc": "Si riduce di 1 ogni volta che una Cabina viene sconfitta.\nSe questo valore è a 0, e se non ci sono unità da creare il prossimo turno, passa alla prossima fase.",
      "summary": "",
      "undefined": "-"
    },
    {
      "id": "StarvingDonqui",
      "name": "Affamato e Avvizzito",
      "desc": "- Perde 10 Livello Offensivo Base\n- Perde 10 Livello Difensivo Base",
      "summary": "",
      "undefined": "-"
    },
    {
      "id": "RegainedStrength",
      "name": "Sete di Sangue Ritornata",
      "desc": "- Max Stack: 10\n- Stage 1 Sete di Sangue Ritornata",
      "summary": "",
      "undefined": "-"
    },
    {
      "id": "RegainedStrength_2nd",
      "name": "Sete di Sangue Ritornata II",
      "desc": "- Max Stack: 20\n- Stage 2 Sete di Sangue Ritornata\n- Inizio Turno: ottiene 1 Aumento Offensivo e 1 Aumento Difensivo per ogni 5 Stack\n- Potere Scontro +1 alle Abilità che consumano Sete di Sangue Ritornata; infligge +1 Potenza e Conteggio aggiuntivi dei Sanguinamento e Lacerazione inflitti dalle suddette Abilità",
      "summary": "",
      "undefined": "-"
    },
    {
      "id": "RegainedStrength_3rd",
      "name": "Sete di Sangue Ritornata III",
      "desc": "- Max Stack: 30\n- Stage 3 Sete di Sangue Ritornata\n- Inizio Turno: ottiene 2 Aumento Offensivo e 1 Aumento Difensivo per ogni 5 Stack\n- Potere Moneta +1 alle Abilità che consumano Sete di Sangue Ritornata; infligge +1 Potenza e Conteggio aggiuntivi dei Sanguinamento e Lacerazione inflitti dalle suddette Abilità",
      "summary": "",
      "undefined": "-"
    },
    {
      "id": "WeightOfResponsibility_LowMorale",
      "name": "È tempo di abbandonare il mio sogno...",
      "desc": "- Morale Basso\n- Ottiene 2 Attacco Aumentato e 1 Vulnerabilità; aumenta Velocità Max di 2\n- Si cura di +30% PV in più quando si cura\n- Fine Turno: se la Sete di Sangue Ritornata attuale è inferiore alle sue Stack a Inizio Turno, ottiene 2 Aumento Offensivo e 2 Calo Difensivo",
      "summary": "",
      "undefined": "-"
    },
    {
      "id": "WeightOfResponsibility_Panic",
      "name": "... per la mia Famiglia, come loro Padre...",
      "desc": "- Panico\n- Ottiene 2 Attacco Aumentato, 2 Rapidità, e 2 Vulnerabilità\n- Si cura di +50% PV in più quando si cura\n- Fine Turno: se la Sete di Sangue Ritornata attuale è inferiore alle sue Stack a Inizio Turno, ottiene 3 Aumento Offensivo e 5 Calo Difensivo",
      "summary": "",
      "undefined": "-"
    },
    {
      "id": "Precarious",
      "name": "Sogno Irresponsabile",
      "desc": "Muore quando viene colpito da Don Quixote.",
      "summary": "",
      "undefined": "-"
    },
    {
      "id": "Penetration",
      "name": "Sangue Rapprendente",
      "desc": "Non può agire per 2 turni; forma un'unità Lancia Impalatrice sull'alleato.",
      "summary": "",
      "undefined": "-"
    },
    {
      "id": "DecreamentalDefense",
      "name": "Ferita Debilitante",
      "desc": "- Deve ancora riprendersi dalle ferite ricevute nell'ultimo combattimento.\n- Riduce notevolmente i PV massimi\n- Inizio Turno: ottiene 1 Calo Difensivo per ogni turno totale (max 15)",
      "summary": "",
      "undefined": "-"
    },
    {
      "id": "UnfinishedDream",
      "name": "IN CUI SI RACCONTA DELLA LIBERAZIONE DAL SANGUE CHE NON È ACQUA",
      "desc": "- Ad Ogni Fine Turno: ottiene 1 Rapidità e 3 Aumento Offensivo il turno successivo\n- Ottiene 2 Aumento Offensivo in più dopo ogni 3 turni (max 6)\n- A Scontro Vinto, si cura di 3 SP\n- Se Uccide, ottiene 1 Potere Scontro Aumentato il turno successivo (1 volta per turno)",
      "summary": "",
      "undefined": "-"
    },
    {
      "id": "SanchoMind_LowMorale",
      "name": "Gioia del Massacro Risvegliata",
      "desc": "- Morale Basso\nOttiene 2 Attacco Aumentato ad ogni Inizio Turno; +2 Efficenza PS",
      "summary": "",
      "undefined": "-"
    },
    {
      "id": "SanchoMind_Panic",
      "name": "Gioia del Massacro Risvegliata",
      "desc": "- Panico\nInizio Turno: ottiene 6 Aumento Difensivo. Ottiene 3 Aumento Offensivo il turno successivo",
      "summary": "",
      "undefined": "-"
    },
    {
      "id": "FragmentOfHope",
      "name": "IN CUI SI PARLA DELL'AUTOBUS, DEI COMPAGNI E DELLE AVVENTURE",
      "desc": "Ottiene Potere Scontro pari al valore",
      "summary": "",
      "undefined": "-"
    },
    {
      "id": "FragmentOfHopeTwo",
      "name": "DI COME SANCHO, LA NOSTRA DON QUIXOTE, SI RIFIUTÒ DI PORRE FINE AL SOGNO",
      "desc": "Potere Scontro +4 per ogni valore\nApplica Scudo a sé e agli alleati all'Inizio del Combattimento",
      "summary": "",
      "undefined": "-"
    },
    {
      "id": "ConfinementOfGoldenBranch",
      "name": "Mediazione Forzata del Ramo Dorato",
      "desc": "- Perde 30 Livello Offensivo Base\n- Perde 30 Livello Difensivo Base",
      "summary": "",
      "undefined": "-"
    }
  ]
}
