{
  "dataList": [
    {
      "id": 1,
      "name": "Yi Sang"
    },
    {
      "id": 2,
      "name": "Faust"
    },
    {
      "id": 3,
      "name": "Don Quixote"
    },
    {
      "id": 4,
      "name": "Ryōshū"
    },
    {
      "id": 5,
      "name": "Meursault"
    },
    {
      "id": 6,
      "name": "Hong Lu"
    },
    {
      "id": 7,
      "name": "Heathcliff"
    },
    {
      "id": 8,
      "name": "Ishmael"
    },
    {
      "id": 9,
      "name": "Rodion"
    },
    {
      "id": 10,
      "name": "Sinclair"
    },
    {
      "id": 11,
      "name": "Outis"
    },
    {
      "id": 12,
      "name": "Gregor"
    }
  ]
}