{
  "dataList": [
    {
      "id": "EGO_GIFT",
      "content": "E.G.O Gift"
    },
    {
      "id": "OnStageStart",
      "content": "Upon Stage Entry"
    },
    {
      "id": "IncludeSkillAttribute",
      "content": "with the [ATTRIBUTES] Sin Affinity Attack Skill"
    },
    {
      "id": "NotIncludeSkillAttribute",
      "content": "without the [ATTRIBUTES] Sin Affinity Attack Skill"
    },
    {
      "id": "NextBattle",
      "content": "participating in the next battle"
    },
    {
      "id": "LowestMp",
      "content": "with the lowest SP"
    },
    {
      "id": "FAILURE",
      "content": "that failed the Check"
    },
    {
      "id": "SUCCESS",
      "content": "that passed the Check"
    },
    {
      "id": "ADD",
      "content": "Add"
    },
    {
      "id": "SUB",
      "content": "Subtract"
    },
    {
      "id": "85560101CRIMSON",
      "content": "Crimson"
    },
    {
      "id": "85560101SCARLET",
      "content": "Scarlet"
    },
    {
      "id": "85560101AMBER",
      "content": "Amber"
    },
    {
      "id": "85560101SHAMROCK",
      "content": "Shamrock"
    },
    {
      "id": "85560101AZURE",
      "content": "Azure"
    },
    {
      "id": "85560101INDIGO",
      "content": "Indigo?"
    },
    {
      "id": "85560101VIOLET",
      "content": "Violet"
    }
  ]
}