{
  "dataList": [
    {
      "id": "event_judgement_above",
      "content": "<color=#f8c200>in Vantaggio</color>"
    },
    {
      "id": "event_judgement_below",
      "content": "<color=#e30000>in Svantaggio</color>"
    },
    {
      "id": "event_select_personality_to_proceed_judgement",
      "content": "Scegli un'Identità con cui affrontare la prova:"
    },
    {
      "id": "event_expected_success_rate_format",
      "content": "Probabilità Riuscita: {0}"
    },
    {
      "id": "all_attribute",
      "content": "Tutte le Affinità"
    }
  ]
}
