{
    "dataList": [
        {
            "id": "GetConfirmedObject",
            "content": "<color=#ebcaa2>Artefatto {reward} ottenuto!</color>"
        },
        {
            "id": "GetConfirmedCoin",
            "content": "<color=#ebcaa2>Artefatto/i {stack} {reward} ottenuto/i!</color>"
        },
        {
            "id": "LoseConfirmedCoin",
            "content": "<color=#ebcaa2>Artefatto/i {stack} {reward} perso/i!</color>"
        },
        {
            "id": "DestroyObject",
            "content": "<color=#ebcaa2>Artefatto {reward} </color> <color=#e30000>perso!</color>"
        },
        {
            "id": "GetConfirmedObjectOnWinBattle",
            "content": "<color=#ebcaa2>Vinci il prossimo combattimento per ottenere l'Artefatto {reward}!</color>"
        },
        {
            "id": "HiddenGiftUnlockHiddenRoute",
            "content": "<color=#ebcaa2>Si è aperta una nuova strada sulla mappa!</color>"
        }
    ]
}