{
  "dataList": [
    {
      "id": "Ally",
      "content": "Friendly Units"
    },
    {
      "id": "RandomAlly",
      "content": "Random Friendly Units"
    },
    {
      "id": "EveryAlly",
      "content": "All Allies"
    },
    {
      "id": "EveryEnemy",
      "content": "All Enemies"
    },
    {
      "id": "ChosenPersonality",
      "content": "The Selected Identity"
    },
    {
      "id": "HighestHpAlly",
      "content": "Friendly Units with the most PV"
    },
    {
      "id": "LowestHpAlly",
      "content": "Friendly Units with the least PV"
    },
    {
      "id": "HighestMpAlly",
      "content": "Friendly Units with the highest PS"
    },
    {
      "id": "LowestMpAlly",
      "content": "Friendly Units with the lowest PS"
    },
    {
      "id": "NotFullHpAlly",
      "content": "Friendly Units whose PV is not full"
    },
    {
      "id": "NotAffectedAlly",
      "content": "Allies unaffected by previous effects"
    },
    {
      "id": "LowestHpRatioAlly",
      "content": "Ally with the lowest PV percentage"
    },
    {
      "id": "Every",
      "content": "All"
    }
  ]
}