﻿{
  "dataList": [
    {
      "id": "cultivation_rewardShopButton",
      "content": "Scambio Ricompense"
    },
    {
      "id": "cultivation_missionbutton_normal",
      "content": "Obiettivi"
    },
    {
      "id": "cultivation_missionbutton_not_clear",
      "content": "Completa 8.5-3"
    },
    {
      "id": "cultivation_classbutton_normal",
      "content": "Studia"
    },
    {
      "id": "cultivation_classbutton_not_clear",
      "content": "Vai alla Sezione 8.5-4"
    },
    {
      "id": "cultivation_stagebutton_normal",
      "content": "Sezioni"
    },
    {
      "id": "cultivation_stagebutton_not_clear",
      "content": "Completa 8-33"
    },
    {
      "id": "cultivation_stagebutton_end_event",
      "content": "Evento Terminato"
    },
    {
      "id": "cultivation_bonus_preview",
      "content": "Unità con Bonus Evento"
    },
    {
      "id": "cultivation_storybutton_before_start",
      "content": "Completa 8.5-1"
    },
    {
      "id": "cultivation_storybutton_normal",
      "content": "Vai al Teatro"
    },
    {
      "id": "cultivation_bonus_popup_title",
      "content": "Unità con Bonus Evento"
    },
    {
      "id": "cultivation_bonusUI_Desc",
      "content": "During the event period, deploying the following Identities on your team will\nboost the amount of <color=#ffa7a7>[Introduzioni a Zhi, Yong, Ren]</color> earned.\nYou can earn a maximum of <color=#ffa7a7>120%</color> boost to the amount of event currency earned."
    },
    {
      "id": "cultivation_scrap_guide_title",
      "content": "Come usare la Valuta Evento"
    },
    {
      "id": "cultivation_rewardpage_desc",
      "content": "Durante l'evento, puoi ottenere delle <color=#ffa7a7>[Introduzioni a Zhi, Yong, Ren]</color> dopo aver completato le Sezioni Evento. Puoi ottenere le <color=#ffa7a7>[Introduzioni a Zhi, Yong, Ren]</color> anche completando per la prima volta le Sezioni della Storia Principale, completando il Dungeon Specchio, o ottenendo gli Obiettivi.\n\nA volte, potresti ottenere una <color=#ffa7a7>[Decisamente Non Una Pergamena Segreta]</color> completando le Sezioni Evento, le Sezioni della Storia Principale o i Dungeon Specchio.\nUna <color=#ffa7a7>[Decisamente Non Una Pergamena Segreta]</color> viene automaticamente convertita in 20 <color=#ffa7a7>[Introduzioni a Zhi, Yong, Ren]</color> dopo l'acquisizione.\n\nNella schermata <color=#ffa7a7>[Scambio Ricompense]</color>, puoi ottenere diverse ricompense con le <color=#ffa7a7>[Introduzioni a Zhi, Yong, Ren]</color> che hai ottenuto."
    },
    {
      "id": "cultivation_reward_popup_desc",
      "content": "Ottieni <color=#ffa7a7>[Introduzioni a Zhi, Yong, Ren]</color> nei seguenti modi:\ncompletando le Sezioni Evento & i Dungeon, completando il Dungeon Specchio,\ncompletando gli Obiettivi evento, e completando per la prima volta le Sezioni della Storia Principale & i Dungeon.\n\nNella schermata <color=#ffa7a7>[Scambio Ricompense]</color>, puoi ottenere diverse \nricompense con le <color=#ffa7a7>[Introduzioni a Zhi, Yong, Ren]</color> che hai ottenuto."
    },
    {
      "id": "cultivation_mission_reward_popup_desc",
      "content": "Completa i vari Obiettivi seguendo le lezioni per ottenere le <color=#ffa7a7>[Introduzioni a Zhi, Yong, Ren]</color>.\n\nUna volta terminato l'evento, non potrai più completare gli Obiettivi, ma le ricompense potranno essere riscattate."
    },
    {
      "id": "ask_xichun_class_node_enter",
      "content": "Tornare in classe\ne ricominciare a studiare?"
    },
    {
      "id": "not_playing_xichun_class_node",
      "content": "Non è ancora ora di fare lezione."
    },
    {
      "id": "not_playing_xichun_class_node_retry",
      "content": "La Lezione non è ancora terminata.\nSe vuoi seguire nuovamente la lezione, entra nella Sezione 8.5-4."
    }
  ]
}