﻿{
  "dataList": [
    {
      "id": "cultivation_rewardShopButton",
      "content": "Reward Exchange"
    },
    {
      "id": "cultivation_missionbutton_normal",
      "content": "Achievements"
    },
    {
      "id": "cultivation_missionbutton_not_clear",
      "content": "Clear 8.5-3"
    },
    {
      "id": "cultivation_classbutton_normal",
      "content": "Cultivate"
    },
    {
      "id": "cultivation_classbutton_not_clear",
      "content": "Enter 8.5-4"
    },
    {
      "id": "cultivation_stagebutton_normal",
      "content": "Stages"
    },
    {
      "id": "cultivation_stagebutton_not_clear",
      "content": "Clear 8-33"
    },
    {
      "id": "cultivation_stagebutton_end_event",
      "content": "Event Closed"
    },
    {
      "id": "cultivation_bonus_preview",
      "content": "Event Bonus Units"
    },
    {
      "id": "cultivation_storybutton_before_start",
      "content": "Clear 8.5-1"
    },
    {
      "id": "cultivation_storybutton_normal",
      "content": "To Theater"
    },
    {
      "id": "cultivation_bonus_popup_title",
      "content": "Event Bonus Units"
    },
    {
      "id": "cultivation_bonusUI_Desc",
      "content": "During the event period, deploying the following Identities on your team will\nboost the amount of <color=#ffa7a7>[Intro to Zhi, Yong, Ren]</color> earned.\nYou can earn a maximum of <color=#ffa7a7>120%</color> boost to the amount of event currency earned."
    },
    {
      "id": "cultivation_scrap_guide_title",
      "content": "Event Currency Guide"
    },
    {
      "id": "cultivation_rewardpage_desc",
      "content": "During the event, you can earn <color=#ffa7a7>[Intro to Zhi, Yong, Ren]</color> by clearing event Stages. You can also obtain <color=#ffa7a7>[Intro to Zhi, Yong, Ren]</color> by clearing Main Story Stages for the first time, by clearing the Mirror Dungeon, or by clearing Achievements.\n\nRarely, you may obtain <color=#ffa7a7>[Definitely Not A Secret Scroll]</color> from clearing Event Stages, Main Story Stages, or Mirror Dungeons,\nand <color=#ffa7a7>[Definitely Not A Secret Scroll]</color> is automatically converted to 20 <color=#ffa7a7>[Intro to Zhi, Yong, Ren]</color> upon acquisition.\n\nIn the <color=#ffa7a7>[Reward Exchange]</color> window, you can purchase various rewards by spending <color=#ffa7a7>[Intro to Zhi, Yong, Ren]</color> you have collected."
    },
    {
      "id": "cultivation_reward_popup_desc",
      "content": "Earn <color=#ffa7a7>[Intro to Zhi, Yong, Ren]</color> via the following methods:\nEvent Stage & Dungeon clears, Mirror Dungeon clears,\nAchievement clears, and Main Story Stage & Dungeon first-time clears.\n\nIn the <color=#ffa7a7>[Reward Exchange]</color> window, you can purchase various rewards\nby spending <color=#ffa7a7>[Intro to Zhi, Yong, Ren]</color> you have collected."
    },
    {
      "id": "cultivation_mission_reward_popup_desc",
      "content": "Complete various Achievements via classes to obtain <color=#ffa7a7>[Intro to Zhi, Yong, Ren]</color>.\n\nOnce the event period is over, you will no longer be able to complete the Achievements. However, the rewards will still remain claimable."
    },
    {
      "id": "ask_xichun_class_node_enter",
      "content": "Head back to the classroom\nto resume the studies?"
    },
    {
      "id": "not_playing_xichun_class_node",
      "content": "Classes aren't in session yet."
    },
    {
      "id": "not_playing_xichun_class_node_retry",
      "content": "The Classes are over.\nPlease enter Stage 8.5-4 if you would like to take those Classes again."
    }
  ]
}