{
  "dataList": [
    {
      "id": "daily_login_event_title",
      "content": "Roll Call Event"
    },
    {
      "id": "daily_login_event_description",
      "content": "※ You can receive log-in rewards each day when entering the game based on the game’s daily resets (D-0 06:00 ~ D+1 05:59 <KST>).\n※ Unclaimed rewards are lost the next day, so please make sure to redeem them in time."
    },
    {
      "id": "daily_login_event_weekly_format",
      "content": "Week {0}"
    },
    {
      "id": "daily_login_halloween_title",
      "content": "Halloween Attendance Check Event"
    },
    {
      "id": "daily_login_halloween_desc",
      "content": "▶ Receive a 「Decaextraction Ticket」 by collecting 7 Attendance Checks"
    },
    {
      "id": "daily_login_seventh_anniversary_desc",
      "content": "Log in during the event period\nand receive a Decaextraction Ticket"
    }
  ]
}