{
  "dataList": [
    {
      "id": "dawn_of_green_reward_button",
      "content": "Missions"
    },
    {
      "id": "dawn_of_green_story_theater_button",
      "content": "To Theater"
    },
    {
      "id": "dawn_of_green_normal_stage",
      "content": "Normal"
    },
    {
      "id": "dawn_of_green_hard_stage",
      "content": "Hard"
    },
    {
      "id": "dawn_of_green_hard_stage_unlock_condition",
      "content": "Clear Normal Difficulty to Unlock"
    },
    {
      "id": "reward_Noraml",
      "content": "Normal"
    },
    {
      "id": "reward_Hard",
      "content": "Hard"
    },
    {
      "id": "EVENT_NEWYEAR_2024_NORMAL",
      "content": "Normal"
    },
    {
      "id": "EVENT_NEWYEAR_2024_HARD",
      "content": "Hard"
    },
    {
      "id": "missionConditionTitle_10001",
      "content": "Dawn of Green entities defeated in a single Encounter"
    },
    {
      "id": "missionConditionTitle_10002",
      "content": "Dawn of Green - Doubt - γ entities defeated in a single Encounter"
    },
    {
      "id": "missionConditionTitle_10003",
      "content": "Dawn of Green - Doubt - δ entities defeated in a single Encounter"
    },
    {
      "id": "missionConditionTitle_10004",
      "content": "Complete Suppression without any ally deaths"
    },
    {
      "id": "missionConditionTitle_10005",
      "content": "Complete Suppression without any of the allies' SP dropping to -45 SP"
    },
    {
      "id": "missionConditionTitle_10006",
      "content": "Defeat 3 Dawn of Green entities with a single Attack Skill"
    },
    {
      "id": "missionConditionTitle_10007",
      "content": "Dawn of Green entities defeated by the Control Team Captain's Attack Skill in a single Encounter"
    },
    {
      "id": "missionConditionTitle_10008",
      "content": "Complete Suppression with Control Team Captain surviving and taking less than 10 hits from enemy Attack Skills"
    },
    {
      "id": "missionConditionTitle_20001",
      "content": "Dawn of Green entities defeated in a single Encounter"
    },
    {
      "id": "missionConditionTitle_20002",
      "content": "Dawn of Green - Doubt - γ entities defeated in a single Encounter"
    },
    {
      "id": "missionConditionTitle_20003",
      "content": "Dawn of Green - Doubt - δ entities defeated in a single Encounter"
    },
    {
      "id": "missionConditionTitle_20004",
      "content": "Complete Suppression without any ally deaths"
    },
    {
      "id": "missionConditionTitle_20005",
      "content": "Complete Suppression without any of the allies' SP dropping to -45 SP"
    },
    {
      "id": "missionConditionTitle_20006",
      "content": "Defeat 7 Dawn of Green entities with a single Attack Skill"
    },
    {
      "id": "missionConditionTitle_20007",
      "content": "Dawn of Green entities defeated by the Control Team Captain's Attack Skill in a single Encounter"
    },
    {
      "id": "missionConditionTitle_20008",
      "content": "Complete Suppression with Control Team Captain surviving and taking less than 5 hits from enemy Attack Skills"
    },
    {
      "id": "missionConditionTitle_30001",
      "content": "Complete all Missions in both Normal and Hard difficulties"
    },
    {
      "id": "dawnofgreen_rewardpage_desc",
      "content": "Suppress Dawn of Green entities in 'Normal' and 'Hard' difficulties from the Dawn of Green Ordeal.\n\nEarn various rewards by clearing these missions."
    },
    {
      "id": "mainui_battleresult_wa",
      "content": "Ordeals Suppressed"
    }
  ]
}