{
  "dataList": [
    {
      "id": "ADDITIONAL_START_COST",
      "description": "<color=#5bffde>Costo</color> Iniziale +{0}"
    },
    {
      "id": "ADDITIONAL_FLOOR_THEME_SLOT",
      "description": "Selezione <color=#5bffde>Pacchetto a Tema</color> +{0}"
    },
    {
      "id": "ADDITIONAL_SHOP_EGO_GIFT_SLOT",
      "description": "Scelta <color=#5bffde>Doni E.G.O del Negozio</color> +{0}"
    },
    {
      "id": "FREE_SHOP_REFRESH_EGO_GIFT_ONCE",
      "description": "{0} <color=#5bffde>Aggiornamento(i) Gratuito(i) normale(i) nei Negozi</color>"
    },
    {
      "id": "ADDITIONAL_START_COST_TEXT_HIGHLIGHT",
      "description": "<color=#5bffde>Costo</color> Iniziale <color=#f8c200>+{0}</color>"
    },
    {
      "id": "FREE_SHOP_REFRESH_EGO_GIFT_ONCE_TEXT_HIGHLIGHT",
      "description": "<color=#f8c200>{0}</color> <color=#5bffde>Aggiornamento(i) normale(i) nei Negozi</color> Gratuiti"
    },
    {
      "id": "ADDITIONAL_COST_RATE_ON_CLEAR_FLOOR",
      "description": "Quando ti sposti al piano successivo, incrementa il <color=#5bffde>saldo del Costo</color> corrente del {0}% (max {1})"
    },
    {
      "id": "ADDITIONAL_SHOP_SELL_EGO_GIFT_COST_RATE_ONCE",
      "description": "Incrementa il <color=#5bffde>prezzo di vendita dei Doni E.G.O</color> del {0}% (1 volta per Negozio)"
    },
    {
      "id": "ADDITIONAL_COST_RATE_ON_CLEAR_FLOOR_TEXT_HIGHLIGHT",
      "description": "Quando ti sposti al piano successivo, incrementa il <color=#5bffde>saldo del Costo</color> corrente del <color=#f8c200>{0}%</color> (max <color=#f8c200>{1}</color>)"
    },
    {
      "id": "ADDITIONAL_SHOP_SELL_EGO_GIFT_COST_RATE_ONCE_TEXT_HIGHLIGHT",
      "description": "Incrementa il <color=#5bffde>prezzo di vendita dei Doni E.G.O</color> del <color=#f8c200>{0}%</color> (1 volta per Negozio)"
    },
    {
      "id": "ADDITIONAL_FLOOR_THEME_REFRESH",
      "description": "Probabilità <color=#5bffde>Aggiornamento Pacchetto a Tema</color> +{0}"
    },
    {
      "id": "ADDITIONAL_PERSONALITY_LEVEL_ON_SELECT_NEW_FLOOR_THEME",
      "description": "Quando scegli un Pacchetto a Tema nuovo per la prima volta, tutte le Identità salgono di +{0} <color=#5bffde>Livello(i)</color> (max 9)"
    },
    {
      "id": "ADDITIONAL_FLOOR_THEME_REFRESH_TEXT_HIGHLIGHT",
      "description": "Probabilità <color=#5bffde>Aggiornamento Pacchetto a Tema</color> <color=#f8c200>+{0}</color>"
    },
    {
      "id": "GiveBuffOnRSOnNewFloorTheme",
      "description": "<color=#f8c200>Quando scegli un Pacchetto a Tema nuovo per la prima volta (solo sul Piano {4} o inferiore), ottieni {2} {1} nei suoi Incontri di combattimento</color>"
    },
    {
      "id": "ADDITIONAL_START_EGO_GIFT_SELECT",
      "description": "Scelta <color=#5bffde>Dono E.G.O</color> Iniziale +{0}"
    },
    {
      "id": "ACQUIRE_COST_AFTER_SELECT_STARLIGHT_BATTLE_REWARD",
      "description": "<color=#f8c200>Quando scegli 'Luce Stellare' da Ricompense Incontro - Carta, Costo +{0}</color>"
    },
    {
      "id": "ADDITIONAL_COST_AFTER_WIN_BATTLE",
      "description": "Ricompensa Incontro <color=#5bffde>Cost</color> +{0}%"
    },
    {
      "id": "ADDITIONAL_SHOP_HIGH_TIER_EGO_GIFT_CHANCE",
      "description": "<color=#5bffde>Probabilità maggiore per i Doni E.G.O di Grado alto</color> di apparire nei Negozi"
    },
    {
      "id": "ADDITIONAL_COST_AFTER_WIN_BATTLE_TEXT_HIGHLIGHT",
      "description": "Ricompensa <color=#5bffde>Cost</color> Incontro <color=#f8c200>+{0}%</color>"
    },
    {
      "id": "ACQUIRE_COST_BY_EGOGIFT_TIER_TOTAL_ON_ENTER_SHOP",
      "description": "<color=#f8c200>Quando entri in un Negozio, somma tutti i numeri dei Gradi dei Doni E.G.O correntemente posseduti ed ottieni la cifra come Costo (max {1})</color>"
    },
    {
      "id": "FREE_SHOP_KEYWORD_REFRESH_EGO_GIFT_ONCE",
      "description": "{0} <color=#5bffde>Aggiornamento(i) Parola Chiave del Negozio</color> Gratuito(i)"
    },
    {
      "id": "ACQUIRE_1_TIER_RANDOM_EGO_GIFT_ON_ENTER_1ST_FLOOR",
      "description": "Dopo essere entrato nel Piano 1, ottieni {0} <color=#5bffde>Dono(i) E.G.O</color> casuale(i) di Grado 1"
    },
    {
      "id": "FREE_SHOP_KEYWORD_REFRESH_EGO_GIFT_ONCE_TEXT_HIGHLIGHT",
      "description": "<color=#f8c200>{0}</color> <color=#5bffde>Aggiornamento(i) Parola Chiave del Negozio</color> Gratuito(i)"
    },
    {
      "id": "ACQUIRE_1_TIER_RANDOM_EGO_GIFT_ON_ENTER_1ST_FLOOR_TEXT_HIGHLIGHT",
      "description": "Dopo essere entrato nel Piano 1, ottieni <color=#f8c200>{0}</color> <color=#5bffde>Dono(i) E.G.O</color> casuale(i) di Grado 1"
    },
    {
      "id": "ADDITIONAL_ENHANCED_SHOP_APPEARANCE_PROB",
      "description": "<color=#f8c200>+{0}% di possibilità che appaia un Super Negozio</color>"
    },
    {
      "id": "ADDITIONAL_PERSONALITY_LEVEL_ON_ENTER_1ST_FLOOR",
      "description": "Dopo essere entrato nel Piano 1, tutte le Identità salgono di {0} <color=#5bffde>Livello(i)</color>"
    },
    {
      "id": "ADDITIONAL_PERSONALITY_LEVEL_ON_CLEAR_FLOOR",
      "description": "Dopo aver completato un Piano, tutte le Identità salgono di {0} <color=#5bffde>Livello(i)</color> (max {1})"
    },
    {
      "id": "ADDITIONAL_PERSONALITY_LEVEL_ON_CLEAR_FLOOR_TEXT_HIGHLIGHT",
      "description": "Dopo aver completato un Piano, tutte le Identità salgono di {0} <color=#5bffde>Livello(i)</color> (max <color=#f8c200>{1}</color>)"
    },
    {
      "id": "ADDITIONAL_PERSONALITY_LEVEL_ON_ENTER_6TH_FLOOR",
      "description": "<color=#f8c200>Dopo essere entrato nel Piano 6, tutte le Identità salgono di {0} Livello(i)</color>"
    },
    {
      "id": "MaxSpeedUpAdder",
      "description": "<color=#5bffde>Velocità Max</color> +{0}"
    },
    {
      "id": "GiveBuffOnRoundStart",
      "description": "Ottieni {2} <color=#5bffde>{1}</color>"
    },
    {
      "id": "MaxSpeedUpAdder_TEXT_HIGHLIGHT",
      "description": "<color=#5bffde>Velocità Max</color> <color=#f8c200>+{0}</color>"
    },
    {
      "id": "GiveBuffOnRoundStart_TEXT_HIGHLIGHT",
      "description": "Ottieni <color=#f8c200>{2}</color> <color=#5bffde>{1}</color>"
    },
    {
      "id": "ACQUIRE_3_TIER_RANDOM_MATERIAL_EGO_GIFT_ON_ENTER_SHOP",
      "description": "Dopo essere entrato in un Negozio, ottieni {0} <color=#5bffde>Dono E.G.O (solo tra quelli Acquistabili o Fondibili)</color> casuale di Grado 3 o minore"
    },
    {
      "id": "ACQUIRE_3_TIER_RANDOM_EGO_GIFT_ON_ENTER_3RD_FLOOR",
      "description": "Quando entri nel Piano 3, ottieni {0} <color=#5bffde>Dono(i) E.G.O</color> casuali di Grado 3"
    },
    {
      "id": "ACQUIRE_LOWER_TIER_RANDOM_EGO_GIFT_ON_COMBINE",
      "description": "Quando Fondi i Doni, ottieni un <color=#5bffde>Dono E.G.O casuale in più</color> di 2 Gradi inferiore al risultato della Fusione (il Dono fuso deve essere di Grado 3 o superiore) (una volta per Negozio)"
    },
    {
      "id": "ACQUIRE_3_TIER_RANDOM_MATERIAL_EGO_GIFT_ON_ENTER_SHOP_2",
      "description": "Dopo essere entrato in un Negozio, ottieni 1 <color=#5bffde>'Dono E.G.O Fondibile o Acquistabile'</color>\n<color=#f8c200>· Piano 1~5 : Grado 1~3\n· Piano 6 o superiore : Grado 2~3</color>"
    },
    {
      "id": "ACQUIRE_3_TIER_RANDOM_MATERIAL_EGO_GIFT_ON_ENTER_SHOP_3",
      "description": "Quando entri in un Negozio, ottieni 1 <color=#5bffde>'Dono E.G.O Fondibile o Acquistabile'</color>\n<color=#f8c200>· Piano 1~5 : Grado 2~3\n· Piano 6 o superiore : Grado 3~4</color>"
    },
    {
      "id": "ACQUIRE_3_TIER_RANDOM_EGO_GIFT_ON_ENTER_3F_5F",
      "description": "Dopo essere entrato nel Piano 3<color=#f8c200>/Piano 5</color>, ottieni 1 <color=#5bffde>Dono E.G.O</color> di Grado 3 della <color=#f8c200>Parola Chiave scelta</color>"
    },
    {
      "id": "ACQUIRE_4_TIER_RANDOM_EGO_GIFT_ON_ENTER_3F_5F_7F",
      "description": "Dopo essere entrato nel Piano 3<color=#f8c200>/Piano 5/Piano 7</color>, ottieni {0} <color=#5bffde>Dono(i) E.G.O</color> casuale(i) di <color=#f8c200>Grado 4</color> della <color=#f8c200>Parola Chiave scelta</color>"
    },
    {
      "id": "ACQUIRE_LOWER_TIER_RANDOM_EGO_GIFT_ON_COMBINE_1",
      "description": "Quando Fondi, ottieni un <color=#5bffde>Dono E.G.O casuale in più</color> di <color=#f8c200>1 Grado inferiore</color> al risultato della Fusione (il Dono fuso deve essere di Grado 3 o superiore) (una volta per Negozio)"
    },
    {
      "id": "ACQUIRE_3_TIER_RANDOM_KEYWORD_EGO_GIFT_ON_ENTER_1ST_FLOOR",
      "description": "All'entrata del Dungeon Specchio, ottieni {0} <color=#5bffde>Dono E.G.O</color> di Grado 3 a scelta in base alla Parola Chiave che hai selezionato (se non ci sono più Doni che soddisfano queste condizioni, appariranno Doni di un Grado più basso)"
    },
    {
      "id": "ACQUIRE_3_TIER_RANDOM_KEYWORD_EGO_GIFT_ON_ENTER_1ST_FLOOR_TEXT_HIGHLIGHT",
      "description": "All'entrata del Dungeon Specchio, ottieni {0} <color=#5bffde>Doni E.G.O</color> di <color=#f8c200>Grado 3</color> <color=#f8c200>a scelta</color> in base alla Parola Chiave che hai selezionato (se non ci sono più Doni che soddisfano queste condizioni, appariranno Doni di un Grado più basso)"
    }
  ]
}
