{
  "dataList": [
    {
      "id": 910301,
      "name": "Cap. 3.5 Dungeon Galline da Incubo"
    },
    {
      "id": 910302,
      "name": "Cap. 3.5 Dungeon Galline da Incubo (Modalità Difficile)"
    },
    {
      "id": 910701,
      "name": "Cap. 5.5 Dungeon Cedo la Carne per Strappare le Ossa"
    },
    {
      "id": 910901,
      "name": "Cap. 6.5 Dungeon Tempo Ammazzatempo"
    },
    {
      "id": 911401,
      "name": "Cap. 7.5 Dungeon Controllo di Routine LCB"
    },
    {
      "id": 911501,
      "name": "Cap. 5.5 Dungeon Cedo la Carne per Strappare le Ossa (Modalità Difficile)"
    },
    {
      "id": 911801,
      "name": "Ch. 6.5 Dungeon Tempo Ammazzatempo (Modalità Difficile)"
    }
  ]
}