{
  "dataList": [
    {
      "id": "dungeon_1_8_0101",
      "content": "Ground Level Laboratory - Entrance n"
    },
    {
      "id": "dungeon_1_8_0102",
      "content": "Preparation Room"
    },
    {
      "id": "dungeon_1_8_0103",
      "content": "Quarantine Office"
    },
    {
      "id": "dungeon_1_8_0104",
      "content": "Ground Level Laboratory - Entrance n"
    },
    {
      "id": "dungeon_1_8_0105",
      "content": "Waste Disposal"
    },
    {
      "id": "dungeon_1_8_0106",
      "content": "Laboratory 4"
    },
    {
      "id": "dungeon_1_8_0107",
      "content": "Research Wing"
    },
    {
      "id": "dungeon_1_8_0108",
      "content": "Execution Room"
    },
    {
      "id": "dungeon_1_8_0109",
      "content": "Experimentation Zone"
    },
    {
      "id": "dungeon_1_8_0110",
      "content": "Laboratory 1"
    },
    {
      "id": "dungeon_1_8_0111",
      "content": "Closed Laboratory"
    },
    {
      "id": "dungeon_1_8_0112",
      "content": "Laboratory 2"
    }
  ]
}