{
  "dataList": [
    {
      "id": "ADDITIONAL_COST_RATE_ON_CLEAR_FLOOR",
      "description": "Quando ti sposti al Piano successivo, il <color=#ff6000>saldo del Costo</color> corrente aumenta di {0}% (max 100)"
    },
    {
      "id": "ADDITIONAL_SHOP_SELL_EGO_GIFT_COST_RATE_ONCE",
      "description": "Aumenta il <color=#ff6000>costo dei Doni E.G.O Gift</color> del {0}% (una volta per Negozio)"
    },
    {
      "id": "ADDITIONAL_FLOOR_THEME_SLOT",
      "description": "<color=#ff6000>Selezione Pacchetto a Tema</color> +{0}"
    },
    {
      "id": "ADDITIONAL_FLOOR_THEME_REFRESH",
      "description": "<color=#ff6000>Numero di Aggiornamenti Pacchetto a Tema</color> +{0}"
    },
    {
      "id": "ADDITIONAL_PERSONALITY_LEVEL_ON_SELECT_NEW_FLOOR_THEME",
      "description": "Quando scegli un Pacchetto a Tema nuovo per la prima volta, tutte le Identità salgono di {0} <color=#ff6000>Livello(i)</color> (max 9)"
    },
    {
      "id": "ADDITIONAL_SHOP_EGO_GIFT_SLOT",
      "description": "<color=#ff6000>Selezione Doni E.G.O nel Negozio</color> +{0}"
    },
    {
      "id": "ADDITIONAL_PERSONALITY_LEVEL_ON_ENTER_1ST_FLOOR",
      "description": "Dopo l'entrata, tutte le Identità salgono di {0} <color=#ff6000>Livello(i)</color>"
    },
    {
      "id": "ADDITIONAL_PERSONALITY_LEVEL_ON_CLEAR_FLOOR",
      "description": "Dopo aver completato un Piano, tutte le Identità salgono di {0} <color=#ff6000>Livello(i)</color> (max 5)"
    },
    {
      "id": "ACQUIRE_3_TIER_RANDOM_MATERIAL_EGO_GIFT_ON_ENTER_SHOP",
      "description": "Dopo essere entrato in un Negozio, ottieni {0} <color=#ff6000>Dono(i) E.G.O Esclusivo(i) della Fusione o Comprabile(i)</color> casuale(i) di Rango 3 o minore "
    },
    {
      "id": "ACQUIRE_3_TIER_RANDOM_EGO_GIFT_ON_ENTER_3RD_FLOOR",
      "description": "Dopo essere entrato nel Piano 3, ottieni {0} <color=#ff6000>Dono(i) E.G.O di Rango 3</color> casuale(i)"
    },
    {
      "id": "ACQUIRE_LOWER_TIER_RANDOM_EGO_GIFT_ON_COMBINE",
      "description": "Quando Fondi, ottieni un <color=#ff6000>Dono E.G.O casuale in più</color> di 2 Gradi al di sotto del risultato della Fusione (quest'ultima dev'essere di Rango 3 o superiore) (una volta per Negozio)"
    },
    {
      "id": "ADDITIONAL_START_EGO_GIFT_SELECT",
      "description": "Scelta <color=#ff6000>Dono E.G.O Iniziale</color> +{0}"
    },
    {
      "id": "ACQUIRE_3_TIER_RANDOM_KEYWORD_EGO_GIFT_ON_ENTER_1ST_FLOOR",
      "description": "Dopo l'entrata, ottieni {0} <color=#ff6000>Dono(i) E.G.O di Grado 3 a scelta</color> in base alla Parola Chiave che hai selezionato"
    },
    {
      "id": "REVIVE_ONCE_PER_FLOOR",
      "description": "Alla fine di ogni Incontro: Rianima {0} alleato(i) (una volta per Piano)"
    },
    {
      "id": "FREE_SHOP_REFRESH_EGO_GIFT_ONCE",
      "description": "Un <color=#ff6000>Aggiornamento normale</color> Gratuito per Negozio"
    },
    {
      "id": "ADDITIONAL_START_COST",
      "description": "<color=#ff6000>Costo di Partenza Cost</color> +{0}"
    },
    {
      "id": "ADDITIONAL_COST_AFTER_WIN_BATTLE",
      "description": "<color=#ff6000>Costo Ricompensa per l'Incontro</color> +{0}%"
    },
    {
      "id": "ADDITIONAL_SHOP_HIGH_TIER_EGO_GIFT_CHANCE",
      "description": "Possibilità aumentata per i <color=#ff6000>Doni E.G.O di Grado alto</color> di apparire nei Negozi"
    },
    {
      "id": "FREE_SHOP_KEYWORD_REFRESH_EGO_GIFT_ONCE",
      "description": "Un <color=#ff6000>Aggiornamento Parola Chiave</color> Gratuito per Negozio"
    },
    {
      "id": "ACQUIRE_2_TIER_RANDOM_EGO_GIFT_ON_ENTER_2ND_FLOOR",
      "description": "Dopo essere entrato nel Piano 2, ottieni {0} <color=#ff6000>Dono(i) E.G.O di Grado 2</color> casuale(i)"
    },
    {
      "id": "ACQUIRE_1_TIER_RANDOM_EGO_GIFT_ON_ENTER_1ST_FLOOR",
      "description": "Dopo essere entrato nel Piano 1, ottieni {0} <color=#ff6000>Dono(i) E.G.O di Grado 1</color> casuale(i)"
    },
    {
      "id": "MaxSpeedUpAdder",
      "description": "<color=#ff6000>VEL Max</color> +{0}"
    },
    {
      "id": "GiveBuffOnRoundStart",
      "description": "Ottieni {2} <color=#ff6000>{1}</color>"
    }
  ]
}
