{
  "dataList": [
    {
      "id": 910901,
      "stageList": [
        {
          "id": 910901,
          "title": "Meandri dello Squartatempo"
        },
        {
          "id": 910902,
          "title": "Meandri dello Squartatempo"
        },
        {
          "id": 910903,
          "title": "Meandri dello Squartatempo"
        },
        {
          "id": 910904,
          "title": "Meandri dello Squartatempo"
        },
        {
          "id": 910905,
          "title": "Meandri dello Squartatempo"
        },
        {
          "id": 910906,
          "title": "Meandri dello Squartatempo"
        },
        {
          "id": 910907,
          "title": "Meandri dello Squartatempo"
        },
        {
          "id": 910908,
          "title": "Meandri dello Squartatempo"
        },
        {
          "id": 910909,
          "title": "Meandri dello Squartatempo"
        },
        {
          "id": 910910,
          "title": "Meandri dello Squartatempo"
        },
        {
          "id": 910911,
          "title": "Meandri dello Squartatempo"
        },
        {
          "id": 910912,
          "title": "Meandri dello Squartatempo"
        },
        {
          "id": 910913,
          "title": "Meandri dello Squartatempo"
        },
        {
          "id": 910914,
          "title": "Meandri dello Squartatempo"
        },
        {
          "id": 910915,
          "title": "Meandri dello Squartatempo"
        },
        {
          "id": 910916,
          "title": "Meandri dello Squartatempo"
        },
        {
          "id": 910917,
          "title": "Meandri dello Squartatempo"
        },
        {
          "id": 910918,
          "title": "Meandri dello Squartatempo"
        },
        {
          "id": 910919,
          "title": "Meandri dello Squartatempo"
        },
        {
          "id": 910920,
          "title": "Meandri dello Squartatempo"
        }
      ]
    }
  ]
}