{
  "dataList": [
    {
      "id": 2061,
      "name": "Coin",
      "desc": "Hong Lu deals +0.5% damage for every Coin\n\n<i><color=#a16a3b>Artifacts used for the second round of the Family Hierarch Evaluation. Candidates without any remaining coins, either lost or taken by force, will be immediately eliminated.</color></i>",
      "simpleDesc": [
        {
          "abilityID": 2061,
          "simpleDesc": "Hong Lu deals +0.5% damage for every Coin"
        }
      ]
    },
    {
      "id": 2062,
      "name": "Worn Entry Card",
      "desc": "A broken and battered entry card.\nMaybe it opens a door somewhere."
    },
    {
      "id": 2063,
      "name": "Heavenly King's Heartmending Pill",
      "desc": "Turn End: 1 ally with the least SP heals 10 SP",
      "simpleDesc": [
        {
          "abilityID": 2063,
          "simpleDesc": "Every Turn End: 1 ally with the least SP heals 10 SP at Turn End"
        }
      ]
    },
    {
      "id": 2064,
      "name": "Tranquil Lotus Bolus",
      "desc": "Turn End: heal 5% HP for 1 ally with the least HP percentage (rounded down)",
      "simpleDesc": [
        {
          "abilityID": 2064,
          "simpleDesc": "Heal the affected unit by 5% HP"
        }
      ]
    },
    {
      "id": 2065,
      "name": "Sanguine Blossom Bolus",
      "desc": "Turn Start: among allies who lost HP, 1 ally with the least HP percentage deals +(missing HP percentage / 4)% damage (rounded down)",
      "simpleDesc": [
        {
          "abilityID": 2065,
          "simpleDesc": "The affected unit deals +(missing HP percentage /4)% damage"
        }
      ]
    },
    {
      "id": 2066,
      "name": "Tenacity Bolus",
      "desc": "Turn Start: 1 ally with the highest max HP gains [DefenseUp] equal to the number of times that unit was hit by the enemies' Skill Attacks (max 6)",
      "simpleDesc": [
        {
          "abilityID": 2066,
          "simpleDesc": "Gain Defense Level Up equal to the number of times this unit was hit"
        }
      ]
    },
    {
      "id": 2067,
      "name": "Flower in the Mirror",
      "desc": "Every Turn Start: inflict 3 [Burst] Potency and +1 [Burst] Count to all enemies without [Burst] (for Focused Encounters, all Parts)\n\n<i><color=#a16a3b>How heartless they are—the flowing stream and the wilting blossom both.</color></i>",
      "simpleDesc": [
        {
          "abilityID": 2067,
          "simpleDesc": "Inflict 3 Rupture Potency and +1 Rupture Count to all enemies/Parts without Rupture"
        }
      ]
    },
    {
      "id": 2068,
      "name": "Accursed Codex",
      "desc": "First Turn Start of an Encounter: every Identity on the field loses 5 SP and gains 1 [ShamrockResultUp] and 1 [ShamrockDamageUp] for 3 turns. ",
      "simpleDesc": [
        {
          "abilityID": 2068,
          "simpleDesc": "Deployed units lose 5 SP; affected units gain Gluttony Power Up and Gluttony DMG Up for 3 turns"
        }
      ]
    },
    {
      "id": 2069,
      "name": "Madness-inscribed Codex",
      "desc": "First Turn Start of an Encounter: every Identity on the field loses 5 SP and gains 1 [ShamrockResultUp] and 1 [ShamrockDamageUp] for this Encounter.\nOn Clash Lose, lose 5 SP; convert the Skill's final Coin to [SuperCoin]. (except E.G.O Skills; once per turn per Identity)",
      "simpleDesc": [
        {
          "abilityID": 2069,
          "simpleDesc": "Combat Deployed units lose 5 SP; affected units gain Gluttony Power Up and Gluttony DMG Up for this Encounter"
        },
        {
          "abilityID": 20691,
          "simpleDesc": "Lose 5 SP on Clash Lose. Convert the Skill's final Coin to Unbreakable Coin"
        }
      ]
    },
    {
      "id": 2070,
      "name": "Moon in the Water",
      "desc": "On Hit against enemies with 5+ Rupture Potency: gain 1 Poise Potency and +1 Poise Count (3 times per Skill)\n\n<i><color=#a16a3b>How heartless they are—the flowing stream and the wilting blossom both.</color></i>",
      "simpleDesc": [
        {
          "abilityID": 2070,
          "simpleDesc": "On Hit against enemies with 5+ Rupture: gain Poise Potency and Count"
        }
      ]
    },
    {
      "id": 2071,
      "name": "Flower Mound",
      "desc": "Skills that inflict [Burst]: Clash Power +1, deal +10% damage\nIf targets with 15+ [Burst] Potency is defeated After Attack, the Identity that defeated that unit gains 2 [AttackUp] next turn (3 times per Skill)\n\n<i><color=#a16a3b>Beneath the glacial moon I lay the blossom's soul to rest</color></i>",
      "simpleDesc": [
        {
          "abilityID": 2071,
          "simpleDesc": "Skills that inflict Rupture: Clash Power +1, deal +10% damage"
        },
        {
          "abilityID": 20712,
          "simpleDesc": "If a target with 15+ Rupture is defeated, the unit that defeated it gains 2 Offense Level Up next turn"
        }
      ]
    },
    {
      "id": 2072,
      "name": "Lightening Axe",
      "desc": "Gain 1 [Charge] every time this unit consumes 10 cumulative [Charge] Count in this Encounter\nTurn End: At 2+ [Charge], gain 1 [ParryingResultUp] next turn\nOn Hit with a Skill that consumed 5+ [Charge]: inflict 1 [Burst] Potency (3 times per Skill)",
      "simpleDesc": [
        {
          "abilityID": 2072,
          "simpleDesc": "Gain 1 Charge every time this unit consumes 10 Charge Count"
        },
        {
          "abilityID": 20721,
          "simpleDesc": "At 2+ Charge, gain 1 Clash Power Up next turn"
        },
        {
          "abilityID": 20722,
          "simpleDesc": "On Hit with Skills that consumed 5+ Charge Count: inflict 1 Rupture"
        }
      ]
    },
    {
      "id": 2073,
      "name": "Heartrender Talisman",
      "desc": "Gluttony Skills deal +10% damage against enemies with Deathrite effects\nFor Identities at -15 or less SP at Combat Start: convert the final Coin for their Skills into [SuperCoin] (once per turn per Identity; prioritizes the Skill in the leftmost Skill Slot; except E.G.O Skills)",
      "simpleDesc": [
        {
          "abilityID": 2073,
          "simpleDesc": "Gluttony Skills deal +10% damage against enemies with Deathrite effects"
        },
        {
          "abilityID": 20731,
          "simpleDesc": "At -15 or less SP: convert the final Coin for their Skills into Unbreakable Coin"
        }
      ]
    },
    {
      "id": 2074,
      "name": "Bloodsevering Blade",
      "desc": "Clash Power +1 when not at full HP.\nWhen an affected unit hits, deal +1% damage for every ([Laceration] Potency on target + [Laceration] Count on target) (max 20%)",
      "simpleDesc": [
        {
          "abilityID": 2074,
          "simpleDesc": "When not at full HP, Clash Power +1"
        },
        {
          "abilityID": 20741,
          "simpleDesc": "On Hit, deal +1% damage for every (Bleed Potency on target + Bleed Count on target)"
        }
      ]
    },
    {
      "id": 2075,
      "name": "Jin Gang Bolus",
      "desc": "When taking damage, gain Skill Final Power +1 and deal +10% damage (activates for self-damages as well) next turn\nWhen taking damage that brings a unit's HP down to 1, heal 50% HP, and the affected unit gains 2 [Enhancement] at Turn Start for the duration of that Encounter (once per Encounter)",
      "simpleDesc": [
        {
          "abilityID": 2075,
          "simpleDesc": "Skill Final Power +1, deal +10% damage next turn"
        },
        {
          "abilityID": 20751,
          "simpleDesc": "Heal 50% HP and gain 2 Attack Power Up for this Encounter"
        }
      ]
    },
    {
      "id": 2076,
      "name": "Faded Poster",
      "desc": "[Effects apply only to #1, #8 Deployed Identities]\nAfter Attack: if the target is defeated, gain 2 [Breath] Potency and +2 [Breath] Count.\nFor this Encounter, each unit gains +1 Offense Level for every 1 enemy that is defeated at the 'After Attack' timing (max 3)",
      "simpleDesc": [
        {
          "abilityID": 2076,
          "simpleDesc": "Gain 2 Poise Potency and +2 Poise Count"
        },
        {
          "abilityID": 20761,
          "simpleDesc": "Offense Level +1 for every defeated enemy"
        }
      ]
    },
    {
      "id": 2077,
      "name": "Deep Claw Marks",
      "desc": "Gain 1 [ParryingResultUp] for 3 turns after Substituting in.",
      "simpleDesc": [
        {
          "abilityID": 20771,
          "simpleDesc": "Gain 1 Clash Power Up for 3 turns after Substituting in"
        }
      ]
    },
    {
      "id": 2078,
      "name": "The Memory of Kong Family Annihilation",
      "desc": "Hong Lu's level rises to 55\nHong Lu's Uptie and Threadspin Tiers rise to Tier 4\n\n<i><color=#a16a3b>'Remember the day ruin came to the Kong family,\nwho have brought this destruction upon themselves through their grave transgressions.\nTo violate the laws of Hongyuan is no tragedy—as such, it warrants no pity, only humiliation and scorn.\nThis site of history stands as a monument to the inevitability of karma.'</color></i>"
    },
    {
      "id": 2079,
      "name": "Red Entry Card",
      "desc": "A broken and battered red entry card.\nMaybe it opens a door somewhere."
    }
  ]
}