{
  "dataList": [
    {
      "id": 8363,
      "name": "Fruit of Understanding",
      "desc": "Enemy Unit"
    },
    {
      "id": 8364,
      "name": "Fruit of Understanding",
      "desc": "Enemy Unit"
    },
    {
      "id": 8365,
      "name": "Fruit of Understanding",
      "desc": "Enemy Unit"
    },
    {
      "id": 8366,
      "name": "Grant Us Love",
      "desc": "Enemy Unit"
    },
    {
      "id": 836602,
      "name": "Left Arm",
      "desc": "Enemy Unit"
    },
    {
      "id": 836603,
      "name": "Right Arm",
      "desc": "Enemy Unit"
    }
  ]
}