{
    "dataList": [
        {
            "id": 90083,
            "name": "Whale of the Porous Hand Mermaid",
            "desc": "Core"
        },
        {
            "id": 90084,
            "name": "Moustachioed Twinhooks Pirate",
            "desc": "Core"
        },
        {
            "id": 90085,
            "name": "Bandana-wearing Twinhooks Pirate",
            "desc": "Core"
        },
        {
            "id": 90086,
            "name": "Agile Twinhooks Pirate",
            "desc": "Core"
        },
        {
            "id": 90087,
            "name": "Tough Twinhooks Pirate",
            "desc": "Core"
        },
        {
            "id": 91011,
            "name": "Whale of the Porous Hand Soldier Mermaid",
            "desc": "Core"
        },
        {
            "id": 91012,
            "name": "Twinhook Pirates First Mate Smee",
            "desc": "Core"
        },
        {
            "id": 97401,
            "name": "Terrified K Corp. Checkpoint Security",
            "desc": "Core"
        },
        {
            "id": 97402,
            "name": "Stiffened K Corp. Checkpoint Security",
            "desc": "Core"
        },
        {
            "id": 97403,
            "name": "Threatened K Corp. Class 1 Staff",
            "desc": "Core"
        },
        {
            "id": 97404,
            "name": "Unnerved K Corp. Class 1 Staff",
            "desc": "Core"
        },
        {
            "id": 97405,
            "name": "Hacked K Corp. Regen Drone",
            "desc": "Core"
        },
        {
            "id": 97406,
            "name": "Revived K Corp. Security",
            "desc": "Core"
        },
        {
            "id": 97407,
            "name": "Revived K Corp. Security",
            "desc": "Core"
        },
        {
            "id": 97408,
            "name": "Revived K Corp. Class 1 Staff",
            "desc": "Core"
        },
        {
            "id": 97409,
            "name": "Revived K Corp. Class 1 Staff",
            "desc": "Core"
        },
        {
            "id": 97410,
            "name": "Revived K Corp. Class 3 Empowered Staff",
            "desc": "Core"
        },
        {
            "id": 8741,
            "name": "So That No One Will Cry",
            "desc": "Core"
        },
        {
            "id": 874101,
            "name": "Body",
            "desc": "Part"
        },
        {
            "id": 874102,
            "name": "Right Arm",
            "desc": "Part"
        },
        {
            "id": 8742,
            "name": "Drifting Fox",
            "desc": "Core"
        },
        {
            "id": 874201,
            "name": "Body",
            "desc": "Part"
        },
        {
            "id": 874202,
            "name": "Head",
            "desc": "Part"
        },
        {
            "id": 8743,
            "name": "Old Umbrella",
            "desc": "Core"
        },
        {
            "id": 874301,
            "name": "Umbrella",
            "desc": "Part"
        },
        {
            "id": 8744,
            "name": "Fairy Gentleman",
            "desc": "Core"
        },
        {
            "id": 874401,
            "name": "Body",
            "desc": "Part"
        },
        {
            "id": 874402,
            "name": "Left Arm",
            "desc": "Part"
        },
        {
            "id": 8745,
            "name": "Fairy Wine",
            "desc": "Core"
        },
        {
            "id": 874501,
            "name": "Wine Barrel",
            "desc": "Part"
        },
        {
            "id": 8746,
            "name": "Fairy-Long-Legs",
            "desc": "Core"
        },
        {
            "id": 874601,
            "name": "Body",
            "desc": "Part"
        },
        {
            "id": 874602,
            "name": "Left Arm",
            "desc": "Part"
        },
        {
            "id": 874603,
            "name": "Head",
            "desc": "Part"
        },
        {
            "id": 8747,
            "name": "Giant Leaf",
            "desc": "Core"
        },
        {
            "id": 874701,
            "name": "Body",
            "desc": "Part"
        },
        {
            "id": 8748,
            "name": "Brazen Bull - Tearful",
            "desc": "Core"
        },
        {
            "id": 874801,
            "name": "Body",
            "desc": "Part"
        },
        {
            "id": 874802,
            "name": "Head",
            "desc": "Part"
        },
        {
            "id": 8749,
            "name": "kqe-1j-23",
            "desc": "Core"
        },
        {
            "id": 874901,
            "name": "Body",
            "desc": "Part"
        },
        {
            "id": 8750,
            "name": "Heart of the Townsfolk",
            "desc": "Core"
        },
        {
            "id": 875001,
            "name": "Heart",
            "desc": "Part"
        },
        {
            "id": 8751,
            "name": "Blubbering Toad",
            "desc": "Core"
        },
        {
            "id": 875101,
            "name": "Body",
            "desc": "Part"
        },
        {
            "id": 875102,
            "name": "Left Eye",
            "desc": "Part"
        },
        {
            "id": 875103,
            "name": "Right Eye",
            "desc": "Part"
        }
    ]
}