{
  "dataList": [
    {
      "id": 90152,
      "name": "Well-dressed Bloodbag",
      "desc": "Unit"
    },
    {
      "id": 90153,
      "name": "Embellished Bloodbag",
      "desc": "Unit"
    },
    {
      "id": 90154,
      "name": "Insane Fashionista Bloodfiend",
      "desc": "Unit"
    },
    {
      "id": 90155,
      "name": "Mad Fashionista Bloodfiend",
      "desc": "Unit"
    },
    {
      "id": 90156,
      "name": "Combative Fanghunt Office Fixer",
      "desc": "Unit"
    },
    {
      "id": 90157,
      "name": "Prideful Fanghunt Office Fixer",
      "desc": "Unit"
    },
    {
      "id": 90160,
      "name": "No-good Bandit",
      "desc": "Unit"
    },
    {
      "id": 90161,
      "name": "Big, Scary Bear",
      "desc": "Unit"
    },
    {
      "id": 8371,
      "name": "Cinq West Section 3 Camille",
      "desc": "Unit"
    },
    {
      "id": 8372,
      "name": "???",
      "desc": "Unit"
    }
  ]
}