{
  "dataList": [
    {
      "id": 90145,
      "name": "Craving Bloodbag Passenger",
      "desc": "Core"
    },
    {
      "id": 90146,
      "name": "Violent Bloodbag Passenger",
      "desc": "Core"
    },
    {
      "id": 90147,
      "name": "Aggressive Bloodbag Passenger",
      "desc": "Core"
    },
    {
      "id": 90148,
      "name": "Merciless Bloodbag Cleanup Agent",
      "desc": "Core"
    },
    {
      "id": 90149,
      "name": "Feral Bloodbag Cleanup Agent",
      "desc": "Core"
    },
    {
      "id": 90150,
      "name": "Hungering Bloodbag Cleanup Agent",
      "desc": "Core"
    },
    {
      "id": 90151,
      "name": "Bloodbag Prosthetic Fixer",
      "desc": "Core"
    },
    {
      "id": 91018,
      "name": "Sasha",
      "desc": "Core"
    },
    {
      "id": 8350,
      "name": "Cassetti",
      "desc": "Core"
    },
    {
      "id": 835001,
      "name": "Body",
      "desc": "Core"
    }
  ]
}