{
  "dataList": [
    {
      "id": 90173,
      "name": "Bloodbag of the Painful Parade",
      "desc": "Unit"
    },
    {
      "id": 90174,
      "name": "Bloodbag of the Rear Parade",
      "desc": "Unit"
    },
    {
      "id": 90175,
      "name": "Bloodfiend of the Happy Parade",
      "desc": "Unit"
    },
    {
      "id": 90176,
      "name": "Bloodfiend of the Joyful Parade",
      "desc": "Unit"
    },
    {
      "id": 8381,
      "name": "Dulcinea",
      "desc": "Boss"
    },
    {
      "id": 90158,
      "name": "Disgraced Bloodbag",
      "desc": "Unit"
    },
    {
      "id": 90159,
      "name": "Despairing Bloodbag",
      "desc": "Unit"
    },
    {
      "id": 8384,
      "name": "Bloodbag of the Painful Parade",
      "desc": "Unit"
    },
    {
      "id": 8385,
      "name": "Bloodbag of the Rear Parade",
      "desc": "Unit"
    },
    {
      "id": 8386,
      "name": "Bloodfiend of the Happy Parade",
      "desc": "Unit"
    },
    {
      "id": 8387,
      "name": "Bloodfiend of the Joyful Parade",
      "desc": "Unit"
    },
    {
      "id": 8382,
      "name": "Disgraced Bloodbag",
      "desc": "Unit"
    },
    {
      "id": 8383,
      "name": "Despairing Bloodbag",
      "desc": "Unit"
    },
    {
      "id": 90169,
      "name": "Eerie Bloodbag",
      "desc": "Unit"
    },
    {
      "id": 90170,
      "name": "Sinister Bloodbag",
      "desc": "Unit"
    },
    {
      "id": 90171,
      "name": "\"Ghost\" Bloodfiend of Failed Penitence",
      "desc": "Unit"
    },
    {
      "id": 90172,
      "name": "\"Ghost\" Bloodfiend of Prayers",
      "desc": "Unit"
    },
    {
      "id": 8389,
      "name": "The Knight of the White Moon",
      "desc": "Unit"
    }
  ]
}