{
  "dataList": [
    {
      "id": 8605,
      "name": "Refracted Portrait of a Certain Day",
      "desc": "Core"
    },
    {
      "id": 8606,
      "name": "Refracted Portrait",
      "desc": "Core"
    },
    {
      "id": 8607,
      "name": "Refracted Portrait",
      "desc": "Core"
    },
    {
      "id": 8608,
      "name": "Refracted Dreaming Electric Sheep",
      "desc": "Core"
    },
    {
      "id": 8628,
      "name": "Refracted Generator",
      "desc": "Core"
    },
    {
      "id": 8624,
      "name": "Refracted Enamored Researcher of the Ring?",
      "desc": ""
    },
    {
      "id": 8625,
      "name": "Refracted Mad Researcher of the Ring?",
      "desc": ""
    },
    {
      "id": 8626,
      "name": "Refracted Pointillist Researcher of the Ring?",
      "desc": ""
    },
    {
      "id": 8627,
      "name": "Refracted Nelly",
      "desc": ""
    },
    {
      "id": 8618,
      "name": "Refracted Hindley, The Reaved Lamenter",
      "desc": ""
    },
    {
      "id": 8611,
      "name": "Refracted Swift Edgar Family Butler",
      "desc": ""
    },
    {
      "id": 8612,
      "name": "Refracted Fast Edgar Family Butler",
      "desc": ""
    },
    {
      "id": 8613,
      "name": "Refracted Veteran Edgar Family Butler",
      "desc": ""
    },
    {
      "id": 8614,
      "name": "Refracted Shifty Edgar Family Butler",
      "desc": ""
    },
    {
      "id": 8615,
      "name": "Refracted Trained Edgar Family Butler",
      "desc": ""
    },
    {
      "id": 8616,
      "name": "Refracted Veteran Edgar Family Butler",
      "desc": ""
    },
    {
      "id": 8609,
      "name": "Refracted Hostile Wuthering Heights Butler",
      "desc": ""
    },
    {
      "id": 8610,
      "name": "Refracted Trained Wuthering Heights Butler",
      "desc": ""
    },
    {
      "id": 8617,
      "name": "Refracted Josephine",
      "desc": ""
    },
    {
      "id": 8629,
      "name": "The Refracted King in Binds",
      "desc": ""
    },
    {
      "id": 8619,
      "name": "Refracted Determined Kurokumo Henchman",
      "desc": ""
    },
    {
      "id": 8620,
      "name": "Refracted Tense Kurokumo Henchman",
      "desc": ""
    },
    {
      "id": 8621,
      "name": "Refracted Adept Kurokumo Henchwoman",
      "desc": ""
    },
    {
      "id": 8622,
      "name": "Refracted Tired Kurokumo Henchwoman",
      "desc": ""
    },
    {
      "id": 8623,
      "name": "Refracted Kurokumo Clan Captain Jun",
      "desc": ""
    },
    {
      "id": 8280,
      "name": "Refracted Peccatulum Invidiae",
      "desc": "Core"
    },
    {
      "id": 8292,
      "name": "Refracted Peccatulum Invidiae?",
      "desc": "Core"
    }
  ]
}