{
  "dataList": [
    {
      "id": 8147,
      "name": "Dawn of Green - Doubt - α",
      "desc": "Enemy Unit"
    },
    {
      "id": 8148,
      "name": "Dawn of Green - Doubt - β",
      "desc": "Enemy Unit"
    },
    {
      "id": 8149,
      "name": "Dawn of Green - Doubt - γ",
      "desc": "Enemy Unit"
    },
    {
      "id": 8150,
      "name": "Dawn of Green - Doubt - δ",
      "desc": "Enemy Unit"
    },
    {
      "id": 814701,
      "name": "Body",
      "desc": "Part"
    },
    {
      "id": 814801,
      "name": "Body",
      "desc": "Part"
    },
    {
      "id": 814901,
      "name": "Body",
      "desc": "Part"
    },
    {
      "id": 815001,
      "name": "Body",
      "desc": "Part"
    },
    {
      "id": 90106,
      "name": "Dawn of Green - Doubt - α",
      "desc": "Enemy Unit"
    },
    {
      "id": 90107,
      "name": "Dawn of Green - Doubt - β",
      "desc": "Enemy Unit"
    },
    {
      "id": 90108,
      "name": "Dawn of Green - Doubt - γ",
      "desc": "Enemy Unit"
    },
    {
      "id": 90109,
      "name": "Dawn of Green - Doubt - δ",
      "desc": "Enemy Unit"
    }
  ]
}