{
  "dataList": [
    {
      "id": 1145,
      "name": "Lei Heng",
      "desc": "Core"
    },
    {
      "id": 114501,
      "name": "Body",
      "desc": "Part"
    },
    {
      "id": 1171,
      "name": "Rigid Soldato of the Thumb",
      "desc": "Core"
    },
    {
      "id": 117101,
      "name": "Body",
      "desc": "Part"
    },
    {
      "id": 1139,
      "name": "Swift N Corp. E.G.O::Sticking",
      "desc": "Core"
    },
    {
      "id": 113901,
      "name": "Body",
      "desc": "Part"
    },
    {
      "id": 1140,
      "name": "Nimble N Corp. E.G.O::Sticking",
      "desc": "Part"
    },
    {
      "id": 114001,
      "name": "Body",
      "desc": "Part"
    },
    {
      "id": 90217,
      "name": "Rigid Soldato of the Thumb",
      "desc": ""
    },
    {
      "id": 90218,
      "name": "Stern Soldato of the Thumb",
      "desc": ""
    },
    {
      "id": 1135,
      "name": "N Corp. E.G.O::Contempt, Awe Jia Huan",
      "desc": ""
    },
    {
      "id": 1136,
      "name": "N Corp. E.G.O::Fell Bullet Gubo",
      "desc": ""
    },
    {
      "id": 1146,
      "name": "Jia Mu"
    },
    {
      "id": 1152,
      "name": "Muddled Heishou of the Corpse Palanquin [混覺轀輬黑獸]"
    },
    {
      "id": 115202,
      "name": "Palanquin"
    },
    {
      "id": 1153,
      "name": "Baoyu, the Precious Jade"
    },
    {
      "id": 115301,
      "name": "Jade"
    },
    {
      "id": 1154,
      "name": "Heavenly Elder"
    },
    {
      "id": 1155,
      "name": "Earthly Elder"
    },
    {
      "id": 1156,
      "name": "Brain Elder"
    }
  ]
}