{
  "dataList": [
    {
      "id": 90205,
      "name": "Impaled Failure",
      "desc": "Unit"
    },
    {
      "id": 90206,
      "name": "Blooming Failure",
      "desc": "Unit"
    },
    {
      "id": 90207,
      "name": "Entangled Failure",
      "desc": "Unit"
    },
    {
      "id": 90208,
      "name": "Wicked Deathrite Monk",
      "desc": "Unit"
    },
    {
      "id": 90209,
      "name": "Evil-possessed Deathrite Monk",
      "desc": "Unit"
    },
    {
      "id": 1137,
      "name": "Jia Qiu"
    },
    {
      "id": 1133,
      "name": "Zilu"
    },
    {
      "id": 1141,
      "name": "Jia Qiu"
    },
    {
      "id": 1157,
      "name": "Xue Pan"
    },
    {
      "id": 1158,
      "name": "Shi Yihua"
    },
    {
      "id": 90210,
      "name": "Swift Shi Family Mercenary"
    },
    {
      "id": 90211,
      "name": "Veteran Shi Family Mercenary"
    },
    {
      "id": 90212,
      "name": "Heavy Shi Family Mercenary"
    },
    {
      "id": 1159,
      "name": "Wang Qingshan"
    },
    {
      "id": 115901,
      "name": "Body"
    },
    {
      "id": 1167,
      "name": "Shi Hua... something?"
    },
    {
      "id": 1160,
      "name": "Shi Sijing"
    }
  ]
}