{
  "dataList": [
    {
      "id": 90140,
      "name": "Yurodivy Violento",
      "desc": "Nucleo"
    },
    {
      "id": 90141,
      "name": "Yurodivy Perspicace",
      "desc": "Nucleo"
    },
    {
      "id": 91017,
      "name": "Captaino Yurodiviye Del Distretto 20",
      "desc": "Nucleo"
    },
    {
      "id": 90142,
      "name": "Personale Riscossioni Classe 2 Di T.Corp",
      "desc": "Nucleo"
    },
    {
      "id": 90143,
      "name": "Esattore T.Corp Di Classe 3 - Neutralizzazione",
      "desc": "Nucleo"
    },
    {
      "id": 90144,
      "name": "Esattore T.Corp Di Classe 3 - Soppressione",
      "desc": "Nucleo"
    },
    {
      "id": 8277,
      "name": "Lo Squartatempo",
      "desc": "Nucleo"
    },
    {
      "id": 827701,
      "name": "Corpo",
      "desc": "Parte"
    },
    {
      "id": 8278,
      "name": "Lo Squartatempo",
      "desc": "Nucleo"
    },
    {
      "id": 827801,
      "name": "Cervello",
      "desc": "Parte"
    },
    {
      "id": 827802,
      "name": "Cervello",
      "desc": "Parte"
    },
    {
      "id": 827803,
      "name": "Cervello",
      "desc": "Parte"
    },
    {
      "id": 827804,
      "name": "Cervello",
      "desc": "Parte"
    },
    {
      "id": 827805,
      "name": "Cervello",
      "desc": "Parte"
    },
    {
      "id": 8279,
      "name": "Lo Squartatempo Rivelato",
      "desc": "Nucleo"
    },
    {
      "id": 827901,
      "name": "Corpo",
      "desc": "Nucleo"
    }
  ]
}