{
  "dataList": [
    {
      "id": 8100,
      "name": "Skin Prophet",
      "desc": "Core"
    },
    {
      "id": 810001,
      "name": "Body",
      "desc": "Part"
    },
    {
      "id": 8107,
      "name": "Candle",
      "desc": "Core"
    },
    {
      "id": 810701,
      "name": "Candle",
      "desc": "Part"
    },
    {
      "id": 8102,
      "name": "Dream-Devouring Siltcurrent",
      "desc": "Core"
    },
    {
      "id": 810201,
      "name": "Body",
      "desc": "Part"
    },
    {
      "id": 810202,
      "name": "Fluorescence",
      "desc": "Part"
    },
    {
      "id": 8108,
      "name": "Flotsam",
      "desc": "Core"
    },
    {
      "id": 810801,
      "name": "Flotsam",
      "desc": "Part"
    },
    {
      "id": 8101,
      "name": "Ambling Pearl",
      "desc": "Core"
    },
    {
      "id": 810101,
      "name": "Shell",
      "desc": "Part"
    },
    {
      "id": 810102,
      "name": "Pearl",
      "desc": "Part"
    },
    {
      "id": 8109,
      "name": "Green Slime",
      "desc": "Core"
    },
    {
      "id": 810901,
      "name": "Green Slime",
      "desc": "Part"
    },
    {
      "id": 8103,
      "name": "???",
      "desc": "Core"
    },
    {
      "id": 810301,
      "name": "Body",
      "desc": "Part"
    },
    {
      "id": 81032,
      "name": "???",
      "desc": "Core"
    },
    {
      "id": 8110,
      "name": "Blinded Pequod Town Villager",
      "desc": "Core"
    },
    {
      "id": 811001,
      "name": "Body",
      "desc": "Part"
    },
    {
      "id": 8111,
      "name": "Gagged Pequod Town Villager",
      "desc": "Core"
    },
    {
      "id": 811101,
      "name": "Body",
      "desc": "Part"
    },
    {
      "id": 90098,
      "name": "Blinded Pequod Town Villager",
      "desc": "Core"
    },
    {
      "id": 90099,
      "name": "Gagged Pequod Town Villager",
      "desc": "Core"
    },
    {
      "id": 8104,
      "name": "Starbuck",
      "desc": "Core"
    },
    {
      "id": 810401,
      "name": "Body",
      "desc": "Part"
    },
    {
      "id": 8105,
      "name": "Ahab",
      "desc": "Core"
    },
    {
      "id": 810501,
      "name": "Body",
      "desc": "Part"
    },
    {
      "id": 81052,
      "name": "Ahab",
      "desc": "Core"
    },
    {
      "id": 8106,
      "name": "Effloresced E.G.O::GasHarpoon",
      "desc": "Core"
    },
    {
      "id": 810601,
      "name": "Body",
      "desc": "Part"
    },
    {
      "id": 8112,
      "name": "Queequeg",
      "desc": "Core"
    },
    {
      "id": 811201,
      "name": "Body",
      "desc": "Part"
    },
    {
      "id": 81062,
      "name": "Effloresced E.G.O::GasHarpoon",
      "desc": "Core"
    },
    {
      "id": 81063,
      "name": "Effloresced E.G.O::GasHarpoon",
      "desc": "Core"
    }
  ]
}