{
  "dataList": [
    {
      "id": 8630,
      "name": "Der Fluchschütze Rifratto",
      "desc": "Nucleo"
    },
    {
      "id": 8631,
      "name": "Vecchio Manager Capo della G Corp. Rifratto",
      "desc": "Nucleo"
    },
    {
      "id": 8632,
      "name": "Saccoccia del Passato Rifratta",
      "desc": "Nucleo"
    },
    {
      "id": 863201,
      "name": "Testa",
      "desc": "Parte"
    },
    {
      "id": 863202,
      "name": "Corpo",
      "desc": "Parte"
    },
    {
      "id": 863203,
      "name": "Persona",
      "desc": "Parte"
    },
    {
      "id": 8634,
      "name": "Il Barbiere Rifratto",
      "desc": "Nucleo"
    },
    {
      "id": 8635,
      "name": "Refracted Hurting Teddy Bear",
      "desc": "Nucleo"
    },
    {
      "id": 8636,
      "name": "Refracted Rose Hunter",
      "desc": "Nucleo"
    },
    {
      "id": 8637,
      "name": "Refracted Barbed Lasso",
      "desc": "Nucleo"
    },
    {
      "id": 8638,
      "name": "Dulcinea Rifratta",
      "desc": "Nucleo"
    },
    {
      "id": 8639,
      "name": "Refracted Bloodbag of the Painful Parade",
      "desc": "Nucleo"
    },
    {
      "id": 8640,
      "name": "Refracted Bloodbag of the Rear Parade",
      "desc": "Nucleo"
    },
    {
      "id": 8641,
      "name": "Refracted Bloodfiend of the Happy Parade",
      "desc": "Nucleo"
    },
    {
      "id": 8642,
      "name": "Refracted Bloodfiend of the Joyful Parade",
      "desc": "Nucleo"
    },
    {
      "id": 8643,
      "name": "Il Prete Rifratto",
      "desc": "Nucleo"
    },
    {
      "id": 8644,
      "name": "Il Barbiere Rifratto",
      "desc": "Nucleo"
    },
    {
      "id": 8645,
      "name": "Dulcinea Rifratta",
      "desc": "Nucleo"
    },
    {
      "id": 8646,
      "name": "Refracted Combative Fanghunt Office Fixer",
      "desc": "Nucleo"
    },
    {
      "id": 8647,
      "name": "Refracted Prideful Fanghunt Office Fixer",
      "desc": "Nucleo"
    },
    {
      "id": 8648,
      "name": "Refracted Peccatulum Pigritiae??",
      "desc": "Nucleo"
    },
    {
      "id": 8649,
      "name": "Refracted Peccatulum Morositatis??",
      "desc": "Nucleo"
    },
    {
      "id": 8650,
      "name": "Refracted Distorted Hohenheim",
      "desc": "Nucleo"
    },
    {
      "id": 8651,
      "name": "Refracted Despairing Bloodbag",
      "desc": "Nucleo"
    },
    {
      "id": 8652,
      "name": "Refracted Disgraced Bloodbag",
      "desc": "Nucleo"
    },
    {
      "id": 8633,
      "name": "Refracted Four-hundred Roses",
      "desc": "Nucleo"
    },
    {
      "id": 863301,
      "name": "Corpo",
      "desc": "Parte"
    },
    {
      "id": 863302,
      "name": "Testa",
      "desc": "Parte"
    },
    {
      "id": 8684,
      "name": "Refracted Downcast Veteran",
      "desc": "Nucleo"
    },
    {
      "id": 8683,
      "name": "Refracted Peccatulum Irae??",
      "desc": "Nucleo"
    }
  ]
}
