{
    "dataList": [
        {
            "id": 90088,
            "name": "Sirena della Balena Dai Mille Fili",
            "desc": "Nucleo"
        },
        {
            "id": 90089,
            "name": "Sirena Bianco Pallido",
            "desc": "Nucleo"
        },
        {
            "id": 90090,
            "name": "Sirena Blu Pallido",
            "desc": "Nucleo"
        },
        {
            "id": 90091,
            "name": "Sirena Intrecciata Pallida",
            "desc": "Nucleo"
        },
        {
            "id": 90092,
            "name": "Cosa Scudo Pallidificata",
            "desc": "Nucleo"
        },
        {
            "id": 90093,
            "name": "Cosa Mazza Pallidificata",
            "desc": "Nucleo"
        },
        {
            "id": 90094,
            "name": "Cosa Pirataforme Pallidificata",
            "desc": "Nucleo"
        },
        {
            "id": 90095,
            "name": "Cosa Uncino Pallidificata",
            "desc": "Nucleo"
        },
        {
            "id": 90096,
            "name": "Fratellino del Medio Resistente",
            "desc": "Nucleo"
        },
        {
            "id": 90097,
            "name": "Fratellino del Medio Severo",
            "desc": "Nucleo"
        },
        {
            "id": 8097,
            "name": "Fratellino del Medio Resistente",
            "desc": "Nucleo"
        },
        {
            "id": 809701,
            "name": "Corpo",
            "desc": "Parte"
        },
        {
            "id": 8098,
            "name": "Fratellino del Medio Severo",
            "desc": "Nucleo"
        },
        {
            "id": 809801,
            "name": "Corpo",
            "desc": "Parte"
        },
        {
            "id": 8099,
            "name": "Ricardo",
            "desc": "Nucleo"
        },
        {
            "id": 809901,
            "name": "Corpo",
            "desc": "Parte"
        },
        {
            "id": 90100,
            "name": "Sirena Pallida e Blu",
            "desc": "Nucleo"
        },
        {
            "id": 97501,
            "name": "Cosa Mazza Pallidificata",
            "desc": "Nucleo"
        },
        {
            "id": 97502,
            "name": "Cosa Scudo Pallidificata",
            "desc": "Nucleo"
        },
        {
            "id": 97503,
            "name": "Cosa Uncino Pallidificata",
            "desc": "Nucleo"
        },
        {
            "id": 97504,
            "name": "Cosa Pirataforme Pallidificata",
            "desc": "Nucleo"
        },
        {
            "id": 97505,
            "name": "Sirena Bianco Pallido",
            "desc": "Nucleo"
        },
        {
            "id": 97506,
            "name": "Sirena Blu Pallido",
            "desc": "Nucleo"
        },
        {
            "id": 97507,
            "name": "Sirena Intrecciata Pallida",
            "desc": "Nucleo"
        }
    ]
}
