{
  "dataList": [
    {
      "id": 8539,
      "name": "Refracted Drifting Fox",
      "desc": "Core"
    },
    {
      "id": 853901,
      "name": "Body",
      "desc": "Part"
    },
    {
      "id": 853902,
      "name": "Head",
      "desc": "Part"
    },
    {
      "id": 8540,
      "name": "Refracted Old Umbrella",
      "desc": "Core"
    },
    {
      "id": 854001,
      "name": "Body",
      "desc": "Part"
    },
    {
      "id": 8541,
      "name": "Refracted Shock Centipede",
      "desc": "Core"
    },
    {
      "id": 854101,
      "name": "Body",
      "desc": "Part"
    },
    {
      "id": 854102,
      "name": "Head",
      "desc": "Part"
    },
    {
      "id": 8542,
      "name": "Refracted Fairy Gentleman",
      "desc": "Core"
    },
    {
      "id": 854201,
      "name": "Body",
      "desc": "Part"
    },
    {
      "id": 854202,
      "name": "Left Arm",
      "desc": "Part"
    },
    {
      "id": 8543,
      "name": "Refracted Fairy Wine",
      "desc": "Core"
    },
    {
      "id": 854301,
      "name": "Body",
      "desc": "Part"
    },
    {
      "id": 8544,
      "name": "Refracted So That No One Will Cry",
      "desc": "Core"
    },
    {
      "id": 854401,
      "name": "Body",
      "desc": "Part"
    },
    {
      "id": 854402,
      "name": "Right Arm",
      "desc": "Part"
    },
    {
      "id": 8545,
      "name": "Refracted Fairy-Long-Legs",
      "desc": "Core"
    },
    {
      "id": 854501,
      "name": "Body",
      "desc": "Part"
    },
    {
      "id": 854502,
      "name": "Left Arm",
      "desc": "Part"
    },
    {
      "id": 854503,
      "name": "Head",
      "desc": "Part"
    },
    {
      "id": 8546,
      "name": "Refracted Clover",
      "desc": "Core"
    },
    {
      "id": 854601,
      "name": "Body",
      "desc": "Part"
    },
    {
      "id": 8547,
      "name": "Refracted Fairy Gentleman",
      "desc": "Core"
    },
    {
      "id": 854701,
      "name": "Body",
      "desc": "Part"
    },
    {
      "id": 854702,
      "name": "Left Arm",
      "desc": "Part"
    },
    {
      "id": 8548,
      "name": "Refracted Fairy Wine",
      "desc": "Core"
    },
    {
      "id": 854801,
      "name": "Body",
      "desc": "Part"
    },
    {
      "id": 8549,
      "name": "Refracted Faelantern",
      "desc": "Core"
    },
    {
      "id": 854901,
      "name": "Fairy",
      "desc": "Part"
    },
    {
      "id": 854902,
      "name": "Body",
      "desc": "Part"
    },
    {
      "id": 8550,
      "name": "Refracted Wayward Passenger",
      "desc": "Core"
    },
    {
      "id": 855001,
      "name": "Left Blade",
      "desc": "Part"
    },
    {
      "id": 855002,
      "name": "Right Blade",
      "desc": "Part"
    },
    {
      "id": 8551,
      "name": "Refracted T Corp. Class 3 Collector",
      "desc": "Core"
    },
    {
      "id": 855101,
      "name": "Body",
      "desc": "Part"
    },
    {
      "id": 8555,
      "name": "Refracted Steam Transport Machine",
      "desc": "Core"
    },
    {
      "id": 855501,
      "name": "Body",
      "desc": "Part"
    },
    {
      "id": 855502,
      "name": "Steam Blaster",
      "desc": "Part"
    },
    {
      "id": 8556,
      "name": "Refracted Sign of Roses",
      "desc": "Core"
    },
    {
      "id": 855601,
      "name": "Signpost",
      "desc": "Part"
    },
    {
      "id": 855602,
      "name": "Flesh",
      "desc": "Part"
    },
    {
      "id": 8557,
      "name": "Refracted T Corp. Class 3 Collector",
      "desc": "Core"
    },
    {
      "id": 855701,
      "name": "Body",
      "desc": "Part"
    },
    {
      "id": 8558,
      "name": "Refracted T Corp. Class 3 Collector",
      "desc": "Core"
    },
    {
      "id": 855801,
      "name": "Body",
      "desc": "Part"
    },
    {
      "id": 8559,
      "name": "Refracted T Corp. Class 3 Collector",
      "desc": "Core"
    },
    {
      "id": 855901,
      "name": "Body",
      "desc": "Part"
    },
    {
      "id": 8560,
      "name": "Refracted Hemorrhaging Dimension",
      "desc": "Core"
    },
    {
      "id": 856001,
      "name": "Dimension",
      "desc": "Part"
    },
    {
      "id": 8561,
      "name": "Refracted Poisonous Dimension",
      "desc": "Core"
    },
    {
      "id": 856101,
      "name": "Dimension",
      "desc": "Part"
    },
    {
      "id": 8562,
      "name": "Refracted Tremoring Dimension",
      "desc": "Core"
    },
    {
      "id": 856201,
      "name": "Dimension",
      "desc": "Part"
    },
    {
      "id": 8563,
      "name": "Refracted Electrifying Dimension",
      "desc": "Core"
    },
    {
      "id": 856301,
      "name": "Dimension",
      "desc": "Part"
    },
    {
      "id": 8564,
      "name": "Refracted Wrath-drenched Rose",
      "desc": "Core"
    },
    {
      "id": 856401,
      "name": "Flower",
      "desc": "Part"
    },
    {
      "id": 8565,
      "name": "Refracted Lust-drenched Rose",
      "desc": "Core"
    },
    {
      "id": 856501,
      "name": "Flower",
      "desc": "Part"
    },
    {
      "id": 8566,
      "name": "Refracted Sloth-drenched Rose",
      "desc": "Core"
    },
    {
      "id": 856601,
      "name": "Flower",
      "desc": "Part"
    },
    {
      "id": 8567,
      "name": "Refracted Gluttony-drenched Rose",
      "desc": "Core"
    },
    {
      "id": 856701,
      "name": "Flower",
      "desc": "Part"
    },
    {
      "id": 8568,
      "name": "Refracted Gloom-drenched Rose",
      "desc": "Core"
    },
    {
      "id": 856801,
      "name": "Flower",
      "desc": "Part"
    },
    {
      "id": 8569,
      "name": "Refracted Pride-drenched Rose",
      "desc": "Core"
    },
    {
      "id": 856901,
      "name": "Flower",
      "desc": "Part"
    },
    {
      "id": 8570,
      "name": "Refracted Envy-drenched Rose",
      "desc": "Core"
    },
    {
      "id": 857001,
      "name": "Flower",
      "desc": "Part"
    }
  ]
}