{
  "dataList": [
    {
      "id": 90140,
      "name": "Aggressive Yurodivy",
      "desc": "Core"
    },
    {
      "id": 90141,
      "name": "Quick-witted Yurodivy",
      "desc": "Core"
    },
    {
      "id": 91017,
      "name": "District 20 Yurodiviye Captain",
      "desc": "Core"
    },
    {
      "id": 90142,
      "name": "T Corp. Class 2 Collection Staff",
      "desc": "Core"
    },
    {
      "id": 90143,
      "name": "T Corp. Class 3 Collector - Neutralize",
      "desc": "Core"
    },
    {
      "id": 90144,
      "name": "T Corp. Class 3 Collector - Suppress",
      "desc": "Core"
    },
    {
      "id": 8277,
      "name": "The Time Ripper",
      "desc": "Core"
    },
    {
      "id": 827701,
      "name": "Body",
      "desc": "Part"
    },
    {
      "id": 8278,
      "name": "The Time Ripper",
      "desc": "Core"
    },
    {
      "id": 827801,
      "name": "Brain",
      "desc": "Part"
    },
    {
      "id": 827802,
      "name": "Brain",
      "desc": "Part"
    },
    {
      "id": 827803,
      "name": "Brain",
      "desc": "Part"
    },
    {
      "id": 827804,
      "name": "Brain",
      "desc": "Part"
    },
    {
      "id": 827805,
      "name": "Brain",
      "desc": "Part"
    },
    {
      "id": 8279,
      "name": "Unfolded Time Rippers",
      "desc": "Core"
    },
    {
      "id": 827901,
      "name": "Body",
      "desc": "Core"
    }
  ]
}