{
  "dataList": [
    {
      "id": 8100,
      "name": "Profeta della Pelle",
      "desc": "Nucleo"
    },
    {
      "id": 810001,
      "name": "Corpo",
      "desc": "Parte"
    },
    {
      "id": 8107,
      "name": "Candela",
      "desc": "Nucleo"
    },
    {
      "id": 810701,
      "name": "Candela",
      "desc": "Parte"
    },
    {
      "id": 8102,
      "name": "Corrente Torbida Divorasogni",
      "desc": "Nucleo"
    },
    {
      "id": 810201,
      "name": "Corpo",
      "desc": "Parte"
    },
    {
      "id": 810202,
      "name": "Fluorente",
      "desc": "Parte"
    },
    {
      "id": 8108,
      "name": "Relitti",
      "desc": "Nucleo"
    },
    {
      "id": 810801,
      "name": "Relitti",
      "desc": "Parte"
    },
    {
      "id": 8101,
      "name": "Perla Vagante",
      "desc": "Nucleo"
    },
    {
      "id": 810101,
      "name": "guscio",
      "desc": "Parte"
    },
    {
      "id": 810102,
      "name": "Perla",
      "desc": "Parte"
    },
    {
      "id": 8109,
      "name": "Slime Verde",
      "desc": "Nucleo"
    },
    {
      "id": 810901,
      "name": "Slime Verde",
      "desc": "Parte"
    },
    {
      "id": 8103,
      "name": "???",
      "desc": "Nucleo"
    },
    {
      "id": 810301,
      "name": "Corpo",
      "desc": "Parte"
    },
    {
      "id": 81032,
      "name": "???",
      "desc": "Nucleo"
    },
    {
      "id": 8110,
      "name": "Abitante Cieco di Pequod Town",
      "desc": "Nucleo"
    },
    {
      "id": 811001,
      "name": "Corpo",
      "desc": "Parte"
    },
    {
      "id": 8111,
      "name": "Abitante di pequod town imbavagliato",
      "desc": "Nucleo"
    },
    {
      "id": 811101,
      "name": "Corpo",
      "desc": "Parte"
    },
    {
      "id": 90098,
      "name": "Abitante Cieco di Pequod Town",
      "desc": "Nucleo"
    },
    {
      "id": 90099,
      "name": "Abitante di pequod town imbavagliato",
      "desc": "Nucleo"
    },
    {
      "id": 8104,
      "name": "Starbuck",
      "desc": "Nucleo"
    },
    {
      "id": 810401,
      "name": "Corpo",
      "desc": "Parte"
    },
    {
      "id": 8105,
      "name": "Ahab",
      "desc": "Nucleo"
    },
    {
      "id": 810501,
      "name": "Corpo",
      "desc": "Parte"
    },
    {
      "id": 81052,
      "name": "Ahab",
      "desc": "Nucleo"
    },
    {
      "id": 8106,
      "name": "E.G.O in Fiore::Arpione a Gas",
      "desc": "Nucleo"
    },
    {
      "id": 810601,
      "name": "Corpo",
      "desc": "Parte"
    },
    {
      "id": 8112,
      "name": "Queequeg",
      "desc": "Nucleo"
    },
    {
      "id": 811201,
      "name": "Corpo",
      "desc": "Parte"
    },
    {
      "id": 81062,
      "name": "E.G.O in Fiore::Arpione a Gas",
      "desc": "Nucleo"
    },
    {
      "id": 81063,
      "name": "E.G.O in Fiore::Arpione a Gas",
      "desc": "Nucleo"
    }
  ]
}
