{
  "dataList": [
    {
      "id": 1145,
      "name": "Lei Heng",
      "desc": "Nucleo"
    },
    {
      "id": 114501,
      "name": "Corpo",
      "desc": "Parte"
    },
    {
      "id": 1171,
      "name": "Soldato Del Pollice Severo",
      "desc": "Nucleo"
    },
    {
      "id": 117101,
      "name": "Corpo",
      "desc": "Parte"
    },
    {
      "id": 1139,
      "name": "E.G.O della N Corp. Fugace::Appiccicoso",
      "desc": "Nucleo"
    },
    {
      "id": 113901,
      "name": "Corpo",
      "desc": "Parte"
    },
    {
      "id": 1140,
      "name": "E.G.O della N Corp. Rapido::Appiccicoso",
      "desc": "Parte"
    },
    {
      "id": 114001,
      "name": "Corpo",
      "desc": "Parte"
    },
    {
      "id": 90217,
      "name": "Soldato Del Pollice Severo",
      "desc": ""
    },
    {
      "id": 90218,
      "name": "Soldato Del Pollice Rigido",
      "desc": ""
    },
    {
      "id": 1135,
      "name": "E.G.O della N Corp.::Disprezzo, Timore Jia Huan",
      "desc": ""
    },
    {
      "id": 1136,
      "name": "E.G.O della N Corp.::Proiettile Crudele Gubo",
      "desc": ""
    },
    {
      "id": 1146,
      "name": "Jia Mu"
    },
    {
      "id": 1152,
      "name": "Heishou Ingarbugliato del Palanchino Cadavere [混覺轀輬黑獸]"
    },
    {
      "id": 115202,
      "name": "Palanquin"
    },
    {
      "id": 1153,
      "name": "Baoyu, la Giada Preziosa"
    },
    {
      "id": 115301,
      "name": "Giada"
    },
    {
      "id": 1154,
      "name": "Anziano Divino"
    },
    {
      "id": 1155,
      "name": "Anziano Terreno"
    },
    {
      "id": 1156,
      "name": "Anziano della Mente"
    }
  ]
}
