{
  "dataList": [
    {
      "id": 1079,
      "name": "Sancho",
      "desc": "Core"
    },
    {
      "id": 1080,
      "name": "Peccatulum Pigritiae??",
      "desc": "Core"
    },
    {
      "id": 1081,
      "name": "Peccatulum Morositatis??",
      "desc": "Core"
    },
    {
      "id": 1082,
      "name": "Distorted Hohenheim",
      "desc": "Core"
    },
    {
      "id": 108201,
      "name": "Body",
      "desc": "Part"
    },
    {
      "id": 90181,
      "name": "Censored Lobotomy Corp. L3 Agent",
      "desc": "Core"
    },
    {
      "id": 90182,
      "name": "Censored Lobotomy Corp. L3 Agent",
      "desc": "Core"
    },
    {
      "id": 1098,
      "name": "Peccatulum Invidiae?",
      "desc": "Core"
    },
    {
      "id": 1100,
      "name": "Peccatulum Invidiae",
      "desc": "Core"
    }
  ]
}