{
  "dataList": [
    {
      "id": "tkt_stagebutton_not_clear",
      "content": "Completa 6-48 per Sbloccare"
    },
    {
      "id": "tkt_stagebutton_normal",
      "content": "Sezioni"
    },
    {
      "id": "tkt_stagebutton_end_event",
      "content": "Evento Terminato"
    },
    {
      "id": "tkt_storybutton_before_start",
      "content": "<size=75%>Leggi la prima Sezione della Storia Storia per Sbloccare</size>"
    },
    {
      "id": "tkt_storybutton_normal",
      "content": "Al Teatro"
    },
    {
      "id": "tkt_rewardShopButton",
      "content": "Scambio Ricompense"
    },
    {
      "id": "tkt_scrap_guide_title",
      "content": "Come usare la Valuta Evento"
    },
    {
      "id": "tkt_scrap_guide_desc",
      "content": "A volte, potresti ottenere un </color>[Pacchetto di Orologi da Taschino]<color=#c69136> dopo aver completato le Sezioni Evento, le Sezioni della Storia Principale o i Dungeon Specchio.\n\nIl </color>[Pacchetto di Orologi da Taschino]<color=#c69136> viene convertito immediatamente in 20 </color>[Orologi da Taschino]<color=#c69136> dopo essere stato ottenuto."
    },
    {
      "id": "tkt_rewardpage_desc",
      "content": "Durante l'evento, puoi ottenere degli <color=#c69136>[Orologi da Taschino]</color> completando le Sezioni Evento ed i Dungeon. Puoi anche ottenere gli <color=#c69136>[Orologi da Taschino]</color> completanto per la prima volta le Sezioni ed i Dungeon della Storia Principale o il Dungeon Specchio.\n\nA volte, potresti ottenere un <color=#c69136>[Pacchetto di Orologi da Taschino]</color> completando le Sezioni Evento, le Sezioni della Storia Principale o i Dungeon Specchio.\nIl <color=#c69136>[Pacchetto di Orologi da Taschino]</color> viene automaticamente convertito in 20 <color=#c69136>[Orologi da Taschino]</color> dopo essere stato ottenuto.\n\nNella schermata <color=#c69136>[Scambio Ricompense]</color>, puoi ottenere diverse ricompense scambiando gli <color=#c69136>[Orologi da Taschino]</color> che hai ottenuto."
    },
    {
      "id": "tkt_reward_popup_desc",
      "content": "Ottieni gli <color=#c69136>[Orologi da Taschino]</color> nei seguenti modi:\ncompletando le Sezioni ed i Dungeon Evento, il Dungeon Specchio, e completando per la prima volta le Sezioni ed i Dungeon della Storia Principale.\n\nNella schermata <color=#c69136>[Scambio Ricompense]</color>, puoi ottenere  diverse ricompense scambiando gli <color=#c69136>[Orologi da Taschino]</color> che hai ottenuto."
    },
    {
      "id": "tkt_reward_popup_num_of_owned_items",
      "content": "Orologi In Possesso"
    },
    {
      "id": "tkt_bonusUI_Title",
      "content": "Bonus"
    },
    {
      "id": "tkt_bonusUI_Title_contain_false",
      "content": "Non Ottenuto"
    },
    {
      "id": "tkt_bonusUI_Desc",
      "content": "Durante l'evento schierare le seguenti Identità nella tua squadra ti fornirà\nun bonus sugli <color=#c69136>[Orologi da Taschino]</color> che otterrai.\nIl bonus massimo che puoi ottenere è del <color=#c69136>120%</color> sulla valuta base ottenibile."
    },
    {
      "id": "tkt_bonus_popup_title",
      "content": "Identità con Bonus Evento"
    },
    {
      "id": "tkt_bonus_preview",
      "content": "Identità con Bonus Evento"
    },
    {
      "id": "tkt_chapter_map_difficulty_ui_unlock_condition",
      "content": "Completa {0}-{1} per Sbloccare la Modalità Difficile"
    }
  ]
}
