{
  "dataList": [
    {
      "id": "mowe_stagebutton_not_clear",
      "content": "Completa 6.5-15 per Sbloccare"
    },
    {
      "id": "mowe_stagebutton_normal",
      "content": "Sezioni"
    },
    {
      "id": "mowe_stagebutton_end_event",
      "content": "Evento Terminato"
    },
    {
      "id": "mowe_storybutton_before_start",
      "content": "<size=75%>Leggi la prima Sezione della Storia Storia \nper Sbloccare</size>"
    },
    {
      "id": "mowe_storybutton_normal",
      "content": "Al Teatro"
    },
    {
      "id": "mowe_rewardShopButton",
      "content": "Scambio Ricompense"
    },
    {
      "id": "mowe_scrap_guide_title",
      "content": "Come usare la Valuta Evento"
    },
    {
      "id": "mowe_scrap_guide_desc",
      "content": "A volte, potresti ottenere un <color=#ff99e6>[Pacchetto di Recup. per Fixer]</color> dopo aver completato le Sezioni Evento, le Sezioni della Storia Principale o i Dungeon Specchio.\n\nIl <color=#ff99e6>[Pacchetto di Recup. per Fixer]</color> viene convertito immediatamente in 20 <color=#ff99e6>[Pacchetti di Recup. per Civili]</color> dopo essere stato ottenuto."
    },
    {
      "id": "mowe_rewardpage_desc",
      "content": "Durante l'evento, puoi ottenere dei <color=#ff99e6>[Pacchetti di Recup. per Civili]</color> completando le Sezioni Evento. Puoi anche ottenere i <color=#ff99e6>[Pacchetti di Recup. per Civili]</color> completanto per la prima volta le Sezioni della Storia Principale, o completando il Dungeon Specchio.\n\nA volte, potresti ottenere un <color=#ff99e6>[Pacchetto di Recup. per Fixer]</color> completando le Sezioni Evento, le Sezioni della Storia Principale o i Dungeon Specchio.\nIl <color=#ff99e6>[Pacchetto di Recup. per Fixer]</color> viene automaticamente convertito in 20 <color=#ff99e6>[Pacchetti di Recup. per Civili]</color> Pacchetti di Recup. per Civili.\n\nNella schermata <color=#ff99e6>[Scambio Ricompense]</color>, puoi ottenere diverse ricompense scambiando i <color=#ff99e6>[Pacchetti di Recup. per Civili]</color> che hai ottenuto."
    },
    {
      "id": "mowe_reward_popup_desc",
      "content": "Ottieni i <color=#ff99e6>[Pacchetti di Recup. per Civili]</color> nei seguenti modi:\ncompletando le Sezioni Evento & i Dungeon, completando il Dungeon Specchio,\ne completando per la prima volta le Sezioni della Storia Principale & i Dungeon.\n\nNella schermata <color=#ff99e6>[Scambio Ricompense]</color>, puoi ottenere  diverse ricompense\nscambiando i <color=#ff99e6>[Pacchetti di Recup. per Civili]</color> che hai ottenuto."
    },
    {
      "id": "mowe_reward_popup_num_of_owned_items",
      "content": "Oggetti Ottenuti"
    },
    {
      "id": "mowe_bonusUI_Title",
      "content": "Bonus"
    },
    {
      "id": "mowe_bonusUI_Title_contain_false",
      "content": "Non Ottenuto"
    },
    {
      "id": "mowe_bonusUI_Desc",
      "content": "Durante l'evento, schierare le seguenti Identità o E.G.O nella tua squadra ti fornirà\nun bonus sui <color=#ff99e6>[Pacchetti di Recup. per Civili]</color> che otterrai.\nIl bonus massimo che puoi ottenere è del <color=#ff99e6>120%</color> di valuta base ottenuta."
    },
    {
      "id": "mowe_bonus_popup_title",
      "content": "Unità con Bonus Evento"
    },
    {
      "id": "mowe_bonus_preview",
      "content": "Unità con Bonus Evento"
    }
  ]
}
