{
  "dataList": [
    {
      "id": "miracle_stagebutton_not_clear_cp4",
      "content": "Go clear Canto {0} first!"
    },
    {
      "id": "miracle_stagebutton_normal",
      "content": "Oi, Clockhead! Get crackin'!"
    },
    {
      "id": "miracle_stagebutton_end_event",
      "content": "You're late! Event's shut!"
    },
    {
      "id": "miracle_storybutton_before_start",
      "content": "Clear 5.5-1 to Unlock"
    },
    {
      "id": "miracle_storybutton_normal",
      "content": "Revisit thine adventures!"
    },
    {
      "id": "miracle_exchange_scrap",
      "content": "Reward Exchange"
    },
    {
      "id": "miracle_scrap_guide_title",
      "content": "Event Currency Guide"
    },
    {
      "id": "miracle_scrap_guide_desc",
      "content": "You can obtain <color=#008d0d>[Trinkets Sack]</color> by completing Event/Main Story Stages or the Mirror Dungeon.\nYou also have a small chance to obtain <color=#008d0d>[Huge Trinkets Sack]</color> in the process.\n\n<color=#008d0d>[Huge Trinkets Sack]</color> is immediately converted to 20 <color=#008d0d>[Trinkets Sack]</color> upon acquisition."
    },
    {
      "id": "miracle_rewardpage_desc",
      "content": "Earn <color=#008d0d>[Trinkets Sack]</color> via the following methods:\nFirst-time Event Stage & Dungeon clears and Mirror Dungeon clears.\n\nIn the <color=#008d0d>[Reward Exchange]</color> window, you can purchase various rewards\nby spending <color=#008d0d>[Trinkets Sack]</color> you have collected."
    },
    {
      "id": "miracle_scrap_counter_label",
      "content": "Trinkets Sacks Collected"
    },
    {
      "id": "miracle_chapter_map_difficulty_ui_9105",
      "content": "NORMALE"
    },
    {
      "id": "miracle_chapter_map_difficulty_ui_9112",
      "content": "DIFFICILE"
    },
    {
      "id": "miracle_chapter_map_difficulty_ui_hard_chapter_unlock_condition",
      "content": "Clear {0}-{1} to Unlock the Hard Mode"
    },
    {
      "id": "miracle_chapter_map_difficulty_ui_event_date_format",
      "content": "Until {0}/{1}"
    },
    {
      "id": "miracle_bonusUI_Desc",
      "content": "During the event period, deploying the following E.G.O on your team will\nboost the amount of <color=#008d0d>[Trinkets Sack]</color> earned.\nYou can earn a maximum of <color=#008d0d>120%</color> boost to the amount of event currency earned."
    },
    {
      "id": "miracle_bonus_popup_title",
      "content": "Event Bonus Units"
    }
  ]
}