{
  "dataList": [
    {
      "id": "formation_ego_resource_detail",
      "content": "Details"
    },
    {
      "id": "formation_deck_code_auto_filled",
      "content": "Base Identities & E.G.O have been slotted in for Identities or E.G.O that you have not obtained yet."
    },
    {
      "id": "formation_deck_filled_complete",
      "content": "Team Code Loading Complete"
    },
    {
      "id": "formation_set_to_default",
      "content": "Reset this Team loadout?\n\n<size=80%>Resetting this Team loadout will unequip everything save for Base Identities and Base E.G.O.</size>"
    },
    {
      "id": "formation_unable_to_set_default",
      "content": "You cannot reset the Base loadout."
    },
    {
      "id": "formation_ego_resource_popup_title",
      "content": "Team E.G.O Resource Overview"
    },
    {
      "id": "formation_ego_resource_popup_total_used",
      "content": "E.G.O Resource Expenditure Overview:"
    },
    {
      "id": "formation_ego_resource_popup_total_acquirable",
      "content": "Obtainable E.G.O Resources Overview:"
    },
    {
      "id": "formation_ego_resource_popup_personality",
      "content": "Identity Resources"
    },
    {
      "id": "formation_ego_resource_popup_ego",
      "content": "E.G.O Resource Expenditure"
    },
    {
      "id": "formation_code_popup_title",
      "content": "Team Code"
    },
    {
      "id": "formation_code_popup_desc",
      "content": "With Team Codes, you can:\n- Copy and share your Team loadouts\n- Paste and load Team loadouts"
    },
    {
      "id": "formation_code_popup_copy",
      "content": "Copy Team Code"
    },
    {
      "id": "formation_code_popup_paste",
      "content": "Load Team Code"
    },
    {
      "id": "formation_code_popup_paste_desc",
      "content": "Paste the copied Team Code here to equip the Team loadout."
    },
    {
      "id": "formation_code_popup_paste_input",
      "content": "Enter Code"
    },
    {
      "id": "formation_code_popup_copy_success",
      "content": "Team Code Copied"
    },
    {
      "id": "formation_side_button_all_personality",
      "content": "All Identities"
    },
    {
      "id": "formation_side_button_all_ego",
      "content": "All E.G.O"
    },
    {
      "id": "formation_side_button_friend_support",
      "content": "Support"
    },
    {
      "id": "character_list_title_all_personality",
      "content": "Identities"
    },
    {
      "id": "character_list_title_all_personality_with_character_name",
      "content": "Identities: {0}"
    },
    {
      "id": "character_list_title_all_ego",
      "content": "E.G.O"
    },
    {
      "id": "character_list_title_all_ego_with_character_name",
      "content": "E.G.O: {0}"
    },
    {
      "id": "character_list_title_friend_support",
      "content": "Support Identities: {0}"
    },
    {
      "id": "character_list_collect_rate",
      "content": "Collection Rate"
    },
    {
      "id": "character_list_owned_toggle_label",
      "content": "Obtained"
    },
    {
      "id": "character_list_sort_label",
      "content": "Sort By"
    },
    {
      "id": "character_list_friend_support_not_existed",
      "content": "No Support Identities for this Sinner."
    },
    {
      "id": "character_list_friend_support_impossible",
      "content": "Cannot equip Support Identities for this Sinner."
    },
    {
      "id": "view_personality_status_button_label",
      "content": "Identities"
    },
    {
      "id": "formation_ui_announcer",
      "content": "Announcers"
    },
    {
      "id": "formation_ui_announcer_detail",
      "content": "Announcer Details"
    },
    {
      "id": "formation_deck_code_invalid_code",
      "content": "This Team Code is invalid."
    },
    {
      "id": "formation_ego_resource_popup_personality_desc",
      "content": "Overview of E.G.O Resources obtainable by Identities in your Team loadout & per-Identity overview."
    },
    {
      "id": "formation_ego_resource_popup_ego_desc",
      "content": "E.G.O Resources expenditure for each equipped E.G.O."
    },
    {
      "id": "formation_current_personality",
      "content": "Selected Identity"
    },
    {
      "id": "ego_sort_label_rarity",
      "content": "Rarity"
    },
    {
      "id": "ego_filter_label_attack_type",
      "content": "E.G.O Attack Type"
    },
    {
      "id": "ego_filter_label_attribute_type",
      "content": "E.G.O Affinity"
    },
    {
      "id": "personality_filter_label_attack_type",
      "content": "Skill Attack Type"
    },
    {
      "id": "personality_filter_label_attribute_type",
      "content": "Skill Affinity"
    },
    {
      "id": "character_list_personality_not_existed",
      "content": "No identities matched your filter settings."
    },
    {
      "id": "character_list_ego_not_existed",
      "content": "No E.G.O matched your filter settings."
    },
    {
      "id": "filter_condition_speed",
      "content": "Speed"
    },
    {
      "id": "filter_condition_defense",
      "content": "Def. Lv."
    },
    {
      "id": "filter_condition_grade",
      "content": "Tier {0}"
    },
    {
      "id": "ego_sort_label_syncLevel",
      "content": "T.Spinning"
    },
    {
      "id": "ego_sort_label_crimson_resist",
      "content": "Wrath Res."
    },
    {
      "id": "ego_sort_label_scarlet_resist",
      "content": "Lust Res."
    },
    {
      "id": "ego_sort_label_amber_resist",
      "content": "Sloth Res."
    },
    {
      "id": "ego_sort_label_shamrock_resist",
      "content": "Glut. Res."
    },
    {
      "id": "ego_sort_label_azure_resist",
      "content": "Gloom Res."
    },
    {
      "id": "ego_sort_label_indigo_resist",
      "content": "Pride Res."
    },
    {
      "id": "ego_sort_label_violet_resist",
      "content": "Envy Res."
    }
  ]
}