{
  "dataList": [
    {
      "id": "1",
      "content": "Estrazione Standard"
    },
    {
      "id": "2",
      "content": "Estrazione Assicurata: Identità 3★"
    },
    {
      "id": "3",
      "content": "Estrazione Di Benvenuto Per Nuovi Manager"
    },
    {
      "id": "4",
      "content": "[Stagione 1] Estrazione Assicurata: Identità 3★"
    },
    {
      "id": "101",
      "content": "Estrazione Mirata: Gregor"
    },
    {
      "id": "102",
      "content": "Nuova Estrazione Mirata: N Corp. #1"
    },
    {
      "id": "103",
      "content": "Estrazione Mirata: Rodion"
    },
    {
      "id": "104",
      "content": "Nuova Estrazione Mirata: N Corp. #2"
    },
    {
      "id": "105",
      "content": "Estrazione Mirata: Heathcliff"
    },
    {
      "id": "106",
      "content": "Nuova Estrazione Mirata: Seven S6 Director Outis & Liu S5 Hong Lu"
    },
    {
      "id": "107",
      "content": "Estrazione Mirata: Don Quixote"
    },
    {
      "id": "108",
      "content": "Nuova Estrazione Mirata: Hell's Chicken"
    },
    {
      "id": "109",
      "content": "Estrazione Mirata: Hong Lu"
    },
    {
      "id": "110",
      "content": "Nuova Estrazione Mirata: N Corp. #3"
    },
    {
      "id": "111",
      "content": "Estrazione Mirata: Faust"
    },
    {
      "id": "112",
      "content": "Estrazione Mirata: Dimension Shredder for Yi Sang & Hong Lu"
    },
    {
      "id": "113",
      "content": "Estrazione Mirata: Meursault"
    },
    {
      "id": "114",
      "content": "Nuova Estrazione Mirata: Rosespanner Workshop"
    },
    {
      "id": "5",
      "content": "[Stagione 2] Estrazione Assicurata: Identità 3★"
    },
    {
      "id": "115",
      "content": "Nuova Estrazione Mirata: Technology Liberation Alliance & Rosespanner Workshop"
    },
    {
      "id": "116",
      "content": "Estrazione Mirata: Outis"
    },
    {
      "id": "117",
      "content": "Nuova Estrazione Mirata: Technology Liberation Alliance #2"
    },
    {
      "id": "118",
      "content": "Estrazione Mirata: Sinclair"
    },
    {
      "id": "119",
      "content": "Nuova Estrazione Mirata: K Corp & Technology Liberation Alliance #3"
    },
    {
      "id": "120",
      "content": "Estrazione Mirata: Red Eyes & Red Eyes (Open)"
    },
    {
      "id": "121",
      "content": "Nuova Estrazione Mirata: Liu South Section 4 Ishmael"
    },
    {
      "id": "122",
      "content": "Estrazione Mirata: Yi Sang"
    },
    {
      "id": "123",
      "content": "Nuova Estrazione Mirata: R Corp. 4th Pack Rhino Meursault & Zwei South Section 5 Rodion"
    },
    {
      "id": "124",
      "content": "Nuova Estrazione Mirata: Cinq South Section 5 Director Don Quixote"
    },
    {
      "id": "125",
      "content": "Estrazione Mirata: Ryōshū"
    },
    {
      "id": "126",
      "content": "Nuova Estrazione Mirata: Identità & E.G.O - M.A.R."
    },
    {
      "id": "127",
      "content": "Nuova Estrazione Mirata: Zwei South Section 4 Gregor & Faust"
    },
    {
      "id": "128",
      "content": "Estrazione Mirata: Ishmael"
    },
    {
      "id": "129",
      "content": "Nuova Estrazione Mirata: W Corp. L3 Cleanup Agent Ryōshū & L2 Cleanup Agent Hong Lu"
    },
    {
      "id": "130",
      "content": "Estrazione Mirata: Don Quixote"
    },
    {
      "id": "131",
      "content": "Nuova Estrazione Mirata: Seven South Section 4 Faust & Heathcliff"
    },
    {
      "id": "132",
      "content": "Estrazione Mirata: Gregor"
    },
    {
      "id": "133",
      "content": "Nuova Estrazione Mirata: Dieci South Section 4 Rodion"
    },
    {
      "id": "134",
      "content": "Estrazione Mirata: Hong Lu"
    },
    {
      "id": "135",
      "content": "Nuova E.G.O Estrazione Mirata: Lantern for Sinclair"
    },
    {
      "id": "136",
      "content": "Nuova E.G.O Estrazione Mirata: Ya Śūnyatā Tad Rūpam for Heathcliff"
    },
    {
      "id": "137",
      "content": "Estrazione Mirata: Rodion"
    },
    {
      "id": "138",
      "content": "La 1a Notte di Valpurga - Estrazione Mirata"
    },
    {
      "id": "139",
      "content": "Estrazione Mirata: Heathcliff"
    },
    {
      "id": "140",
      "content": "Nuova Estrazione Mirata: W Corp. L3 Cleanup Agent Yi Sang"
    },
    {
      "id": "141",
      "content": "Estrazione Mirata: Faust"
    },
    {
      "id": "142",
      "content": "Nuova Estrazione Mirata: Twinhook Pirates First mate Gregor & LCCB Assistant Manager Ryōshū"
    },
    {
      "id": "143",
      "content": "Nuova Estrazione Mirata: The Middle Little Sister Don Quixote & Little Brother Meursault"
    },
    {
      "id": "6",
      "content": "[Stagione 3] Estrazione Assicurata: Identità 3★"
    },
    {
      "id": "144",
      "content": "Estrazione Mirata: Outis"
    },
    {
      "id": "145",
      "content": "Nuova Estrazione Mirata: The Pequod Harpooneer Heathcliff & First Mate Yi Sang"
    },
    {
      "id": "146",
      "content": "Estrazione Mirata: Meursault"
    },
    {
      "id": "147",
      "content": "Nuova E.G.O Estrazione Mirata: Pursuance for Rodion"
    },
    {
      "id": "148",
      "content": "Nuova Estrazione Mirata: Cinq South S4 Director Sinclair & S4 Outis"
    },
    {
      "id": "149",
      "content": "Estrazione Mirata: Ryōshū"
    },
    {
      "id": "150",
      "content": "Nuova E.G.O Estrazione Mirata: Miracle in District 20"
    },
    {
      "id": "151",
      "content": "Estrazione Mirata: Yi Sang"
    },
    {
      "id": "152",
      "content": "La 2a Notte di Valpurga - Estrazione Mirata"
    },
    {
      "id": "153",
      "content": "Estrazione Mirata: Sinclair"
    },
    {
      "id": "154",
      "content": "Nuova Estrazione Mirata: Dieci South Section 4 Hong Lu & Yi Sang"
    },
    {
      "id": "155",
      "content": "Estrazione Mirata: Gregor"
    },
    {
      "id": "156",
      "content": "Nuova Estrazione Mirata: The Pequod Captain Ishmael"
    },
    {
      "id": "157",
      "content": "Nuova E.G.O Estrazione Mirata: Wishing Cairn for Don Quixote"
    },
    {
      "id": "158",
      "content": "Estrazione Mirata: Hong Lu"
    },
    {
      "id": "159",
      "content": "Nuova Estrazione Mirata: Yield My Flesh to Claim Their Bones"
    },
    {
      "id": "160",
      "content": "Estrazione Mirata: Ishmael"
    },
    {
      "id": "161",
      "content": "Nuova Estrazione Mirata: Liu South S4 Director Rodion & S4 Ryōshū"
    },
    {
      "id": "162",
      "content": "Nuova E.G.O Estrazione Mirata: Garden of Thorns for Gregor"
    },
    {
      "id": "163",
      "content": "Estrazione Mirata: Don Quixote"
    },
    {
      "id": "164",
      "content": "Nuova Estrazione Mirata: Öufi South Section 3 Heathcliff"
    },
    {
      "id": "7",
      "content": "[Stagione 4] Estrazione Assicurata: Identità 3★"
    },
    {
      "id": "165",
      "content": "Nuova Estrazione Mirata: Wuthering Heights Chief Butler Outis & Dead Rabbits Boss Meursault"
    },
    {
      "id": "166",
      "content": "Estrazione Mirata: Rodion"
    },
    {
      "id": "167",
      "content": "Nuova Estrazione Mirata: Edgar Family Heir Gregor & Wuthering Heights Butler Faust"
    },
    {
      "id": "168",
      "content": "Estrazione Mirata: Heathcliff"
    },
    {
      "id": "169",
      "content": "Nuova Estrazione Mirata: Edgar Family Chief Butler Ryōshū & Butler Ishmael"
    },
    {
      "id": "170",
      "content": "Estrazione Mirata: Ryōshū"
    },
    {
      "id": "171",
      "content": "La 3a Notte di Valpurga - Estrazione Mirata"
    },
    {
      "id": "172",
      "content": "Estrazione Mirata: Faust"
    },
    {
      "id": "173",
      "content": "Nuova Estrazione Mirata: The Ring Pointillist Student Yi Sang & Outis"
    },
    {
      "id": "174",
      "content": "Estrazione Mirata: Outis"
    },
    {
      "id": "175",
      "content": "Nuova E.G.O Estrazione Mirata: Cavernous Wailing for Hong Lu & Sinclair"
    },
    {
      "id": "176",
      "content": "Estrazione Mirata: Meursault"
    },
    {
      "id": "177",
      "content": "Nuova Estrazione Mirata: Timekilling Time"
    },
    {
      "id": "178",
      "content": "Estrazione Mirata: Yi Sang"
    },
    {
      "id": "179",
      "content": "Nuova Estrazione Mirata: T Corp. Class 3 Collection Staff Don Quixote & Class 2 Collection Staff Rodion"
    },
    {
      "id": "180",
      "content": "Estrazione Mirata: Sinclair"
    },
    {
      "id": "181",
      "content": "Nuova Estrazione Mirata: Dieci South S4 Director Meursault & Contempt, Awe Ryōshū"
    },
    {
      "id": "182",
      "content": "Estrazione Mirata: Gregor"
    },
    {
      "id": "183",
      "content": "Nuova Estrazione Mirata: W Corp. L3 Cleanup Captain Outis & Fell Bullet Heathcliff"
    },
    {
      "id": "184",
      "content": "Estrazione Mirata: Hong Lu"
    },
    {
      "id": "185",
      "content": "Nuova Estrazione Mirata: MultiCrack Office Rep Faust & Dimension Shredder Outis"
    },
    {
      "id": "186",
      "content": "Estrazione Mirata: Ishmael"
    },
    {
      "id": "187",
      "content": "Nuova Estrazione Mirata: Wild Hunt Heathcliff"
    },
    {
      "id": "188",
      "content": "Estrazione Mirata: Don Quixote"
    },
    {
      "id": "189",
      "content": "La 4a Notte di Valpurga - Estrazione Mirata"
    },
    {
      "id": "190",
      "content": "Estrazione Mirata: Ryōshū"
    },
    {
      "id": "191",
      "content": "Nuova Estrazione Mirata Identità & E.G.O: Devyat' North Section 3 Rodion & Bygone Days Ishmael"
    },
    {
      "id": "192",
      "content": "Nuova Estrazione Mirata: Zwei West Section 3 Ishmael"
    },
    {
      "id": "193",
      "content": "Estrazione Mirata: Faust"
    },
    {
      "id": "194",
      "content": "Nuova Estrazione Mirata: Cinq West Section 3 Meursault & Zwei West Section 3 Sinclair"
    },
    {
      "id": "195",
      "content": "Nuova Estrazione Mirata: The Barber of La Manchaland Outis & Fanghunt Office Fixer Hong Lu"
    },
    {
      "id": "8",
      "content": "[Stagione 5] Estrazione Assicurata: Identità 3★"
    },
    {
      "id": "196",
      "content": "Estrazione Mirata: Rodion"
    },
    {
      "id": "197",
      "content": "Nuova Estrazione Mirata: The Priest of La Manchaland Gregor"
    },
    {
      "id": "198",
      "content": "Estrazione Mirata: Meursault"
    },
    {
      "id": "199",
      "content": "Nuova Estrazione Mirata Identità & E.G.O: The Princess of La Manchaland Rodion & Fell Bullet Yi Sang"
    },
    {
      "id": "200",
      "content": "Estrazione Mirata: Outis"
    },
    {
      "id": "201",
      "content": "Nuova Estrazione Mirata Identità & E.G.O: Devyat' North Section 3 Sinclair & Asymmetrical Inertia Heathcliff"
    },
    {
      "id": "202",
      "content": "Estrazione Mirata: Yi Sang"
    },
    {
      "id": "203",
      "content": "Nuova Estrazione Mirata: The Manager of La Manchaland Don Quixote"
    },
    {
      "id": "204",
      "content": "Estrazione Mirata: Heathcliff"
    },
    {
      "id": "205",
      "content": "Nuova E.G.O Estrazione Mirata: Miracle in District 20 BokGak"
    },
    {
      "id": "206",
      "content": "Estrazione Mirata: Sinclair"
    },
    {
      "id": "207",
      "content": "La 5a Notte di Valpurga - Estrazione Mirata"
    },
    {
      "id": "208",
      "content": "Estrazione Mirata: Gregor"
    },
    {
      "id": "209",
      "content": "Nuova Estrazione Mirata: Controllo di Routine LCB"
    },
    {
      "id": "210",
      "content": "Estrazione Mirata: Blade Lineage & Kurokumo Clan"
    },
    {
      "id": "211",
      "content": "Nuova Estrazione Mirata: Kurokumo Clan Captain Ishmael"
    },
    {
      "id": "212",
      "content": "Estrazione Mirata: Ryōshū"
    },
    {
      "id": "213",
      "content": "Nuova Estrazione Mirata Identità & E.G.O: Liu South Section 3 Yi Sang & Thoracalgia Faust"
    },
    {
      "id": "214",
      "content": "Estrazione Mirata: Faust"
    },
    {
      "id": "215",
      "content": "Nuova Estrazione Mirata: Firefist Office Survivor Gregor & Cinq East Section 3 Don Quixote"
    },
    {
      "id": "216",
      "content": "Estrazione Mirata: Hong Lu"
    },
    {
      "id": "217",
      "content": "Nuova Estrazione Mirata: Spazzare Notturno"
    },
    {
      "id": "218",
      "content": "Estrazione Mirata: Don Quixote"
    },
    {
      "id": "219",
      "content": "Nuova Estrazione Mirata: The Middle Little Brother Sinclair"
      },
    {
      "id": "220",
      "content": "Estrazione Mirata: Ishmael"
    },
    {
      "id": "221",
      "content": "Nuova Estrazione E.G.O Mirata: Indicant's Trial per Rodion"
    },
    {
      "id": "222",
      "content": "Estrazione Mirata: Sinclair"
    },
    {
      "id": "223",
      "content": "Nuova Estrazione Mirata: Renna del 4o Branco di R. Corp Hong Lu"
    },
    {
      "id": "9",
      "content": "[Stagione 6] Estrazione Garantita: Identità 3★"
    },
    {
      "id": "224",
      "content": "Estrazione Mirata: Outis"
    },
    {
      "id": "225",
      "content": "Nuova Estrazione Mirata: Branco Heishou - Ramo Si Rodion & Gregor"
    },
    {
      "id": "226",
      "content": "Nuova Estrazione Mirata: Branco Heishou - Eccelsa del Ramo Mao Faust"
    },
    {
      "id": "227",
      "content": "Estrazione Mirata: Heathcliff"
    },
    {
      "id": "228",
      "content": "Nuova Estrazione Mirata: Candidata alla Guida della Famiglia Ishmael"
    },
    {
      "id": "229",
      "content": "Estrazione Mirata: Rodion"
    },
    {
      "id": "230",
      "content": "Nuova Estrazione Mirata: Capo IIII Meursault & Soldato II Sinclair Del Pollice Est"
    },
    {
      "id": "231",
      "content": "Estrazione Mirata: La Manchaland - Sanguimoni"
    },
    {
      "id": "232",
      "content": "Nuova Estrazione Mirata: E.G.O di N Corp.::Proiettile Crudele Yi Sang"
    },
    {
      "id": "233",
      "content": "Estrazione Mirata BokGak la 1a e 2a Notte di Valpurga"
    },
    {
      "id": "234",
      "content": "Estrazione Mirata La 6a Notte di Valpurga"
    },
    {
      "id": "235",
      "content": "Estrazione Mirata: Yi Sang"
    },
    {
      "id": "236",
      "content": "Nuova Estrazione Mirata: Tempo Ammazzatempo BokGak"
    }
  ]
}
