{
  "dataList": [
    {
      "id": 603,
      "name": "Pacchetto Follia per l'Inizio della Stagione 6",
      "desc": "Un'offerta Stagionale che offre i seguenti articoli:\n\n· Follia Pagata x1300\n\n"
    },
    {
      "id": 604,
      "name": "Pacchetto Fornitura Stagione 6",
      "desc": "Disponibile per l'acquisto solo durante la Stagione 6. Il pacchetto contiene i seguenti articoli:\n\n· Follia Pagata x5040\n· Biglietto per Decaestrazione x3\n· Biglietto per Addestramento Identità IV x60\n· Biglietto per Addestramento Identità x30\n· Filo x80\n· [Stagione 6] Cassa di ScheggieEgo A Scelta x40"
    },
    {
      "id": 425,
      "name": "Pacchetto Estrazione Mirata",
      "desc": "Puoi ottenere i seguenti oggetti da questo Pacchetto Commemorativo per 「Nuova Estrazione Mirata - Branco Heishou - Ramo Si Rodion & Gregor」.\n\n· Biglietto per Decaestrazione x4"
    },
    {
      "id": 426,
      "name": "Pacchetto Crescita Identità",
      "desc": "Puoi ottenere i seguenti oggetti da questo Pacchetto Commemorativo per 「Nuova Estrazione Mirata - Branco Heishou - Ramo Si Rodion & Gregor」.\n\n· Modulo Lancio - Legame ID x 1\n· Biglietto per Addestramento Identità IV x 60\n· Biglietto per Addestramento Identità x 30"
    },
    {
      "id": 154,
      "name": "Pacchetto ESP Settimanale",
      "desc": "Un'offerta settimanale che offre i seguenti articoli:\n\n· Biglietto per Addestramento Identità IV x35\n· Biglietto per Addestramento Identità III x25"
    },
    {
      "id": 155,
      "name": "Pacchetto ESP Mensile I",
      "desc": "Un'offerta mensile che offre i seguenti articoli:\n\n· Biglietto per Addestramento Identità IV x80\n· Biglietto per Addestramento Identità III x70"
    },
    {
      "id": 156,
      "name": "Pacchetto ESP Mensile II",
      "desc": "Un'offerta mensile che offre i seguenti articoli:\n\n· Biglietto per Addestramento Identità IV x160\n· Biglietto per Addestramento Identità III x95"
    },
    {
      "id": 157,
      "name": "Pacchetto ESP Mensile III",
      "desc": "Un'offerta mensile che offre i seguenti articoli:\n\n· Biglietto per Addestramento Identità IV x325\n· Biglietto per Addestramento Identità III x165"
    },
    {
      "id": 107,
      "name": "Pacchetto Allenamento Mensile I",
      "desc": "Un'offerta mensile che offre i seguenti articoli\n\n· Follia x1690\n· Biglietto per Decaestrazione x2\n·Biglietto per Addestramento Identità IV x35\n· Biglietto per Addestramento Identità III x25"
    },
    {
      "id": 427,
      "name": "Pacchetto Estrazione Mirata",
      "desc": "Puoi ottenere i seguenti oggetti da questo Pacchetto Commemorativo per 「Nuova Estrazione Mirata - Branco Heishou - Eccelsa del Ramo Mao Faust」.\n\n· Biglietto per Decaestrazione x4"
    },
    {
      "id": 428,
      "name": "Pacchetto Crescita Identità",
      "desc": "Puoi ottenere i seguenti oggetti da questo Pacchetto Commemorativo per 「Nuova Estrazione Mirata - Branco Heishou - Eccelsa del Ramo Mao Faust」.\n\n· Modulo Lancio - Legame ID x 1\n· Biglietto per Addestramento Identità IV x 60\n· Biglietto per Addestramento Identità III x 30"
    },
    {
      "id": 429,
      "name": "Pacchetto Estrazione Mirata",
      "desc": "Puoi ottenere i seguenti oggetti da questo Pacchetto Commemorativo per 「Nuova Estrazione Mirata - Family Hierarch Candidate Ishmael」.\n\n· Biglietto per Decaestrazione x4"
    },
    {
      "id": 430,
      "name": "Pacchetto Crescita Identità",
      "desc": "Puoi ottenere i seguenti oggetti da questo Pacchetto Commemorativo per 「Nuova Estrazione Mirata - Family Hierarch Candidate Ishmael」.\n\n· Modulo Lancio - Legame ID x 1\n· Biglietto per Addestramento Identità IV x 60\n· Biglietto per Addestramento Identità III x 30"
    },
    {
      "id": 431,
      "name": "Pacchetto Estrazione Mirata",
      "desc": "Puoi ottenere i seguenti oggetti da questo Pacchetto Commemorativo per 「Nuova Estrazione Mirata - Capo IIII Meursault & Soldato II Sinclair Del Pollice Est」.\n\n· Biglietto per Decaestrazione x4"
    },
    {
      "id": 432,
      "name": "Pacchetto Crescita Identità",
      "desc": "Puoi ottenere i seguenti oggetti da questo Pacchetto Commemorativo per 「Nuova Estrazione Mirata - Capo IIII Meursault & Soldato II Sinclair Del Pollice Est」.\n\n· Modulo Lancio - Legame ID x 1\n· Biglietto per Addestramento Identità IV x 60\n· Biglietto per Addestramento Identità III x 30"
    },
    {
      "id": 433,
      "name": "Pacchetto Estrazione Mirata",
      "desc": "Puoi ottenere i seguenti oggetti da questo Pacchetto Commemorativo per 「Nuova Estrazione Mirata - E.G.O della N Corp.::Proiettile Crudele Yi Sang」.\n\n· Modulo Lancio - Legame ID x 1\n· Biglietto per Addestramento Identità IV x 60\n· Biglietto per Addestramento Identità III x 30"
    },
    {
      "id": 434,
      "name": "Pacchetto Crescita Identità",
      "desc": "Puoi ottenere i seguenti oggetti da questo Pacchetto Commemorativo per 「Nuova Estrazione Mirata - E.G.O della N Corp.::Proiettile Crudele Yi Sang」.\n\n· Modulo Lancio - Legame ID x 1\n· Biglietto per Addestramento Identità IV x 60\n· Biglietto per Addestramento Identità III x 30"
    },
    {
      "id": 435,
      "name": "Pacchetto Estrazione Mirata",
      "desc": "Puoi ottenere i seguenti oggetti da questo Pacchetto Commemorativo per 「La Sesta Notte di Valpurga」.\n\n· Biglietto per Decaestrazione x 4"
    },
    {
      "id": 436,
      "name": "Pacchetto Crescita Identità",
      "desc": "Puoi ottenere i seguenti oggetti da questo Pacchetto Commemorativo per 「La Sesta Notte di Valpurga」.\n\n\n· Modulo Lancio - Legame ID x 1\n· Biglietto per Addestramento Identità IV x 60\n· Biglietto per Addestramento Identità III x 30"
    },
    {
      "id": 437,
      "name": "Pacchetto Miglioria E.G.O",
      "desc": "Puoi ottenere i seguenti oggetti da questo Pacchetto Commemorativo per 「La Sesta Notte di Valpurga」.\n\n· Modulo Lancio - Intreccio E.G.O [WAW] x 1"
    },
    {
      "id": 438,
      "name": "Pacchetto Estrazione Mirata",
      "desc": "Puoi ottenere i seguenti oggetti da questo Pacchetto Commemorativo per 「Intervallo IV: Tempo Ammazzatempo BokGak」.\n\n· Biglietto per Decaestrazione x 4"
    },
    {
      "id": 439,
      "name": "Pacchetto Crescita Identità",
      "desc": "Puoi ottenere i seguenti oggetti da questo Pacchetto Commemorativo per 「Intervallo IV: Tempo Ammazzatempo BokGak」.\n\n\n· Modulo Lancio - Legame ID x 1\n· Biglietto per Addestramento Identità IV x 60\n· Biglietto per Addestramento Identità III x 30"
    },
    {
      "id": 440,
      "name": "Pacchetto Miglioria E.G.O",
      "desc": "Puoi ottenere i seguenti oggetti da questo Pacchetto Commemorativo per 「Intervallo IV: Tempo Ammazzatempo BokGak」.\n\n· Modulo Lancio - Intreccio E.G.O [WAW] x 1"
    },
    {
      "id": 441,
      "name": "Pacchetto Estrazione Mirata",
      "desc": "Puoi ottenere i seguenti oggetti da questo Pacchetto Commemorativo per 「Nuova Estrazione Mirata - Il Lord di Hongyuan Hong Lu」.\n\n· Biglietto per Decaestrazione x 4"
    },
    {
      "id": 442,
      "name": "Pacchetto Crescita Identità",
      "desc": "Puoi ottenere i seguenti oggetti da questo Pacchetto Commemorativo per 「Nuova Estrazione Mirata - Il Lord di Hongyuan Hong Lu」.\n\n\n· Modulo Lancio - Legame ID x 1\n· Biglietto per Addestramento Identità IV x 60\n· Biglietto per Addestramento Identità III x 30"
    },
    {
      "id": 443,
      "name": "Pacchetto Estrazione Mirata",
      "desc": "Puoi ottenere i seguenti oggetti da questo Pacchetto Commemorativo per 「Nuova Estrazione Mirata - Intervallo VI: Cultura Primaverile」.\n\n· Biglietto per Decaestrazione x 4"
    },
    {
      "id": 444,
      "name": "Pacchetto Crescita Identità",
      "desc": "Puoi ottenere i seguenti oggetti da questo Pacchetto Commemorativo per 「Nuova Estrazione Mirata - Intervallo VI: Cultura Primaverile」.\n\n\n· Modulo Lancio - Legame ID x 1\n· Biglietto per Addestramento Identità IV x 60\n· Biglietto per Addestramento Identità III x 30"
    },
    {
      "id": 445,
      "name": "Pacchetto Crescita Identità",
      "desc": "Puoi ottenere i seguenti oggetti da questo Pacchetto Commemorativo per 「Nuova Estrazione Mirata: E.G.O della N Corp.::Disprezzo, Timore Ryōshū」.\n\n· Biglietto per Decaestrazione x 4"
    },
    {
      "id": 446,
      "name": "Pacchetto Crescita Identità",
      "desc": "Puoi ottenere i seguenti oggetti da questo Pacchetto Commemorativo per 「Nuova Estrazione Mirata: E.G.O della N Corp.::Disprezzo, Timore Ryōshū」.\n\n\n· Modulo Lancio - Legame ID x 1\n· Biglietto per Addestramento Identità IV x 60\n· Biglietto per Addestramento Identità III x 30"
    },
    {
      "id": 447,
      "name": "Pacchetto Estrazione Mirata",
      "desc": "Puoi ottenere i seguenti oggetti da questo Pacchetto Commemorativo per 「Cap. 8.5: EX - Pellegrinaggio della Compassione」.\n\n· Biglietto per Decaestrazione x 4"
    },
    {
      "id": 448,
      "name": "Pacchetto Miglioria\nE.G.O [WAW]",
      "desc": "Puoi ottenere i seguenti oggetti da questo Pacchetto Commemorativo per 「Cap. 8.5: EX - Pellegrinaggio della Compassione」.\n\n· Modulo Lancio - Intreccio E.G.O [WAW] x 1"
    },
    {
      "id": 449,
      "name": "Pacchetto Miglioria\nE.G.O [HE]",
      "desc": "Puoi ottenere i seguenti oggetti da questo Pacchetto Commemorativo per 「Cap. 8.5: EX - Pellegrinaggio della Compassione」.\n\n· Modulo Lancio - Intreccio E.G.O [HE] x 1"
    },
    {
      "id": 209,
      "name": "Pacchetto Annunciatore: Amiya",
      "desc": "Puoi ottenere i seguenti oggetti da questo Pacchetto Commemorativo per la Collaborazione Limbus Company X Arknights.\n\n· Annunciatrice Amiya\n· Biglietto per Decaestrazione x2"
    },
    {
      "id": 206,
      "name": "Full Moon 2025\nCommemorative\nID Upgrade Pack",
      "desc": "A limited Full Moon 2025 Campaign Commemorative Pack. Contains the following items:\n\n· Takeoff Module - ID Uptie x1\n· Identity Training Ticket IV x140\n\n※ Using the Takeoff Module - ID Uptie raises the selected Identity's Uptie Tier to 4."
    },
    {
      "id": 207,
      "name": "Full Moon 2025\nCommemorative\nE.G.O Upgrade Pack",
      "desc": "A limited Full Moon 2025 Campaign Commemorative Pack. Contains the following items:\n\n· Decaextraction Ticket x3\n· Takeoff Module - E.G.O Spinning [WAW] x1\n\n※ Using the Takeoff Module - E.G.O Spinning [WAW] raises the selected E.G.O's Threadspinning tier to 4. (Usable only on E.G.Os WAW Level or lower)"
    },
    {
      "id": 208,
      "name": "Full Moon 2025\nCommemorative\nComplete Pack",
      "desc": "A limited Full Moon 2025 Campaign Commemorative Pack. Contains the following items:\n\n· Decaextraction Ticket x4\n· Takeoff Module - ID Uptie x1\n· Takeoff Module - E.G.O Spinning [WAW] x1\n· Identity Training Ticket IV x140\n· Threads x100\n\n※ Using the Takeoff Module - ID Uptie raises the selected Identity's Uptie Tier to 4.\n\n※ Using the Takeoff Module - E.G.O Spinning [WAW] raises the selected E.G.O's Threadspinning tier to 4. (Usable only on E.G.Os WAW Level or lower)"
    },
    {
      "id": 450,
      "name": "Pacchetto Crescita Identità",
      "desc": "Puoi ottenere i seguenti oggetti da questo Pacchetto Commemorativo per 「Nuova Estrazione Mirata - Faust Shi Est Sezione 3」.\n\n\n· Modulo Lancio - Legame ID x 1\n· Biglietto per Addestramento Identità IV x 60\n· Biglietto per Addestramento Identità III x 30"
    },
    {
      "id": 451,
      "name": "Pacchetto Estrazione Mirata",
      "desc": "Puoi ottenere i seguenti oggetti da questo Pacchetto Commemorativo per 「Intervallo IV: Assassinio sul WARP Express BokGak」.\n\n· Biglietto per Decaestrazione x4"
    },
    {
      "id": 452,
      "name": "Pacchetto Crescita Identità",
      "desc": "Puoi ottenere i seguenti oggetti da questo Pacchetto Commemorativo per 「Intervallo IV: Assassinio sul WARP Express BokGak」.\n\n\n· Modulo Lancio - Legame ID x 1\n· Biglietto per Addestramento Identità IV x 60\n· Biglietto per Addestramento Identità III x 30"
    },
    {
      "id": 453,
      "name": "Pacchetto Estrazione Mirata",
      "desc": "Puoi ottenere i seguenti oggetti da questo Pacchetto Commemorativo per 「La Settima Notte di Valpurga」.\n\n· Biglietto per Decaestrazione x4"
    },
    {
      "id": 454,
      "name": "Pacchetto Crescita Identità",
      "desc": "Puoi ottenere i seguenti oggetti da questo Pacchetto Commemorativo per 「La Settima Notte di Valpurga」.\n\n\n· Modulo Lancio - Legame ID x 1\n· Biglietto per Addestramento Identità IV x 60\n· Biglietto per Addestramento Identità III x 30"
    },
    {
      "id": 455,
      "name": "Pacchetto Estrazione Mirata",
      "desc": "Puoi ottenere i seguenti oggetti da questo Pacchetto Commemorativo per 「Nuova Estrazione Mirata - Branco Heishou - Eccelso del Ramo You Heathcliff & Ramo Wei Don Quixote」.\n\n· Biglietto per Decaestrazione x4"
    },
    {
      "id": 456,
      "name": "Pacchetto Crescita Identità",
      "desc": "Puoi ottenere i seguenti oggetti da questo Pacchetto Commemorativo per 「Nuova Estrazione Mirata - Branco Heishou - Eccelso del Ramo You Heathcliff & Ramo Wei Don Quixote」.\n\n\n· Modulo Lancio - Legame ID x 1\n· Biglietto per Addestramento Identità IV x 60\n· Biglietto per Addestramento Identità III x 30"
    }
  ]
}
