{
  "dataList": [
    {
      "id": 603,
      "name": "Pacchetto Follia per l'Inizio della Stagione 6",
      "desc": "Un'offerta Stagionale che offre i seguenti articoli:\n\n· Follia Pagata x1300\n\n"
    },
    {
      "id": 604,
      "name": "Pacchetto Fornitura Stagione 6",
      "desc": "Disponibile per l'acquisto solo durante la Stagione 6. Il pacchetto contiene i seguenti articoli:\n\n· Follia Pagata x5040\n· Biglietto per Decaestrazione x3\n· Biglietto per Addestramento Identità IV x60\n· Biglietto per Addestramento Identità x30\n· Filo x80\n· [Stagione 6] Cassa di ScheggieEgo A Scelta x40"
    },
    {
      "id": 425,
      "name": "Pacchetto Estrazione Mirata",
      "desc": "Puoi ottenere i seguenti oggetti da questo Pacchetto Commemorativo per 「Nuova Estrazione Mirata - Branco Heishou - Ramo Si Rodion & Gregor」.\n\n· Biglietto per Decaestrazione x4"
    },
    {
      "id": 426,
      "name": "Pacchetto Crescita Identità",
      "desc": "Puoi ottenere i seguenti oggetti da questo Pacchetto Commemorativo per 「Nuova Estrazione Mirata - Branco Heishou - Ramo Si Rodion & Gregor」.\n\n· Modulo Lancio - Legame ID x 1\n· Biglietto per Addestramento Identità IV x 60\n· Biglietto per Addestramento Identità x 30"
    },
    {
      "id": 154,
      "name": "Pacchetto ESP Settimanale",
      "desc": "Un'offerta settimanale che offre i seguenti articoli:\n\n· Biglietto per Addestramento Identità IV x35\n· Biglietto per Addestramento Identità III x25"
    },
    {
      "id": 155,
      "name": "Pacchetto ESP Mensile I",
      "desc": "Un'offerta mensile che offre i seguenti articoli:\n\n· Biglietto per Addestramento Identità IV x80\n· Biglietto per Addestramento Identità III x70"
    },
    {
      "id": 156,
      "name": "Pacchetto ESP Mensile II",
      "desc": "Un'offerta mensile che offre i seguenti articoli:\n\n· Biglietto per Addestramento Identità IV x160\n· Biglietto per Addestramento Identità III x95"
    },
    {
      "id": 157,
      "name": "Pacchetto ESP Mensile III",
      "desc": "Un'offerta mensile che offre i seguenti articoli:\n\n· Biglietto per Addestramento Identità IV x325\n· Biglietto per Addestramento Identità III x165"
    },
    {
      "id": 107,
      "name": "Pacchetto Allenamento Mensile I",
      "desc": "Un'offerta mensile che offre i seguenti articoli\n\n· Follia x1690\n· Biglietto per Decaestrazione x2\n·Biglietto per Addestramento Identità IV x35\n· Biglietto per Addestramento Identità III x25"
    },
    {
      "id": 427,
      "name": "Pacchetto Estrazione Mirata",
      "desc": "Puoi ottenere i seguenti oggetti da questo Pacchetto Commemorativo per 「Nuova Estrazione Mirata - Branco Heishou - Eccelsa del Ramo Mao Faust」.\n\n· Biglietto per Decaestrazione x4"
    },
    {
      "id": 428,
      "name": "Pacchetto Crescita Identità",
      "desc": "Puoi ottenere i seguenti oggetti da questo Pacchetto Commemorativo per 「Nuova Estrazione Mirata - Branco Heishou - Eccelsa del Ramo Mao Faust」.\n\n· Modulo Lancio - Legame ID x 1\n· Biglietto per Addestramento Identità IV x 60\n· Biglietto per Addestramento Identità III x 30"
    },
    {
      "id": 429,
      "name": "Pacchetto Estrazione Mirata",
      "desc": "Puoi ottenere i seguenti oggetti da questo Pacchetto Commemorativo per 「Nuova Estrazione Mirata - Family Hierarch Candidate Ishmael」.\n\n· Biglietto per Decaestrazione x4"
    },
    {
      "id": 430,
      "name": "Pacchetto Crescita Identità",
      "desc": "Puoi ottenere i seguenti oggetti da questo Pacchetto Commemorativo per 「Nuova Estrazione Mirata - Family Hierarch Candidate Ishmael」.\n\n· Modulo Lancio - Legame ID x 1\n· Biglietto per Addestramento Identità IV x 60\n· Biglietto per Addestramento Identità III x 30"
    },
    {
      "id": 431,
      "name": "Pacchetto Estrazione Mirata",
      "desc": "Puoi ottenere i seguenti oggetti da questo Pacchetto Commemorativo per 「Nuova Estrazione Mirata: Capo IIII Meursault & Soldato II Sinclair Del Pollice Est」.\n\n· Biglietto per Decaestrazione x4"
    },
    {
      "id": 432,
      "name": "Pacchetto Crescita Identità",
      "desc": "Puoi ottenere i seguenti oggetti da questo Pacchetto Commemorativo per 「Nuova Estrazione Mirata: Capo IIII Meursault & Soldato II Sinclair Del Pollice Est」.\n\n· Modulo Lancio - Legame ID x 1\n· Biglietto per Addestramento Identità IV x 60\n· Biglietto per Addestramento Identità III x 30"
    },
    {
      "id": 433,
      "name": "Pacchetto Estrazione Mirata",
      "desc": "Puoi ottenere i seguenti oggetti da questo Pacchetto Commemorativo per 「Nuova Estrazione Mirata: E.G.O di N Corp.::Proiettile Crudele Yi Sang」.\n\n· Modulo Lancio - Legame ID x 1\n· Biglietto per Addestramento Identità IV x 60\n· Biglietto per Addestramento Identità III x 30"
    },
    {
      "id": 434,
      "name": "Pacchetto Crescita Identità",
      "desc": "Puoi ottenere i seguenti oggetti da questo Pacchetto Commemorativo per 「Nuova Estrazione Mirata: E.G.O di N Corp.::Proiettile Crudele Yi Sang」.\n\n· Modulo Lancio - Legame ID x 1\n· Biglietto per Addestramento Identità IV x 60\n· Biglietto per Addestramento Identità III x 30"
    },
    {
      "id": 435,
      "name": "Pacchetto Estrazione Mirata",
      "desc": "Puoi ottenere i seguenti oggetti da questo Pacchetto Commemorativo per 「La 6a Notte di Valpurga」.\n\n· Biglietto per Decaestrazione x 4"
    },
    {
      "id": 436,
      "name": "Pacchetto Crescita Identità",
      "desc": "Puoi ottenere i seguenti oggetti da questo Pacchetto Commemorativo per 「La 6a Notte di Valpurga」.\n\n\n· Modulo Lancio - Legame ID x 1\n· Biglietto per Addestramento Identità IV x 60\n· Biglietto per Addestramento Identità III x 30"
    },
    {
      "id": 437,
      "name": "Pacchetto Miglioria E.G.O",
      "desc": "Puoi ottenere i seguenti oggetti da questo Pacchetto Commemorativo per 「La 6a Notte di Valpurga」.\n\n· Modulo Lancio - Intreccio E.G.O [WAW] x 1"
    },
    {
      "id": 438,
      "name": "Pacchetto Estrazione Mirata",
      "desc": "Puoi ottenere i seguenti oggetti da questo Pacchetto Commemorativo per 「Intervallo IV: Tempo Ammazzatempo BokGak」.\n\n· Biglietto per Decaestrazione x 4"
    },
    {
      "id": 439,
      "name": "Pacchetto Crescita Identità",
      "desc": "Puoi ottenere i seguenti oggetti da questo Pacchetto Commemorativo per 「Intervallo IV: Tempo Ammazzatempo BokGak」.\n\n\n· Modulo Lancio - Legame ID x 1\n· Biglietto per Addestramento Identità IV x 60\n· Biglietto per Addestramento Identità III x 30"
    },
    {
      "id": 440,
      "name": "Pacchetto Miglioria E.G.O",
      "desc": "Puoi ottenere i seguenti oggetti da questo Pacchetto Commemorativo per 「Intervallo IV: Tempo Ammazzatempo BokGak」.\n\n· Modulo Lancio - Intreccio E.G.O [WAW] x 1"
    }
  ]
}