{
  "dataList": [
    {
      "id": 603,
      "name": "Pacchetto Follia per l'Inizio della Stagione 6",
      "desc": "Un'offerta Stagionale che offre i seguenti articoli:\n\n· Follia Pagata x1300\n\n"
    },
    {
      "id": 604,
      "name": "Pacchetto Fornitura Stagione 6",
      "desc": "Disponibile per l'acquisto solo durante la Stagione 6. Il pacchetto contiene i seguenti articoli:\n\n· Follia Pagata x5040\n· Biglietto per Decaestrazione x3\n· Biglietto per Addestramento Identità IV x60\n· Biglietto per Addestramento Identità x30\n· Filo x80\n· [Stagione 6] Cassa di ScheggieEgo A Scelta x40"
    },
    {
      "id": 425,
      "name": "Pacchetto Estrazione Mirata",
      "desc": "Puoi ottenere i seguenti oggetti da questo Pacchetto Commemorativo per 「Nuova Estrazione Mirata - Branco Heishou - Ramo Si Rodion & Gregor」.\n\n· Biglietto per Decaestrazione x4"
    },
    {
      "id": 426,
      "name": "Pacchetto Crescita Identità",
      "desc": "Puoi ottenere i seguenti oggetti da questo Pacchetto Commemorativo per 「Nuova Estrazione Mirata - Branco Heishou - Ramo Si Rodion & Gregor」.\n\n· Modulo Lancio - Legame ID x 1\n· Biglietto per Addestramento Identità IV x 60\n· Biglietto per Addestramento Identità x 30"
    },
    {
      "id": 154,
      "name": "Pacchetto ESP Settimanale",
      "desc": "Un'offerta settimanale che offre i seguenti articoli:\n\n· Biglietto per Addestramento Identità IV x35\n· Biglietto per Addestramento Identità III x25"
    },
    {
      "id": 155,
      "name": "Pacchetto ESP Mensile I",
      "desc": "Un'offerta mensile che offre i seguenti articoli:\n\n· Biglietto per Addestramento Identità IV x80\n· Biglietto per Addestramento Identità III x70"
    },
    {
      "id": 156,
      "name": "Pacchetto ESP Mensile II",
      "desc": "Un'offerta mensile che offre i seguenti articoli:\n\n· Biglietto per Addestramento Identità IV x160\n· Biglietto per Addestramento Identità III x95"
    },
    {
      "id": 157,
      "name": "Pacchetto ESP Mensile III",
      "desc": "Un'offerta mensile che offre i seguenti articoli:\n\n· Biglietto per Addestramento Identità IV x325\n· Biglietto per Addestramento Identità III x165"
    },
    {
      "id": 107,
      "name": "Pacchetto Allenamento Mensile I",
      "desc": "Un'offerta mensile che offre i seguenti articoli\n\n· Follia x1690\n· Biglietto per Decaestrazione x2\n·Biglietto per Addestramento Identità IV x35\n· Biglietto per Addestramento Identità III x25"
    },
    {
      "id": 427,
      "name": "Pacchetto Estrazione Mirata",
      "desc": "Puoi ottenere i seguenti oggetti da questo Pacchetto Commemorativo per 「Nuova Estrazione Mirata - Branco Heishou - Capo Ramo Mao Faust」.\n\n· Biglietto per Decaestrazione x4"
    },
    {
      "id": 428,
      "name": "Pacchetto Crescita Identità",
      "desc": "Puoi ottenere i seguenti oggetti da questo Pacchetto Commemorativo per 「Nuova Estrazione Mirata - Branco Heishou - Capo Ramo Mao Faust」.\n\n· Modulo Lancio - Legame ID x 1\n· Biglietto per Addestramento Identità IV x 60\n· Biglietto per Addestramento Identità x 30"
    }
  ]
}
