{
  "dataList": [
    {
      "id": "introduce_word_1",
      "content": "Vroom-Vroom"
    },
    {
      "id": "introduce_word_2",
      "content": "Rumble-Tumble"
    },
    {
      "id": "introduce_word_3",
      "content": "Clockface"
    },
    {
      "id": "introduce_word_4",
      "content": "Bug Guy"
    },
    {
      "id": "introduce_word_5",
      "content": "TRANCHES"
    },
    {
      "id": "introduce_word_6",
      "content": "Laundry"
    },
    {
      "id": "introduce_word_7",
      "content": "Bus Jannie"
    },
    {
      "id": "introduce_word_8",
      "content": "Enactor of Justice"
    },
    {
      "id": "introduce_word_9",
      "content": "Pit-a-pat"
    },
    {
      "id": "introduce_word_10",
      "content": "Brawling"
    },
    {
      "id": "introduce_word_11",
      "content": "Questions"
    },
    {
      "id": "introduce_word_12",
      "content": "Dance Time"
    },
    {
      "id": "introduce_word_13",
      "content": "Prayer"
    },
    {
      "id": "introduce_word_14",
      "content": "Enkephalin"
    },
    {
      "id": "introduce_word_15",
      "content": "Limbus Company"
    },
    {
      "id": "introduce_word_16",
      "content": "Golden Bough"
    },
    {
      "id": "introduce_word_17",
      "content": "Honk-Honk"
    },
    {
      "id": "introduce_word_18",
      "content": "Right Turn"
    },
    {
      "id": "introduce_word_19",
      "content": "Tick-Tock"
    },
    {
      "id": "introduce_word_20",
      "content": "In Fashion"
    },
    {
      "id": "introduce_word_21",
      "content": "Yi Sang"
    },
    {
      "id": "introduce_word_22",
      "content": "Red"
    },
    {
      "id": "introduce_word_23",
      "content": "Gregor"
    },
    {
      "id": "introduce_word_24",
      "content": "Rodion"
    },
    {
      "id": "introduce_word_25",
      "content": "Ishmael"
    },
    {
      "id": "introduce_word_26",
      "content": "Faust"
    },
    {
      "id": "introduce_word_27",
      "content": "Don Quixote"
    },
    {
      "id": "introduce_word_28",
      "content": "Outis"
    },
    {
      "id": "introduce_word_29",
      "content": "Hong Lu"
    },
    {
      "id": "introduce_word_30",
      "content": "Meursault"
    },
    {
      "id": "introduce_word_31",
      "content": "Heathcliff"
    },
    {
      "id": "introduce_word_32",
      "content": "Dante"
    },
    {
      "id": "introduce_word_33",
      "content": "Sinclair"
    },
    {
      "id": "introduce_word_34",
      "content": "Ryōshū"
    },
    {
      "id": "introduce_word_35",
      "content": "Christmas"
    },
    {
      "id": "introduce_word_36",
      "content": "Chicken Kebab"
    },
    {
      "id": "introduce_word_37",
      "content": "Mustache"
    },
    {
      "id": "introduce_word_38",
      "content": "Nagel und Hammer"
    },
    {
      "id": "introduce_word_39",
      "content": "Waste"
    },
    {
      "id": "introduce_word_40",
      "content": "Sinner"
    },
    {
      "id": "introduce_sentence_1",
      "content": "Permission to {0}?"
    },
    {
      "id": "introduce_sentence_2",
      "content": "Greetings, I’m {0}."
    },
    {
      "id": "introduce_sentence_3",
      "content": "{0} will go to District 4."
    },
    {
      "id": "introduce_sentence_4",
      "content": "I wanna be just like {0}."
    },
    {
      "id": "introduce_sentence_5",
      "content": "{0}, wake me up when we’re there."
    },
    {
      "id": "introduce_sentence_6",
      "content": "{0} should suffice, don’t you think?"
    },
    {
      "id": "introduce_sentence_7",
      "content": "{0} is an idle affair."
    },
    {
      "id": "introduce_sentence_8",
      "content": "I suggest that you ignore such {0}, Executive Manager."
    },
    {
      "id": "introduce_sentence_9",
      "content": "We’re {0}, not “heroes” fighting for justice."
    },
    {
      "id": "introduce_sentence_10",
      "content": "Life is full of {0}."
    },
    {
      "id": "introduce_sentence_11",
      "content": "Handling {0} as usual."
    },
    {
      "id": "introduce_sentence_12",
      "content": "Come hither, fellows, and behold this {0}!"
    },
    {
      "id": "introduce_sentence_13",
      "content": "I decided to forget and focus on {0}!"
    },
    {
      "id": "introduce_sentence_14",
      "content": "Go ahead and {0}, if you dare."
    },
    {
      "id": "introduce_sentence_15",
      "content": "Hath you seen such {0}?"
    },
    {
      "id": "introduce_sentence_16",
      "content": "Whenever I’m feeling down, I indulge in a bit of {0}."
    },
    {
      "id": "introduce_sentence_17",
      "content": "{0} isn’t always correct."
    },
    {
      "id": "introduce_sentence_18",
      "content": "All we can count on now is {0}."
    },
    {
      "id": "introduce_sentence_19",
      "content": "Cock-a-hoop {0}’s cock-a-hoop parking."
    },
    {
      "id": "introduce_sentence_20",
      "content": "I am come to liberate the weak and {0}!"
    },
    {
      "id": "introduce_sentence_21",
      "content": "{0} won’t cut it…"
    },
    {
      "id": "introduce_sentence_22",
      "content": "You won’t sway me with that look, {0}."
    },
    {
      "id": "introduce_sentence_23",
      "content": "This has got to be the most pointless {0} in the world!"
    },
    {
      "id": "introduce_sentence_24",
      "content": "Really… {0} can be rubbish like this, huh…"
    },
    {
      "id": "introduce_sentence_25",
      "content": "From under what stone did {0} come out?"
    },
    {
      "id": "introduce_sentence_26",
      "content": "Oh, it is time for {0}."
    },
    {
      "id": "introduce_sentence_27",
      "content": "I set my heart on becoming a magnificent {0} such as you!"
    },
    {
      "id": "introduce_sentence_28",
      "content": "You’re late. Counted to {0} and you still didn’t come."
    },
    {
      "id": "introduce_sentence_29",
      "content": "I will remember {0}."
    },
    {
      "id": "introduce_sentence_30",
      "content": "Sorry about that. I’ll buy you {0} later."
    },
    {
      "id": "introduce_sentence_31",
      "content": "I cannot turn a blind eye to {0}, can I?"
    },
    {
      "id": "introduce_sentence_32",
      "content": "I’m sure you remember {0}."
    },
    {
      "id": "introduce_sentence_33",
      "content": "Why are you gawking at me? Looking to get {0}?"
    },
    {
      "id": "introduce_sentence_34",
      "content": "Ugh… What a mess {0} is, huh."
    },
    {
      "id": "introduce_sentence_35",
      "content": "Come see me, {0}!"
    },
    {
      "id": "introduce_sentence_36",
      "content": "Well, you are my {0}."
    },
    {
      "id": "introduce_sentence_37",
      "content": "Mephi loves {0}."
    },
    {
      "id": "introduce_sentence_38",
      "content": "Oi! Got more of this {0}? It’s peak."
    },
    {
      "id": "introduce_sentence_39",
      "content": "Call me {0}, if you please."
    },
    {
      "id": "introduce_sentence_40",
      "content": "Please do your best, {0}."
    },
    {
      "id": "introduce_word_41",
      "content": "Churning"
    },
    {
      "id": "introduce_word_42",
      "content": "Succor"
    },
    {
      "id": "introduce_sentence_41",
      "content": "Looking for the soup to warm up your {0}?"
    },
    {
      "id": "introduce_sentence_42",
      "content": "Salutations!!!!!! I implore thee to try this {0}!!!!"
    },
    {
      "id": "introduce_word_43",
      "content": "Chicken"
    },
    {
      "id": "introduce_word_44",
      "content": "Ingredient Trimming"
    },
    {
      "id": "introduce_sentence_43",
      "content": "{0}, rev up those fryers."
    },
    {
      "id": "introduce_word_45",
      "content": "Judgement"
    },
    {
      "id": "introduce_sentence_45",
      "content": "Nay, {0}’s words cannot be trusted!"
    },
    {
      "id": "introduce_word_46",
      "content": "Purification"
    },
    {
      "id": "introduce_sentence_46",
      "content": "{0} should be okay, I hope…?"
    },
    {
      "id": "introduce_word_47",
      "content": "Open Alley"
    },
    {
      "id": "introduce_sentence_47",
      "content": "As a matter of fact, it is {0}."
    },
    {
      "id": "introduce_word_48",
      "content": "World"
    },
    {
      "id": "introduce_sentence_48",
      "content": "To bound over to the next {0}…"
    },
    {
      "id": "introduce_word_49",
      "content": "Workshop"
    },
    {
      "id": "introduce_sentence_49",
      "content": "…Yes, this is {0} on the phone. Please speak."
    },
    {
      "id": "introduce_word_50",
      "content": "All In"
    },
    {
      "id": "introduce_sentence_50",
      "content": "Alright... I'm {0}~ Come at me if you can!"
    },
    {
      "id": "introduce_word_51",
      "content": "This Way"
    },
    {
      "id": "introduce_sentence_51",
      "content": "Come on… {0}!"
    },
    {
      "id": "introduce_word_52",
      "content": "Bullring"
    },
    {
      "id": "introduce_sentence_52",
      "content": "The best {0} you could ask for a stampede."
    },
    {
      "id": "introduce_word_53",
      "content": "Colleagues"
    },
    {
      "id": "introduce_sentence_53",
      "content": "I have no {0} left now."
    },
    {
      "id": "introduce_word_54",
      "content": "Creamer"
    },
    {
      "id": "introduce_sentence_54",
      "content": "No {0}, huh? You really care..."
    },
    {
      "id": "introduce_word_55",
      "content": "Discharge"
    },
    {
      "id": "introduce_sentence_55",
      "content": "Time to {0}."
    },
    {
      "id": "introduce_word_56",
      "content": "Attention"
    },
    {
      "id": "introduce_sentence_56",
      "content": "I don't need... any pointless {0}!"
    },
    {
      "id": "introduce_word_57",
      "content": "Eyes"
    },
    {
      "id": "introduce_sentence_57",
      "content": "Your {0} will be in the dark."
    },
    {
      "id": "introduce_word_58",
      "content": "Umbrella"
    },
    {
      "id": "introduce_sentence_58",
      "content": "I worry that it may leak through the {0}."
    },
    {
      "id": "introduce_word_59",
      "content": "Scent"
    },
    {
      "id": "introduce_sentence_59",
      "content": "That {0} seems quite attractive to me."
    },
    {
      "id": "introduce_word_60",
      "content": "Fairy Wine"
    },
    {
      "id": "introduce_sentence_60",
      "content": "Mmm... A glass of {0}..."
    },
    {
      "id": "introduce_word_61",
      "content": "Deployment"
    },
    {
      "id": "introduce_sentence_61",
      "content": "Ahh~ You're finally ordering my {0}~"
    },
    {
      "id": "introduce_word_62",
      "content": "Talisman"
    },
    {
      "id": "introduce_sentence_62",
      "content": "Must attach the {0}..."
    },
    {
      "id": "introduce_word_63",
      "content": "Spider"
    },
    {
      "id": "introduce_sentence_63",
      "content": "The {0}s will like this..."
    },
    {
      "id": "introduce_word_64",
      "content": "Many Eyes"
    },
    {
      "id": "introduce_sentence_64",
      "content": "The {0} opened."
    },
    {
      "id": "introduce_word_65",
      "content": "Beef Noodles"
    },
    {
      "id": "introduce_sentence_65",
      "content": "Wanna have some {0} on the way back?"
    },
    {
      "id": "introduce_word_66",
      "content": "Rhino Team"
    },
    {
      "id": "introduce_sentence_66",
      "content": "{0}, charging ahead."
    },
    {
      "id": "introduce_word_67",
      "content": "Stealth Mission"
    },
    {
      "id": "introduce_sentence_67",
      "content": "Shh, I'm in the middle of a {0}."
    },
    {
      "id": "introduce_word_68",
      "content": "Childish"
    },
    {
      "id": "introduce_sentence_68",
      "content": "What say you, is it still a {0}?"
    },
    {
      "id": "introduce_word_69",
      "content": "Strugglin'"
    },
    {
      "id": "introduce_sentence_69",
      "content": "Sit still... Quit {0}!"
    },
    {
      "id": "introduce_word_70",
      "content": "Welding"
    },
    {
      "id": "introduce_sentence_70",
      "content": "Right... Now let's get to {0}..."
    },
    {
      "id": "introduce_word_71",
      "content": "Transformation"
    },
    {
      "id": "introduce_sentence_71",
      "content": "Tadaa~ {0} complete!\n"
    },
    {
      "id": "introduce_word_72",
      "content": "Relax"
    },
    {
      "id": "introduce_sentence_72",
      "content": "Go on, open wide. {0} and cram this drink down your throats, heheh."
    },
    {
      "id": "introduce_word_73",
      "content": "Some Old Guy"
    },
    {
      "id": "introduce_sentence_73",
      "content": "{0}? Come on…"
    },
    {
      "id": "introduce_word_74",
      "content": "Observation"
    },
    {
      "id": "introduce_sentence_74",
      "content": "I am not some {0} target…"
    },
    {
      "id": "introduce_word_75",
      "content": "Training"
    },
    {
      "id": "introduce_sentence_75",
      "content": "Absurd. Can't believe I'm relegated to {0}."
    },
    {
      "id": "introduce_word_76",
      "content": "Those WARP Trains"
    },
    {
      "id": "introduce_sentence_76",
      "content": "{0} tend to be rather cramped, don't you think?"
    },
    {
      "id": "introduce_word_77",
      "content": "Black Tea"
    },
    {
      "id": "introduce_sentence_77",
      "content": "{0} will take your orders."
    },
    {
      "id": "introduce_word_78",
      "content": "Case"
    },
    {
      "id": "introduce_sentence_78",
      "content": "Let's go solve this {0}, yeah?"
    },
    {
      "id": "introduce_word_79",
      "content": "Ourselves"
    },
    {
      "id": "introduce_sentence_79",
      "content": "Alas, it appears that we must involve {0} in this matter."
    },
    {
      "id": "introduce_word_80",
      "content": "Water"
    },
    {
      "id": "introduce_sentence_80",
      "content": "{0}... I need some {0}..."
    },
    {
      "id": "introduce_word_81",
      "content": "Pain"
    },
    {
      "id": "introduce_sentence_81",
      "content": "No knowledge is earned without {0}... or whatever, blah blah..."
    },
    {
      "id": "introduce_word_82",
      "content": "Woods"
    },
    {
      "id": "introduce_sentence_82",
      "content": "Should've watched your steps in the {0}...!"
    },
    {
      "id": "introduce_word_83",
      "content": "Samsara"
    },
    {
      "id": "introduce_sentence_83",
      "content": "The wheel of {0} turns once."
    },
    {
      "id": "introduce_word_84",
      "content": "Control Team"
    },
    {
      "id": "introduce_sentence_84",
      "content": "Currently... Moving to {0} Department."
    },
    {
      "id": "introduce_word_85",
      "content": "Hook Office"
    },
    {
      "id": "introduce_sentence_85",
      "content": "Hm... I have a feeling that {0} won't last long."
    },
    {
      "id": "introduce_word_86",
      "content": "Violence"
    },
    {
      "id": "introduce_sentence_86",
      "content": "This straight-jacket... isn't nearly enough to hold my {0} back."
    },
    {
      "id": "introduce_word_87",
      "content": "Labor"
    },
    {
      "id": "introduce_sentence_87",
      "content": "... The existence of this {0} is no different from that of mine."
    },
    {
      "id": "introduce_word_88",
      "content": "Guest"
    },
    {
      "id": "introduce_sentence_88",
      "content": "Now, lookee here~ My future {0}~"
    },
    {
      "id": "introduce_word_89",
      "content": "Work"
    },
    {
      "id": "introduce_sentence_89",
      "content": "I {0} for fun."
    },
    {
      "id": "introduce_word_90",
      "content": "ICEEE-CRRREAM"
    },
    {
      "id": "introduce_sentence_90",
      "content": "I! WANT! TO! EAT! {0}!"
    },
    {
      "id": "introduce_word_91",
      "content": "Vengeance"
    },
    {
      "id": "introduce_sentence_91",
      "content": "Only by your death shall this {0} be fulfilled."
    },
    {
      "id": "introduce_word_92",
      "content": "The Truth"
    },
    {
      "id": "introduce_sentence_92",
      "content": "{0} is(are) right before me..."
    },
    {
      "id": "introduce_word_93",
      "content": "Filth"
    },
    {
      "id": "introduce_sentence_93",
      "content": "{0} nest(s) inside me... so that they may be reborn as something useful."
    },
    {
      "id": "introduce_word_94",
      "content": "Ruin"
    },
    {
      "id": "introduce_sentence_94",
      "content": "Your {0} is written... right here!"
    },
    {
      "id": "introduce_word_95",
      "content": "Pearl"
    },
    {
      "id": "introduce_sentence_95",
      "content": "Not even worth turning(it) into a {0}!"
    },
    {
      "id": "introduce_word_96",
      "content": "The Lights"
    },
    {
      "id": "introduce_sentence_96",
      "content": "All hands, full speed toward where {0} flicker(s)."
    },
    {
      "id": "introduce_word_97",
      "content": "Waves"
    },
    {
      "id": "introduce_sentence_97",
      "content": "I am the only one who moves in these {0}."
    },
    {
      "id": "introduce_word_98",
      "content": "Rope"
    },
    {
      "id": "introduce_sentence_98",
      "content": "{0}. Knot tight."
    },
    {
      "id": "introduce_word_99",
      "content": "Voyage"
    },
    {
      "id": "introduce_sentence_99",
      "content": "\"… Once this {0} is over.\""
    },
    {
      "id": "introduce_word_100",
      "content": "Executed"
    },
    {
      "id": "introduce_sentence_100",
      "content": "All shall be {0}, as it is written."
    },
    {
      "id": "introduce_word_101",
      "content": "Blade"
    },
    {
      "id": "introduce_sentence_101",
      "content": "Focus... on the tip of my {0}..."
    },
    {
      "id": "introduce_word_102",
      "content": "Opponent"
    },
    {
      "id": "introduce_sentence_102",
      "content": "Step forth, my {0}!"
    },
    {
      "id": "introduce_word_103",
      "content": "Gift"
    },
    {
      "id": "introduce_sentence_103",
      "content": "Hah, you'll make a fine {0}!"
    },
    {
      "id": "introduce_word_104",
      "content": "Wrath"
    },
    {
      "id": "introduce_sentence_104",
      "content": "I'll stuff your futile {0} in this gift sack... and hurl it right back at your face."
    },
    {
      "id": "introduce_word_105",
      "content": "Contract"
    },
    {
      "id": "introduce_sentence_105",
      "content": "Fine. I accept your {0}."
    },
    {
      "id": "introduce_word_106",
      "content": "Journaling"
    },
    {
      "id": "introduce_sentence_106",
      "content": "Thus doth my daily {0} come to an end!"
    },
    {
      "id": "introduce_word_107",
      "content": "Key"
    },
    {
      "id": "introduce_sentence_107",
      "content": "Looking for a {0}?"
    },
    {
      "id": "introduce_word_108",
      "content": "Books"
    },
    {
      "id": "introduce_sentence_108",
      "content": "As I have read in my {0}."
    },
    {
      "id": "introduce_word_109",
      "content": "Whale"
    },
    {
      "id": "introduce_sentence_109",
      "content": "Once again, the fault lies with {0}! All of it!"
    },
    {
      "id": "introduce_word_110",
      "content": "Rock"
    },
    {
      "id": "introduce_sentence_110",
      "content": "I wish for this {0} to smite thee true and willing!"
    },
    {
      "id": "introduce_word_111",
      "content": "Unsolicited Advice"
    },
    {
      "id": "introduce_sentence_111",
      "content": "I will not accept any {0}."
    },
    {
      "id": "introduce_word_112",
      "content": "Flowers"
    },
    {
      "id": "introduce_sentence_112",
      "content": "Let the {0} bloom."
    },
    {
      "id": "introduce_word_113",
      "content": "Stroll"
    },
    {
      "id": "introduce_sentence_113",
      "content": "Wouldst thou mind if I should go on a little {0} to investigate?"
    },
    {
      "id": "introduce_word_114",
      "content": "Liquor"
    },
    {
      "id": "introduce_sentence_114",
      "content": "C'mon, pour me some {0} already..."
    },
    {
      "id": "introduce_word_115",
      "content": "Resist"
    },
    {
      "id": "introduce_sentence_115",
      "content": "Stop {0}-ing and just accept it."
    },
    {
      "id": "introduce_word_116",
      "content": "Fire"
    },
    {
      "id": "introduce_sentence_116",
      "content": "Hm. What, need some {0}?"
    },
    {
      "id": "introduce_word_117",
      "content": "Brambles"
    },
    {
      "id": "introduce_sentence_117",
      "content": "Don't try to untangle these {0}."
    },
    {
      "id": "introduce_word_118",
      "content": "Obstacle"
    },
    {
      "id": "introduce_sentence_118",
      "content": "Now that's one less {0} in our way."
    },
    {
      "id": "introduce_word_119",
      "content": "Luncheon"
    },
    {
      "id": "introduce_sentence_119",
      "content": "I shall return before the next {0}."
    },
    {
      "id": "introduce_word_120",
      "content": "Time"
    },
    {
      "id": "introduce_sentence_120",
      "content": "I will take what surplus {0} they have."
    },
    {
      "id": "introduce_word_121",
      "content": "Nightmare"
    },
    {
      "id": "introduce_sentence_121",
      "content": "Another damned {0}…"
    },
    {
      "id": "introduce_word_122",
      "content": "Hunt"
    },
    {
      "id": "introduce_sentence_122",
      "content": "Preparing for the {0} as per our Master's orders."
    },
    {
      "id": "introduce_word_123",
      "content": "Interloper"
    },
    {
      "id": "introduce_sentence_123",
      "content": "Leave at once, {0}! Leave this place...!"
    },
    {
      "id": "introduce_word_124",
      "content": "Manor"
    },
    {
      "id": "introduce_sentence_124",
      "content": "Allow me... to introduce you to this {0}..."
    },
    {
      "id": "introduce_word_125",
      "content": "Spark"
    },
    {
      "id": "introduce_sentence_125",
      "content": "What color do thine eyes behold in this {0}?!"
    },
    {
      "id": "introduce_word_126",
      "content": "Electricity"
    },
    {
      "id": "introduce_sentence_126",
      "content": "This {0} is all I have left... I can't...!"
    },
    {
      "id": "introduce_word_127",
      "content": "Authority"
    },
    {
      "id": "introduce_sentence_127",
      "content": "You dare... challenge my {0}?!"
    },
    {
      "id": "introduce_word_128",
      "content": "Throne"
    },
    {
      "id": "introduce_sentence_128",
      "content": "I am bound to reign alone atop this solitary {0}..."
    },
    {
      "id": "introduce_word_129",
      "content": "Foolish Master"
    },
    {
      "id": "introduce_sentence_129",
      "content": "Ready, as per that {0}'s orders."
    },
    {
      "id": "introduce_word_130",
      "content": "Butler"
    },
    {
      "id": "introduce_sentence_130",
      "content": "But of course. I am a competent {0}."
    },
    {
      "id": "introduce_word_131",
      "content": "Sorrow"
    },
    {
      "id": "introduce_sentence_131",
      "content": "Then... I choose to rise with this {0} instead."
    },
    {
      "id": "introduce_word_132",
      "content": "Ankle"
    },
    {
      "id": "introduce_sentence_132",
      "content": "So once I chop off your {0}...!"
    },
    {
      "id": "introduce_word_133",
      "content": "Meat"
    },
    {
      "id": "introduce_sentence_133",
      "content": "Scarred {0} isn't... tasty."
    },
    {
      "id": "introduce_word_134",
      "content": "Task"
    },
    {
      "id": "introduce_sentence_134",
      "content": "None of us are going to sleep until we deal with this {0}."
    },
    {
      "id": "introduce_word_135",
      "content": "Inspiration"
    },
    {
      "id": "introduce_sentence_135",
      "content": "Will you rekindle the {0} within me anew?"
    },
    {
      "id": "introduce_word_136",
      "content": "Tear"
    },
    {
      "id": "introduce_sentence_136",
      "content": "If only I could gather all the sorrow, all the {0} together, and cry in their stead..."
    },
    {
      "id": "introduce_word_137",
      "content": "Heart"
    },
    {
      "id": "introduce_sentence_137",
      "content": "A {0} shaken by sorrow bursts... like this."
    },
    {
      "id": "introduce_word_138",
      "content": "Answer"
    },
    {
      "id": "introduce_sentence_138",
      "content": "The {0} always reveals itself through this lens~"
    },
    {
      "id": "introduce_word_139",
      "content": "Screw"
    },
    {
      "id": "introduce_sentence_139",
      "content": "Looks like you've got a {0} loose yourself."
    },
    {
      "id": "introduce_word_140",
      "content": "Cease"
    },
    {
      "id": "introduce_sentence_140",
      "content": "Thus. You {0} to move. Trapped in the stopped time. For eternity."
    },
    {
      "id": "introduce_word_141",
      "content": "Watch"
    },
    {
      "id": "introduce_sentence_141",
      "content": "T Corp. Employment means that thou shalt be bestowed with this {0}!"
    },
    {
      "id": "introduce_word_142",
      "content": "Color"
    },
    {
      "id": "introduce_sentence_142",
      "content": "I wish I'd never seen {0} growing up..."
    },
    {
      "id": "introduce_word_143",
      "content": "Fist"
    },
    {
      "id": "introduce_sentence_143",
      "content": "Let my {0} be the conduit through which I attain knowledge."
    },
    {
      "id": "introduce_word_144",
      "content": "Squalidity"
    },
    {
      "id": "introduce_sentence_144",
      "content": "Scatter. Every gaze shall be drawn to this {0}."
    },
    {
      "id": "introduce_word_145",
      "content": "Cleanup"
    },
    {
      "id": "introduce_sentence_145",
      "content": "The {0} ended way ahead of schedule."
    },
    {
      "id": "introduce_word_146",
      "content": "Memory"
    },
    {
      "id": "introduce_sentence_146",
      "content": "Until echoes of gunshots and plumes of smoke bury my every {0}...!"
    },
    {
      "id": "introduce_word_147",
      "content": "Plan"
    },
    {
      "id": "introduce_sentence_147",
      "content": "While there are numerous deficiencies to this {0}, it will be honed into perfection."
    },
    {
      "id": "introduce_word_148",
      "content": "Prosthetic Body"
    },
    {
      "id": "introduce_sentence_148",
      "content": "Somethin' about how having a {0} helps dull the fear in combat, I think."
    },
    {
      "id": "introduce_word_149",
      "content": "Wandering"
    },
    {
      "id": "introduce_sentence_149",
      "content": "Do not avert your eyes, lest you be ensnared in an eternal {0}."
    },
    {
      "id": "introduce_word_150",
      "content": "Dullahan"
    },
    {
      "id": "introduce_sentence_150",
      "content": "Ride to your demise, O {0}!"
    },
    {
      "id": "introduce_word_151",
      "content": "Instinct"
    },
    {
      "id": "introduce_sentence_151",
      "content": "Hmph. It's nothing more than the curse of {0}."
    },
    {
      "id": "introduce_word_152",
      "content": "Condolences"
    },
    {
      "id": "introduce_sentence_152",
      "content": "There is no need for showy, purple prose in expressing {0}."
    },
    {
      "id": "introduce_word_153",
      "content": "Faith"
    },
    {
      "id": "introduce_sentence_153",
      "content": "That {0} is just a hollow wish, isn't it...?"
    },
    {
      "id": "introduce_word_154",
      "content": "Trunk"
    },
    {
      "id": "introduce_sentence_154",
      "content": "Ah... I'll be... just another {0} recovery mission, huh..."
    },
    {
      "id": "introduce_word_155",
      "content": "Cleaning"
    },
    {
      "id": "introduce_sentence_155",
      "content": "There's no end to this {0}..."
    },
    {
      "id": "introduce_word_156",
      "content": "Zwei"
    },
    {
      "id": "introduce_sentence_156",
      "content": "I guess this mistake will cost {0} its honor..."
    },
    {
      "id": "introduce_word_157",
      "content": "Viewers"
    },
    {
      "id": "introduce_sentence_157",
      "content": "Is there anyone among my {0}(s) who knows the answer...?"
    },
    {
      "id": "introduce_word_158",
      "content": "Safety"
    },
    {
      "id": "introduce_sentence_158",
      "content": "I don't think there's anything wrong with wishing {0} for everyone."
    },
    {
      "id": "introduce_word_159",
      "content": "Mask"
    },
    {
      "id": "introduce_sentence_159",
      "content": "Feasting my eyes on my {0}(s) in the night streets does wonders for the fatigue."
    },
    {
      "id": "introduce_word_160",
      "content": "Skill"
    },
    {
      "id": "introduce_sentence_160",
      "content": "Don't bother coming along if you don't have the {0}(s)."
    },
    {
      "id": "introduce_word_161",
      "content": "Apple"
    },
    {
      "id": "introduce_sentence_161",
      "content": "Where did you hide (the) {0}?!"
    },
    {
      "id": "introduce_word_162",
      "content": "Place"
    },
    {
      "id": "introduce_sentence_162",
      "content": "This is what happens when you don't know your {0}... and run away."
    },
    {
      "id": "introduce_word_163",
      "content": "Thirst"
    },
    {
      "id": "introduce_sentence_163",
      "content": "You do not know of our {0}!"
    },
    {
      "id": "introduce_word_164",
      "content": "Blood"
    },
    {
      "id": "introduce_sentence_164",
      "content": "Blossom from (the) {0}."
    },
    {
      "id": "introduce_word_165",
      "content": "Teddy"
    },
    {
      "id": "introduce_sentence_165",
      "content": "Now, little {0}~ Dance after me! Ta-da!"
    },
    {
      "id": "introduce_word_166",
      "content": "Curse"
    },
    {
      "id": "introduce_sentence_166",
      "content": "Feel what it's like to have someone {0} you."
    },
    {
      "id": "introduce_word_167",
      "content": "Hemobar"
    },
    {
      "id": "introduce_sentence_167",
      "content": "There once was a time when I believed in the greatness of {0}(s)."
    },
    {
      "id": "introduce_word_168",
      "content": "Parade"
    },
    {
      "id": "introduce_sentence_168",
      "content": "Will you join us in this... eternal {0}?"
    },
    {
      "id": "introduce_word_169",
      "content": "Fell Bullet"
    },
    {
      "id": "introduce_sentence_169",
      "content": "Let this accursed {0} pierce through them...!"
    },
    {
      "id": "introduce_word_170",
      "content": "Errand"
    },
    {
      "id": "introduce_sentence_170",
      "content": "... I'm not doing a(an) {0} like this for you again."
    },
    {
      "id": "introduce_word_171",
      "content": "Balance"
    },
    {
      "id": "introduce_sentence_171",
      "content": "I ain't off {0}."
    },
    {
      "id": "introduce_word_172",
      "content": "Dream"
    },
    {
      "id": "introduce_sentence_172",
      "content": "Was it sweet, your hollow, juvenile {0}?"
    },
    {
      "id": "introduce_word_173",
      "content": "Curiosity"
    },
    {
      "id": "introduce_sentence_173",
      "content": "{0} is a dangerous thing, you know..."
    },
    {
      "id": "introduce_word_174",
      "content": "Monster"
    },
    {
      "id": "introduce_sentence_174",
      "content": "In the shadow beneath your bed lies... (a) {0}!!"
    },
    {
      "id": "introduce_word_175",
      "content": "Full-Stop"
    },
    {
      "id": "introduce_sentence_175",
      "content": "A {0}... to your life."
    },
    {
      "id": "introduce_word_176",
      "content": "Snipe"
    },
    {
      "id": "introduce_sentence_176",
      "content": "Right, then. Ready to {0}."
    },
    {
      "id": "introduce_word_177",
      "content": "Magic Bullet"
    },
    {
      "id": "introduce_sentence_177",
      "content": "It really is as you say; this is a {0} that will never miss."
    },
    {
      "id": "introduce_word_178",
      "content": "Trap"
    },
    {
      "id": "introduce_sentence_178",
      "content": "Ah, worry not, for there is no {0} waiting for you this time."
    },
    {
      "id": "introduce_word_179",
      "content": "Flicker of Flame"
    },
    {
      "id": "introduce_sentence_179",
      "content": "Like moths drawn to (a) {0}."
    },
    {
      "id": "introduce_word_180",
      "content": "Resentment"
    },
    {
      "id": "introduce_sentence_180",
      "content": "{0}, penance... all of it, to no avail."
    },
    {
      "id": "introduce_word_181",
      "content": "Family"
    },
    {
      "id": "introduce_sentence_181",
      "content": "Oh, you don't mess with our {0} and just walk away."
    },
    {
      "id": "introduce_word_182",
      "content": "Showdown"
    },
    {
      "id": "introduce_sentence_182",
      "content": "I accept your {0} challenge."
    },
    {
      "id": "introduce_word_183",
      "content": "Embers"
    },
    {
      "id": "introduce_sentence_183",
      "content": "Ah, be wary of (the) {0}."
    },
    {
      "id": "introduce_word_184",
      "content": "Breathe"
    },
    {
      "id": "introduce_sentence_184",
      "content": "Do you recall the moment when you could {0} free for the first time?"
    },
    {
      "id": "introduce_word_185",
      "content": "Hidden Dragon"
    },
    {
      "id": "introduce_sentence_185",
      "content": "Thou should have expected to find... a(an) {0} amongst the patrons, hm?"
    },
    {
      "id": "introduce_word_186",
      "content": "Firefist Office"
    },
    {
      "id": "introduce_sentence_186",
      "content": "They're... all from our {0}."
    },
    {
      "id": "introduce_word_187",
      "content": "Hares"
    },
    {
      "id": "introduce_sentence_187",
      "content": "Didn't you know? {0} are(is) nocturnal."
    },
    {
      "id": "introduce_word_188",
      "content": "My Lord"
    },
    {
      "id": "introduce_sentence_188",
      "content": "Focus on your business of the day, {0}."
    },
    {
      "id": "introduce_word_189",
      "content": "Book"
    },
    {
      "id": "introduce_sentence_189",
      "content": "Killing me won't clear your name off (the) {0}."
    },
    {
      "id": "introduce_word_190",
      "content": "Bones"
    },
    {
      "id": "introduce_sentence_190",
      "content": "Hang them, burn them. Reduce their {0} to cinders."
    },
    {
      "id": "introduce_word_191",
      "content": "Reindeer"
    },
    {
      "id": "introduce_sentence_191",
      "content": "Haah... They're sending in (the) {0} herd first?"
    },
    {
      "id": "introduce_word_192",
      "content": "Tool"
    },
    {
      "id": "introduce_sentence_192",
      "content": "It'd be weird to take revenge on a {0}, right?"
    },
    {
      "id": "introduce_word_193",
      "content": "Beast"
    },
    {
      "id": "introduce_sentence_193",
      "content": "That makes it eighty missions... Just a few more, and I won't have to be this {0} anymore."
    },
    {
      "id": "introduce_word_194",
      "content": "Learning"
    },
    {
      "id": "introduce_sentence_194",
      "content": "Yet, one must face their disinclinations for the pursuit of {0}."
    },
    {
      "id": "introduce_word_195",
      "content": "Wish"
    },
    {
      "id": "introduce_sentence_195",
      "content": "Heheh! Thou art quite full of {0}(es)... Which of them dost thou desire to see come true?!"
    },
    {
      "id": "introduce_word_196",
      "content": "Doubt"
    },
    {
      "id": "introduce_sentence_196",
      "content": "No {0}. Engrave faith. Pray in darkness... Pray with obsession."
    },
    {
      "id": "introduce_word_197",
      "content": "Retribution"
    },
    {
      "id": "introduce_sentence_197",
      "content": "Shut your eyes, now. Accept the {0} of the heavens."
    },
    {
      "id": "introduce_word_198",
      "content": "Sky(ies)"
    },
    {
      "id": "introduce_sentence_198",
      "content": "This tarnished, filthy body has no {0} to rise to…"
    },
    {
      "id": "introduce_word_199",
      "content": "Spring"
    },
    {
      "id": "introduce_sentence_199",
      "content": "What a... short-lived {0} this is..."
    },
    {
      "id": "introduce_word_200",
      "content": "Head"
    },
    {
      "id": "introduce_sentence_200",
      "content": "Standing around as you did is what cost you your {0}."
    },
    {
      "id": "introduce_word_201",
      "content": "The Thumb"
    },
    {
      "id": "introduce_sentence_201",
      "content": "These are the moments when I feel so lucky to be a part of {0} in the east."
    },
    {
      "id": "introduce_word_202",
      "content": "Frisson"
    },
    {
      "id": "introduce_sentence_202",
      "content": "They will shiver with {0}."
    },
    {
      "id": "introduce_word_203",
      "content": "Love"
    },
    {
      "id": "introduce_sentence_203",
      "content": "In the name of {0} and Justice~ Here cometh Magical Maiden!"
    },
    {
      "id": "introduce_word_204",
      "content": "Betrayal"
    },
    {
      "id": "introduce_sentence_204",
      "content": "See? Trust me... and there'll never be {0} from me."
    },
    {
      "id": "introduce_word_205",
      "content": "Light"
    },
    {
      "id": "introduce_sentence_205",
      "content": "I shall make this oath to (the) {0}!"
    },
    {
      "id": "introduce_word_206",
      "content": "Hat"
    },
    {
      "id": "introduce_sentence_206",
      "content": "This {0}'s a status symbol..."
    },
    {
      "id": "introduce_word_207",
      "content": "Steam"
    },
    {
      "id": "introduce_sentence_207",
      "content": "Compress. Compress. Ignore {0} reflux... cannot ignore."
    }
  ]
}
