{
  "dataList": [
    {
      "id": 1,
      "name": "Follia Pagata",
      "desc": "Un materiale cristallino a forma di rosa. Usata per effettuare estrazioni e comprare Casse di Encefalina.",
      "flavor": "Una rosa di cristallo che sembra sempre guardare in una certa direzione. Questo oggetto con qualcosa di umano si dice assorba l' umidità di un certo fiume per sbocciare."
    },
    {
      "id": 2,
      "name": "Follia Gratuita",
      "desc": "Un materiale cristallino a forma di rosa. Usata per effettuare estrazioni e comprare Casse di Encefalina.",
      "flavor": "Una rosa di cristallo che sembra sempre guardare in una certa direzione. Questo oggetto con qualcosa di umano si dice assorba l' umidità di un certo fiume per sbocciare."
    },
    {
      "id": 3,
      "name": "Follia",
      "desc": "Un materiale cristallino a forma di rosa. Usata per effettuare estrazioni e comprare Casse di Encefalina.",
      "flavor": "Accettare la pazzia è un passo necessario per andare avanti per gli umani."
    },
    {
      "id": 11,
      "name": "Modulo di Encefalina",
      "desc": "Usato per entrare nei dungeon.",
      "flavor": "Un modulo sferico progettato per contenimento speciale.\n[NOTA] Usare una dose di Encefalina liquida permette un' uso più stabile rispetto alla sua forma gassosa.\nL' Encefalina può essere convertita in energia inserendo il modulo nella presa designata.\n[ATTENZIONE] Assemblare l' Encefalina in moduli è un processo irreversibile; il modulo può essere usato solamente con l'adattatore specifico.\nL' uso al di fuori dello scopo designato o le modifiche sono strettamente proibite."
    },
    {
      "id": 101,
      "name": "Biglietto per Estrazione",
      "desc": "Può essere usato per effettuare 1 estrazione.",
      "flavor": "Un oggetto consumabile intrecciato con la Follia, la fonte dell' energia di estrazione di Mephistopheles.\n Sembra un sottile foglio di carta a prima vista, ma qualcosa sembra pulsare all' interno."
    },
    {
      "id": 102,
      "name": "Biglietto per Decaestrazione",
      "desc": "Può essere usato per effettuare 10 estrazioni.",
      "flavor": "Un oggetto consumabile intrecciato con la Follia, la fonte dell' energia di estrazione di Mephistopheles.\n Sembra un sottile foglio di carta a prima vista, ma qualcosa sembra pulsare all' interno."
    },
    {
      "id": 103,
      "name": "3★ Biglietto per Decaestrazione Garantita",
      "desc": "Può essere usato per effettuare 10 estrazioni dove è garantita un'Identità 3★.",
      "flavor": "Un biglietto speciale con un segno sopra. Può estrarre un' Identità da un mondo di possibilità improbabili con sicurezza. La carta batte e pulsa fortemente."
    },
    {
      "id": 104,
      "name": "[Stagione 1] 3★ Biglietto per Decaestrazione Garantita",
      "desc": "Può essere usato per effettuare 10 estrazioni dove è garantita un'Identità 3★ dalla [Stagione 1].",
      "flavor": "Un biglietto speciale con un segno sopra. Può estrarre un' Identità da un mondo di possibilità improbabili con sicurezza. La carta batte e pulsa fortemente."
    },
    {
      "id": 105,
      "name": "[Stagione 2] 3★ Biglietto per Decaestrazione Garantita",
      "desc": "Può essere usato per effettuare 10 estrazioni dove è garantita un'Identità 3★ dalla [Stagione 2].",
      "flavor": "Un biglietto speciale con un segno sopra. Può estrarre un' Identità da un mondo di possibilità improbabili con sicurezza. La carta batte e pulsa fortemente."
    },
    {
      "id": 106,
      "name": "[Stagione 3] 3★ Biglietto per Decaestrazione Garantita",
      "desc": "Può essere usato per effettuare 10 estrazioni dove è garantita un'Identità 3★ dalla [Stagione 3].",
      "flavor": "Un biglietto speciale con un segno sopra. Può estrarre un' Identità da un mondo di possibilità improbabili con sicurezza. La carta batte e pulsa fortemente."
    },
    {
      "id": 201,
      "name": "Filo",
      "desc": "Usato per Legare le Identità e Intrecciare l' E.G.O",
      "flavor": "I Filo è un' oggetto filamentare concepito per annodare tutte le possibilità in un solo punto.\nLa nostra compagnia usa il Filo in vari modi, come Legando le Identità o Intrecciando l' E.G.O per capirlo meglio."
    },
    {
      "id": 211,
      "name": "Biglietto per Addestramento Identità I",
      "desc": "Da' 50 ESP Identità.",
      "flavor": "Un biglietto che contiene possibilità del passato, presente e futuro.\n“Scoprii che il pensiero di qualcosa che non avevo mai sperimentato si era poggiato solidamente nella mia mente.”"
    },
    {
      "id": 212,
      "name": "Biglietto per Addestramento Identità II",
      "desc": "Da' 200 ESP Identità.",
      "flavor": "Un biglietto che contiene possibilità del passato, presente e futuro.\n“Hmhm~ Non ho mai visitato il quartiere meridionale, quindi perché mi sembra così familiare…?”"
    },
    {
      "id": 213,
      "name": "Biglietto per Addestramento Identità III",
      "desc": "Da' 1000 ESP Identità.",
      "flavor": "Un biglietto che contiene possibilità del passato, presente e futuro.\n“…Se avessi avuto qualcosa di così conveniente nel passato, tutte quelle difficoltà orribili sarebbero state semplicissime da superare.”"
    },
    {
      "id": 214,
      "name": "Biglietto per Addestramento Identità IV",
      "desc": "Da' 3000 ESP Identità.",
      "flavor": "Un biglietto che brilla delle possibiltà che abbiamo vissuto, viviamo e vivremo.\n\"Questa sensazione è come avere dei ricordi che non ci sono mai accaduti forzati nella mente. Non è una sensazione piacevole, ma è decisamente efficente."
    },
    {
      "id": 221,
      "name": "Biglietto di Aumento Livello I",
      "desc": "Porta il livello di un'Identità al liv. 10.",
      "flavor": "Un biglietto sblocca-limiti che permette a un'Identità di contenere esperienza in eccesso.\n“Oho! Il mio corpo si è più che mai adeguato al fare giustizia!”"
    },
    {
      "id": 222,
      "name": "Biglietto di Aumento Livello II",
      "desc": "Porta il livello di un'Identità al liv. 20.",
      "flavor": "Un biglietto sblocca-limiti che permette a un'Identità di contenere esperienza in eccesso.\n“È… stranamente calmante. Sento di poter fare cose che non potevo prima.”"
    },
    {
      "id": 223,
      "name": "Biglietto di Aumento Livello III",
      "desc": "Porta il livello di un'Identità al liv. 30.",
      "flavor": "Un biglietto sblocca-limiti che permette a un'Identità di contenere esperienza in eccesso.\n“Questa roba sarebbe stata pericolosissima se fosse stata a disposizione durante la guerra. Immagina addestrare veterani in soli secondi.”"
    },
    {
      "id": 224,
      "name": "Biglietto di Aumento Livello IV",
      "desc": "Porta il livello di un' Identità al liv. 40.",
      "flavor": "Un biglietto sblocca-limiti che permette a un'Identità di contenere esperienza in eccesso. \n\"T.F. Darmi anni di esperienza con l' uso di una tecnica che non ho mai usato fin'ora...  non c'è soddisfazione. Rivoltante.\""
    },
    {
      "id": 231,
      "name": "Biglietto di Lancio Identità",
      "desc": "Porta il livello di un'Identità al liv. 40 e il Grado Legame al liv. 4.",
      "flavor": "Strappa questo biglietto per attivarlo.\nStrappa lo spazio-tempo, legando e rafforzando un' Identità a velocità incredibile.\nFa un suono irresistibile quando si strappa; fa venir voglia di strapparne altri."
    },
    {
      "id": 301,
      "name": "Cassa di Encefalina",
      "desc": "Ricarica 60 Encefalina quando viene usata.",
      "flavor": "Un contenitore stabile con dentro Encefalina liquida.\n[ATTENZIONE] Spostare questa cassa senza seguire le procedure descritte potrebbe risultare in incidenti come fuoriuscita di Encefalina.\nL' ingestione non regolamentata di Encefalina può causare una vasta gamma di sintomi psicopatologici non confermati."
    },
    {
      "id": 401,
      "name": "Cassa di Filo",
      "desc": "Aprila per ricevere 1-3 pezzi di Filo.",
      "flavor": "Una cassa di possibilità raccolte.\nNessuno sanza quante ne potrai estrarre."
    },
    {
      "id": 1101,
      "name": "[Stagione 1] Cassa di ScheggieEgo",
      "desc": "Aprila per ricevere 1-3 ScheggieEgo di Peccatori casuali.",
      "flavor": "Delle ScheggieEgo sono state raccolte casualmente e messe in queste casse. Il loro contenuto è un mistero.\nQuando ne tieni una in un posto tranquillo, puoi sentire piccoli rumori."
    },
    {
      "id": 1201,
      "name": "[Stagione 1] Cassa di ScheggieEgo A Scelta",
      "desc": "Aprila per ricevere 1-3 ScheggieEgo di un Peccatore a scelta.",
      "flavor": "Una cassa con cui ottenere le ScheggieEgo di un Peccatore a tua scelta.\nSecondo Faust, il suo contenuto è determinato dopo che i manager prendono una decisione."
    },
    {
      "id": 1102,
      "name": "[Stagione 2] Cassa di ScheggieEgo",
      "desc": "Aprila per ricevere 1-3 ScheggieEgo di Peccatori casuali.",
      "flavor": "Delle ScheggieEgo sono state raccolte casualmente e messe in queste casse. Il loro contenuto è un mistero.\nQuando ne tieni una in un posto tranquillo, puoi sentire piccoli rumori."
    },
    {
      "id": 1202,
      "name": "[Stagione 2] Cassa di ScheggieEgo A Scelta",
      "desc": "Aprila per ricevere 1-3 ScheggieEgo di un Peccatore a scelta.",
      "flavor": "Una cassa con cui ottenere le ScheggieEgo di un Peccatore a tua scelta.\nSecondo Faust, il suo contenuto è determinato dopo che i manager prendono una decisione."
    },
    {
      "id": 1103,
      "name": "[Stagione 3] Cassa di ScheggieEgo",
      "desc": "Aprila per ricevere 1-3 ScheggieEgo casuali.",
      "flavor": "Delle ScheggieEgo sono state raccolte casualmente e messe in queste casse. Il loro contenuto è un mistero.\nQuando ne tieni una in un posto tranquillo, puoi sentire piccoli rumori."
    },
    {
      "id": 1203,
      "name": "[Stagione 3] Cassa di ScheggieEgo A Scelta",
      "desc": "Aprila per ricevere 1-3 ScheggieEgo di un Peccatore a scelta.",
      "flavor": "Una cassa con cui ottenere le ScheggieEgo di un Peccatore a tua scelta.\nSecondo Faust, il suo contenuto è determinato dopo che i manager prendono una decisione."
    },
    {
      "id": 10101,
      "name": "[Stagione 1] ScheggiaEgo di Yi Sang",
      "desc": "Usata per comprare le Identità ed E.G.O di Yi Sang e Filo dalla Dispensa.",
      "flavor": "Momenti sfuggenti da qualunque punto della vita del Peccatore, condensati in forma fisica. Le scheggie fluttuano in aria.\nLe possibilità sono cosa effimera; vagano nel regno delle possibilità a meno che non vengano prese."
    },
    {
      "id": 10201,
      "name": "[Stagione 1] ScheggiaEgo di Faust",
      "desc": "Usata per comprare le Identità ed E.G.O di Faust e Filo dalla Dispensa.",
      "flavor": "Momenti sfuggenti da qualunque punto della vita della Peccatrice, condensati in forma fisica. Le scheggie fluttuano in aria.\nLe possibilità sono cosa effimera; vagano nel regno delle possibilità a meno che non vengano prese."
    },
    {
      "id": 10301,
      "name": "[Stagione 1] ScheggiaEgo di Don Quixote",
      "desc": "Usata per comprare le Identità ed E.G.O di Don Quixote e Filo dalla Dispensa.",
      "flavor": "Momenti sfuggenti da qualunque punto della vita della Peccatrice, condensati in forma fisica. Le scheggie fluttuano in aria.\nLe possibilità sono cosa effimera; vagano nel regno delle possibilità a meno che non vengano prese."
    },
    {
      "id": 10401,
      "name": "[Stagione 1] ScheggiaEgo di Ryōshū",
      "desc": "Usata per comprare le Identità ed E.G.O di Ryōshū e Filo dalla Dispensa.",
      "flavor": "Momenti sfuggenti da qualunque punto della vita della Peccatrice, condensati in forma fisica. Le scheggie fluttuano in aria.\nLe possibilità sono cosa effimera; vagano nel regno delle possibilità a meno che non vengano prese."
    },
    {
      "id": 10501,
      "name": "[Stagione 1] ScheggiaEgo di Meursault",
      "desc": "Usata per comprare le Identità ed E.G.O di Meursault e Filo dalla Dispensa.",
      "flavor": "Momenti sfuggenti da qualunque punto della vita del Peccatore, condensati in forma fisica. Le scheggie fluttuano in aria.\nLe possibilità sono cosa effimera; vagano nel regno delle possibilità a meno che non vengano prese."
    },
    {
      "id": 10601,
      "name": "[Stagione 1] ScheggiaEgo di Hong Lu",
      "desc": "Usata per comprare le Identità ed E.G.O di Hong Lu e Filo dalla Dispensa.",
      "flavor": "Momenti sfuggenti da qualunque punto della vita del Peccatore, condensati in forma fisica. Le scheggie fluttuano in aria.\nLe possibilità sono cosa effimera; vagano nel regno delle possibilità a meno che non vengano prese."
    },
    {
      "id": 10701,
      "name": "[Stagione 1] ScheggiaEgo di Heathcliff",
      "desc": "Usata per comprare le Identità ed E.G.O di Heathcliff e Filo dalla Dispensa.",
      "flavor": "Momenti sfuggenti da qualunque punto della vita del Peccatore, condensati in forma fisica. Le scheggie fluttuano in aria.\nLe possibilità sono cosa effimera; vagano nel regno delle possibilità a meno che non vengano prese."
    },
    {
      "id": 10801,
      "name": "[Stagione 1] ScheggiaEgo di Ishmael",
      "desc": "Usata per comprare le Identità ed E.G.O di Ishmael e Filo dalla Dispensa.",
      "flavor": "Momenti sfuggenti da qualunque punto della vita della Peccatrice, condensati in forma fisica. Le scheggie fluttuano in aria.\nLe possibilità sono cosa effimera; vagano nel regno delle possibilità a meno che non vengano prese."
    },
    {
      "id": 10901,
      "name": "[Stagione 1] ScheggiaEgo di Rodion",
      "desc": "Usata per comprare le Identità ed E.G.O di Rodya e Filo dalla Dispensa.",
      "flavor": "Momenti sfuggenti da qualunque punto della vita della Peccatrice, condensati in forma fisica. Le scheggie fluttuano in aria.\nLe possibilità sono cosa effimera; vagano nel regno delle possibilità a meno che non vengano prese."
    },
    {
      "id": 11001,
      "name": "[Stagione 1] ScheggiaEgo di Sinclair",
      "desc": "Usata per comprare le Identità ed E.G.O di Sinclair e Filo dalla Dispensa.",
      "flavor": "Momenti sfuggenti da qualunque punto della vita del Peccatore, condensati in forma fisica. Le scheggie fluttuano in aria.\nLe possibilità sono cosa effimera; vagano nel regno delle possibilità a meno che non vengano prese."
    },
    {
      "id": 11101,
      "name": "[Stagione 1] ScheggiaEgo di Outis",
      "desc": "Usata per comprare le Identità ed E.G.O di Outis e Filo dalla Dispensa.",
      "flavor": "Momenti sfuggenti da qualunque punto della vita della Peccatrice, condensati in forma fisica. Le scheggie fluttuano in aria.\nLe possibilità sono cosa effimera; vagano nel regno delle possibilità a meno che non vengano prese."
    },
    {
      "id": 11201,
      "name": "[Stagione 1] ScheggiaEgo di Gregor",
      "desc": "Usata per comprare le Identità ed E.G.O di Gregor e Filo dalla Dispensa.",
      "flavor": "Momenti sfuggenti da qualunque punto della vita del Peccatore, condensati in forma fisica. Le scheggie fluttuano in aria.\nLe possibilità sono cosa effimera; vagano nel regno delle possibilità a meno che non vengano prese."
    },
    {
      "id": 10001,
      "name": "ScheggieEgo Stagione 1 di [Peccatori Selezionati]",
      "desc": "재화 등장 확률 상세 표시용(name 만 번역해주세요)",
      "flavor": ""
    },
    {
      "id": 10102,
      "name": "[Stagione 2] ScheggiaEgo di Yi Sang",
      "desc": "Usata per comprare le Identità ed E.G.O di Yi Sang e Filo dalla Dispensa.",
      "flavor": "Momenti sfuggenti da qualunque punto della vita del Peccatore, condensati in forma fisica. Le scheggie fluttuano in aria.\nLe possibilità sono cosa effimera; vagano nel regno delle possibilità a meno che non vengano prese."
    },
    {
      "id": 10202,
      "name": "[Stagione 2] ScheggiaEgo di Faust",
      "desc": "Usata per comprare le Identità ed E.G.O di Faust e Filo dalla Dispensa.",
      "flavor": "Momenti sfuggenti da qualunque punto della vita della Peccatrice, condensati in forma fisica. Le scheggie fluttuano in aria.\nLe possibilità sono cosa effimera; vagano nel regno delle possibilità a meno che non vengano prese."
    },
    {
      "id": 10302,
      "name": "[Stagione 2] ScheggiaEgo di Don Quixote",
      "desc": "Usata per comprare le Identità ed E.G.O di Don Quixote e Filo dalla Dispensa.",
      "flavor": "Momenti sfuggenti da qualunque punto della vita della Peccatrice, condensati in forma fisica. Le scheggie fluttuano in aria.\nLe possibilità sono cosa effimera; vagano nel regno delle possibilità a meno che non vengano prese."
    },
    {
      "id": 10402,
      "name": "[Stagione 2] ScheggiaEgo di Ryōshū",
      "desc": "Usata per comprare le Identità ed E.G.O di Ryōshū e Filo dalla Dispensa.",
      "flavor": "Momenti sfuggenti da qualunque punto della vita della Peccatrice, condensati in forma fisica. Le scheggie fluttuano in aria.\nLe possibilità sono cosa effimera; vagano nel regno delle possibilità a meno che non vengano prese."
    },
    {
      "id": 10502,
      "name": "[Stagione 2] ScheggiaEgo di Meursault",
      "desc": "Usata per comprare le Identità ed E.G.O di Meursault e Filo dalla Dispensa.",
      "flavor": "Momenti sfuggenti da qualunque punto della vita del Peccatore, condensati in forma fisica. Le scheggie fluttuano in aria.\nLe possibilità sono cosa effimera; vagano nel regno delle possibilità a meno che non vengano prese."
    },
    {
      "id": 10602,
      "name": "[Stagione 2] ScheggiaEgo di Hong Lu's",
      "desc": "Usata per comprare le Identità ed E.G.O di Hong Lu e Filo dalla Dispensa.",
      "flavor": "Momenti sfuggenti da qualunque punto della vita del Peccatore, condensati in forma fisica. Le scheggie fluttuano in aria.\nLe possibilità sono cosa effimera; vagano nel regno delle possibilità a meno che non vengano prese."
    },
    {
      "id": 10702,
      "name": "[Stagione 2] ScheggiaEgo di Heathcliff",
      "desc": "Usata per comprare le Identità ed E.G.O di Heathcliff e Filo dalla Dispensa.",
      "flavor": "Momenti sfuggenti da qualunque punto della vita del Peccatore, condensati in forma fisica. Le scheggie fluttuano in aria.\nLe possibilità sono cosa effimera; vagano nel regno delle possibilità a meno che non vengano prese."
    },
    {
      "id": 10802,
      "name": "[Stagione 2] ScheggiaEgo di Ishmael",
      "desc": "Usata per comprare le Identità ed E.G.O di Ishmael e Filo dalla Dispensa.",
      "flavor": "Momenti sfuggenti da qualunque punto della vita della Peccatrice, condensati in forma fisica. Le scheggie fluttuano in aria.\nLe possibilità sono cosa effimera; vagano nel regno delle possibilità a meno che non vengano prese."
    },
    {
      "id": 10902,
      "name": "[Stagione 2] ScheggiaEgo di Rodion",
      "desc": "Usata per comprare le Identità ed E.G.O di Rodion e Filo dalla Dispensa.",
      "flavor": "Momenti sfuggenti da qualunque punto della vita della Peccatrice, condensati in forma fisica. Le scheggie fluttuano in aria.\nLe possibilità sono cosa effimera; vagano nel regno delle possibilità a meno che non vengano prese."
    },
    {
      "id": 11002,
      "name": "[Stagione 2] ScheggiaEgo di Sinclair",
      "desc": "Usata per comprare le Identità ed E.G.O di Sinclair e Filo dalla Dispensa.",
      "flavor": "Momenti sfuggenti da qualunque punto della vita del Peccatore, condensati in forma fisica. Le scheggie fluttuano in aria.\nLe possibilità sono cosa effimera; vagano nel regno delle possibilità a meno che non vengano prese."
    },
    {
      "id": 11102,
      "name": "[Stagione 2] ScheggiaEgo di Outis",
      "desc": "Usata per comprare le Identità ed E.G.O di Outis e Filo dalla Dispensa.",
      "flavor": "Momenti sfuggenti da qualunque punto della vita della Peccatrice, condensati in forma fisica. Le scheggie fluttuano in aria.\nLe possibilità sono cosa effimera; vagano nel regno delle possibilità a meno che non vengano prese."
    },
    {
      "id": 11202,
      "name": "[Stagione 2] ScheggiaEgo di Gregor",
      "desc": "Usata per comprare le Identità ed E.G.O di Gregor e Filo dalla Dispensa.",
      "flavor": "Momenti sfuggenti da qualunque punto della vita del Peccatore, condensati in forma fisica. Le scheggie fluttuano in aria.\nLe possibilità sono cosa effimera; vagano nel regno delle possibilità a meno che non vengano prese."
    },
    {
      "id": 10103,
      "name": "[Stagione 3] ScheggiaEgo di Yi Sang",
      "desc": "Usata per comprare le Identità ed E.G.O di Yi Sang e Filo dalla Dispensa.",
      "flavor": "Momenti sfuggenti da qualunque punto della vita del Peccatore, condensati in forma fisica. Le scheggie fluttuano in aria.\nLe possibilità sono cosa effimera; vagano nel regno delle possibilità a meno che non vengano prese."
    },
    {
      "id": 10203,
      "name": "[Stagione 3] ScheggiaEgo di Faust",
      "desc": "Usata per comprare le Identità ed E.G.O di Faust e Filo dalla Dispensa.",
      "flavor": "Momenti sfuggenti da qualunque punto della vita della Peccatrice, condensati in forma fisica. Le scheggie fluttuano in aria.\nLe possibilità sono cosa effimera; vagano nel regno delle possibilità a meno che non vengano prese."
    },
    {
      "id": 10303,
      "name": "[Stagione 3] ScheggiaEgo di Don Quixote",
      "desc": "Usata per comprare le Identità ed E.G.O di Don Quixote e Filo dalla Dispensa.",
      "flavor": "Momenti sfuggenti da qualunque punto della vita della Peccatrice, condensati in forma fisica. Le scheggie fluttuano in aria.\nLe possibilità sono cosa effimera; vagano nel regno delle possibilità a meno che non vengano prese."
    },
    {
      "id": 10403,
      "name": "[Stagione 3] ScheggiaEgo di Ryōshū",
      "desc": "Usata per comprare le Identità ed E.G.O di Ryōshū e Filo dalla Dispensa.",
      "flavor": "Momenti sfuggenti da qualunque punto della vita della Peccatrice, condensati in forma fisica. Le scheggie fluttuano in aria.\nLe possibilità sono cosa effimera; vagano nel regno delle possibilità a meno che non vengano prese."
    },
    {
      "id": 10503,
      "name": "[Stagione 3] ScheggiaEgo di Meursault",
      "desc": "Usata per comprare le Identità ed E.G.O di Meursault e Filo dalla Dispensa.",
      "flavor": "Momenti sfuggenti da qualunque punto della vita del Peccatore, condensati in forma fisica. Le scheggie fluttuano in aria.\nLe possibilità sono cosa effimera; vagano nel regno delle possibilità a meno che non vengano prese."
    },
    {
      "id": 10603,
      "name": "[Stagione 3] ScheggiaEgo di Hong Lu's",
      "desc": "Usata per comprare le Identità ed E.G.O di Hong Lu e Filo dalla Dispensa.",
      "flavor": "Momenti sfuggenti da qualunque punto della vita del Peccatore, condensati in forma fisica. Le scheggie fluttuano in aria.\nLe possibilità sono cosa effimera; vagano nel regno delle possibilità a meno che non vengano prese."
    },
    {
      "id": 10703,
      "name": "[Stagione 3] ScheggiaEgo di Heathcliff",
      "desc": "Usata per comprare le Identità ed E.G.O di Heathcliff e Filo dalla Dispensa.",
      "flavor": "Momenti sfuggenti da qualunque punto della vita del Peccatore, condensati in forma fisica. Le scheggie fluttuano in aria.\nLe possibilità sono cosa effimera; vagano nel regno delle possibilità a meno che non vengano prese."
    },
    {
      "id": 10803,
      "name": "[Stagione 3] ScheggiaEgo di Ishmael",
      "desc": "Usata per comprare le Identità ed E.G.O di Ishmael e Filo dalla Dispensa.",
      "flavor": "Momenti sfuggenti da qualunque punto della vita della Peccatrice, condensati in forma fisica. Le scheggie fluttuano in aria.\nLe possibilità sono cosa effimera; vagano nel regno delle possibilità a meno che non vengano prese."
    },
    {
      "id": 10903,
      "name": "[Stagione 3] ScheggiaEgo di Rodion",
      "desc": "Usata per comprare le Identità ed E.G.O di Rodion e Filo dalla Dispensa.",
      "flavor": "Momenti sfuggenti da qualunque punto della vita della Peccatrice ,condensati in forma fisica. Le scheggie fluttuano in aria.\nLe possibilità sono cosa effimera; vagano nel regno delle possibilità a meno che non vengano prese."
    },
    {
      "id": 11003,
      "name": "[Stagione 3] ScheggiaEgo di Sinclair",
      "desc": "Usata per comprare le Identità ed E.G.O di Sinclair e Filo dalla Dispensa.",
      "flavor": "Momenti sfuggenti da qualunque punto della vita del Peccatore, condensati in forma fisica. Le scheggie fluttuano in aria.\nLe possibilità sono cosa effimera; vagano nel regno delle possibilità a meno che non vengano prese."
    },
    {
      "id": 11103,
      "name": "[Stagione 3] ScheggiaEgo di Outis",
      "desc": "Usata per comprare le Identità ed E.G.O di Outis e Filo dalla Dispensa.",
      "flavor": "Momenti sfuggenti da qualunque punto della vita della Peccatrice, condensati in forma fisica. Le scheggie fluttuano in aria.\nLe possibilità sono cosa effimera; vagano nel regno delle possibilità a meno che non vengano prese."
    },
    {
      "id": 11203,
      "name": "[Stagione 3] ScheggiaEgo di Gregor",
      "desc": "Usata per comprare le Identità ed E.G.O di Gregor e Filo dalla Dispensa.",
      "flavor": "Momenti sfuggenti da qualunque punto della vita del Peccatore, condensati in forma fisica. Le scheggie fluttuano in aria.\nLe possibilità sono cosa effimera; vagano nel regno delle possibilità a meno che non vengano prese."
    },
    {
      "id": 10002,
      "name": "ScheggieEgo Stagione 2 di [Peccatori Selezionati]",
      "desc": "재화 등장 확률 상세 표시용(name 만 번역해주세요)",
      "flavor": ""
    },
    {
      "id": 4,
      "name": "Yisang [Ideale]",
      "desc": "천장 재화 표시용(name 만 번역해주세요)",
      "flavor": ""
    },
    {
      "id": 20001,
      "name": "Rottami Modifica-Bus",
      "desc": "Spazzatura varia, come placche arrugginite e bulloni staccati direttamemte dalle schiene dei granchi spazzatura.\nSi può usare per modificare il Mephistopheles.",
      "flavor": ""
    },
    {
      "id": 20002,
      "name": "Ferro di Cavallo con Rottami Modifica-Bus",
      "desc": "Un grosso oggetto a forma di ferro di cavallo preso dal re granchio spazzatura.\nPuò sostituirsi a molti pezzi di rottame, ci dicono.",
      "flavor": ""
    },
    {
      "id": 5,
      "name": "ScheggieEgo",
      "desc": "자판기 재화 표시용(name 만 번역해주세요)",
      "flavor": ""
    },
    {
      "id": 20009,
      "name": "Sacco di Ninnoli",
      "desc": "Un sacco pieno di ninnoli e decorazioni presi di fretta dalla Fabbrica di Doni.\nDon Quixote li userà per bene per ravvivare l' interno di Mephistopheles.",
      "flavor": ""
    },
    {
      "id": 20010,
      "name": "Grosso Sacco di Ninnoli",
      "desc": "Un sacco enorme pieno fino all' orlo di ninnoli e decorazioni presi di fretta dalla Fabbrica di Doni.\nDon Quixote li userà per bene per ravvivare l' interno di Mephistopheles.",
      "flavor": ""
    },
    {
      "id": 20012,
      "name": "Fodera Insanguinata",
      "desc": "Usata per comprare vari premi dal menu di Scambio Premi.\n\n<color=#a16a3b>Coloro che brandono lame nella vita lasciano fodere insanguinate nella morte.\nLa vera dimora di coloro che seguono il cammino delle lame è il proprio fodero.</color>",
      "flavor": ""
    },
    {
      "id": 20013,
      "name": "Fodera Risentita",
      "desc": "Usata per comprare vari premi dal menu di Scambio Premi.\n\n<color=#a16a3b>Chi brandisce la propria lama con risentimento profondo si dice Demone della Lama.\nI Demoni della Lama non necessitano più di un fodero; eppure lo portano, poichè quel risentimento è sfumato con residuo attaccamento.</color>",
      "flavor": ""
    },
    {
      "id": 20017,
      "name": "Orologio da Tasca",
      "desc": "Ognuno ha il proprio orologio, con varie clae di tempo.\nTempo che passa velocemente. Tempo che resta.\nLe ore non si allineano mai.",
      "flavor": ""
    },
    {
      "id": 20018,
      "name": "Mucchio di Orologi da Tasca",
      "desc": "Ogni orologio finisce allo stesso modo.\nLe ore finalmente si allineano quando le lancette smettono di contare i secondi, quando qualcuno espelle l' ultimo respiro.",
      "flavor": ""
    },
    {
      "id": 20020,
      "name": "Pacco Recup. Civili",
      "desc": "Usato per comprare vari premi dal menu di Scambio Premi.\n\n<color=#a16a3b>Avviso agli Agenti Pulitori: si prega di raccogliere e conservare i pezzi di un singolo passeggiero in questo pacco. Nonostante trovare tutti i resti possa sembrare difficile, sappiate che c'è una singola vena che connette tutte le parti tra loro. Immaginate di riavvolgere una palla di lana, e raccoglietele pazientemente una ad una.</color>",
      "flavor": ""
    },
    {
      "id": 20021,
      "name": "Pacco Recup. Fixer",
      "desc": "Trovato raramente. Convertito in 20 Pacchi Recup. Civili appena acquisito.\n\n<color=#a16a3b>A volte, potreste lavorare con passeggeri forniti di protesi.\nDovete sapere che anche le protesi di corpo intero non rimuovono il cervello del passeggero.\nOgni pezzo di protesi riconosciuta dal cervello del passeggero sarà connessa con vene,quindi non c'è bisogno di preoccuparsi di ricomporle.\nRicordate: il sangue non è acqua.</color>",
      "flavor": ""
    },
    {
      "id": 232,
      "name": "Modulo Lancio - Legame ID",
      "desc": "Aumenta il Grado Legame di un'Identità fino al Grado 4.",
      "flavor": "Modulo di Legame Rapido Identità sviluppato dal Team R&S di LCA.\nInserisci forzatamente i fili lucenti e tessi insieme le Scheggie, alzando rapidamente il Grado Legame ad un certo livello.\nAnche se coloro fuori dallo specchio ne possono essere ignari, questa devastante iniezione semina distruzione a corto termine nello lo specchio."
    },
    {
      "id": 233,
      "name": "Modulo Lancio - Intreccio E.G.O [WAW] x1",
      "desc": "Aumenta il Grado di Intreccio di un E.G.O al fino Grado 4. (Utilizzabile solo su E.G.O di Livello WAW o inferiore)",
      "flavor": "Modulo di Intreccio E.G.O sviluppato dal Team R&S di LCA.\nIntreccia i fili lucenti con molte Scheggie, alzando il Grado di Intreccio E.G.O fino ad un certo livello a ritmo accelerato.\nNon sappiamo ancora quanto questo cuore chiamato E.G.O possa reggere alla pressione... dell' Intrecciare questi E.G.O basati su Animenti-Anormali senza pensare perchè è conveniente."
    },
    {
      "id": 501,
      "name": "Biglietto per Scelta Identità S1",
      "desc": "Usa quest' oggetto per selezionare una Identità della Stagione 1 (Incluse Identità di Eventi) da ottenere.",
      "flavor": "Un biglietto capace di osservare e prendere un' Identità di un periodo specifico della caccia ai Rami Dorati della squadra LCB.\n'L' abilità di trovare e tirare a se un' Identità osservata in un certo periodo dimostra il notevole avanzamento in tecnologia di Limbus Company. - Ricercatori dello Specchio, Dipartimento Osservatorio Mondo Specchio LCA'"
    },
    {
      "id": 601,
      "name": "Biglietto per E.G.O del Battle Pass S1 Nominabile",
      "desc": "Usa quest' oggetto per selezionare un E.G.O del Battle Pass della Stagione 1 da ottenere.",
      "flavor": "Un biglietto capace di osservare e prendere un E.G.O di un periodo specifico della caccia ai Rami Dorati della squadra LCB.\n'Recuperare un E.G.O, osservato in un periodo specifico, dalle profondità, è una ricerca molto più complicata del rendere delle Identità selezionabili. Fuhu. - Ricercatori dello Specchio, Dipartimento Osservatorio Mondo Specchio LCA'"
    },
    {
      "id": 12004,
      "name": "Scheggia Limitata a Legame e Intreccio (Universale) Stagione 4",
      "desc": "Può essere usata per Legare Identità e Intrecciare E.G.O per tutti i Peccatori.",
      "flavor": "Una scheggia universale che può essere usata per Legare o Intrecciare Identità e E.G.O per tutti i Peccatori.\nPerò, queste scheggie non possono essere usate per estrarre Identià o E.G.O, non importa quante ne siano ammassate.\n'Queste scheggie sono i prodotti delle nostre ricerche nella natura omnitrasformante dei Rami Dorati; si possono usare per riempire qualucnque profondità o mondi degli specchi. Uh? Estrazioni? Certo che no. La sua natura di taglia-unica-per-ogni-mondo vuol dire che ovviamente *non è fatta* per un mondo specifico, giusto? - Capo Ricercatori dello Specchio, Dipartimento Osservatorio Mondo Specchio LCA'"
    },
    {
      "id": 234,
      "name": "Modulo Lancio - Intreccio E.G.O [HE] x1",
      "desc": "Aumenta il Grado di Intreccio di un E.G.O al fino Grado 4. (Utilizzabile solo su E.G.O di Livello HE o inferiore)",
      "flavor": "Il secondo Modulo di Intreccio E.G.O sviluppato dal Team R&S di LCA.\nIntreccia i fili lucenti con molte Scheggie, alzando il Grado di Intreccio E.G.O fino al livello [HE] a ritmo accelerato.\nTessiamo tra loro le scheggie con i fili per comprimerli in una forma. La luce calda dei fili ricorda la luce che un tempo cadette sulla Città per qualche giorno."
    },
    {
      "id": 20024,
      "name": "Dati Ammassati",
      "desc": "Usati per comprare vari premi dal menu di Scambio Premi.\n\n<color=#a16a3b>Varie note disorganizzate e irrilevanti su LCB, Distorsioni, e Peccatula ci sono scritte alla rinfusa. Questi dati sono stati raccolti dalla LCE—documenti disordinati di test, esperimenti, e ricerche sporcano le pagine.\n\n'Non è il compito di un ricercatore organizzare le proprie scoperte. Quella è responsabilità degli assistenti'</color>",
      "flavor": ""
    },
    {
      "id": 20025,
      "name": "Dati Classificati",
      "desc": "Trovati raramente. Convertiti in 20 Dati Ammassati appena acquisiti.\n\n<color=#a16a3b>Dati classificati raccolti da Hohenheim stesso, la letture è permessa solo ai ricercatori assistenti della LCE. Contiene ogni tipo di informazione dettagliata su Limbus Company—dalle informazioni personali di tutti i Peccatori(Compleanni, luoghi di nascita, etc.) alle analisi di Apparizioni e Distorsioni contenute nella LCE.\n\n'Il numero di dati da solo è inutile. Quello che importa è quali dati si connettono agli altri, quando sono ricelati, e come sono utilizzati. Solo allora i dati si trasformano in informazioni utili.' - Agente Senza nome di LCA</color>",
      "flavor": ""
    },
    {
      "id": 502,
      "name": "Biglietto per Scelta Identità S2",
      "desc": "Usa quest' oggetto per selezionare una Identità della Stagione 2 (Incluse Identità di Eventi) da ottenere.",
      "flavor": "Un biglietto capace di osservare e prendere un' Identità di un periodo specifico della caccia ai Rami Dorati della squadra LCB.\n'L' abilità di trovare e tirare a se un' Identità osservata in un certo periodo dimostra il notevole avanzamento in tecnologia di Limbus Company. - Ricercatori dello Specchio, Dipartimento Osservatorio Mondo Specchio LCA'"
    },
    {
      "id": 235,
      "name": "Biglietto Lancio Identità - ver.2",
      "desc": "Porta il livello di un' Identità al liv. 50, e il Grado Legame al liv. 4.",
      "flavor": "Strappa questo biglietto per attivarlo.\nStrappa lo spazio-tempo, legando e rafforzando un' Identità a velocità incredibile.\nFa un suono irresistibile quando si strappa; fa venir voglia di strapparne altri."
    },
    {
      "id": 20029,
      "name": "[Cilindro di Carburante degli Spazzini]",
      "desc": "Usato per comprare vari premi dal menu di Scambio Premi.\n\n<color=#a16a3b>Questi cilindri di carburante contengono la fonte di energua degli Spazzini, che puliscono la Città ogni Notte nei Vicoli. Nonostante il caos notturno, le persone trovano ogni giorno le strade pulite sulla via per lavoro. Usando il loro fluido come carburante, dissolvono ogni cosa sgradita alla Città, dalla spazzatura agli edifici non autorizzati, inondando le strade durante la notte. Emergono dai sotteranei della la Città ad orari precisi. Solo mi chiedo—da quanto in basso vengono esattamente? - Estratto di un'intervista con Dipendente di LCCB</color>",
      "flavor": ""
    },
    {
      "id": 20030,
      "name": "[Tanica di Carburante degli Spazzini]",
      "desc": "Trovata raramente. Convertita in 20 Cilindri di Carburante di Spazzini appena acquisita.\n\n<color=#a16a3b>Molto riguardo agli Spazzini è ancora un mistero. Da quando compiono questo loro lavoro? Da dove vengono? Si dice che l'unica istituzione con cui collaborino è Il Capo. Il fluido di carburante degli Spazzini è unna risorsa multifunzionale—forma i loro corpi, funzioa come arma per dissolvere tutto quello che trovano sulla loro strada, e fa da sostentamento. Questa è solo una curiosità personale, ma non posso non chiedermi come si propagano. Forse sono colpevoli delle sparizioni di bambini durante la Notte nei Vicoli… o dei rapimenti nella Periferia. - Estratto di un'intervista con Dipendente di LCCA</color>",
      "flavor": ""
    },
    {
      "id": 9001,
      "name": "Regalo di Kkomi",
      "desc": "Aprilo per ricevere 401 Follia Gratuita.",
      "flavor": "È come svegliarsi da uno strano sogno. È il regalo della notte di mezza primavera da parte di Kkomi, come scusa per averci preso a botte con i suoi pugni di pezza. \"Kkomi dice ci vediamo\" - Vergilius"
    }
  ]
}
