{
  "dataList": [
    {
      "id": 109,
      "name": "[Stagione  6] 3★ Biglietto per Decaestrazione Garantita",
      "desc": "Può essere usato per effettuare 10 estrazioni dove una Identità 3★ dalla [Stagione 6] è garantita di apparire.",
      "flavor": "Un biglietto speciale con un segno sopra. Può estrarre un'Identità da un mondo di possibilità improbabili con sicurezza. La carta batte e pulsa fortemente."
    },
    {
      "id": 1106,
      "name": "[Stagione 6] Cassa di ScheggeEgo",
      "desc": "Aprila per ricevere 1-3 ScheggeEgo di Peccatori casuali.",
      "flavor": "Delle ScheggeEgo sono state raccolte casualmente e messe in queste casse. Il loro contenuto è un mistero.\nQuando ne tieni una in un posto tranquillo, puoi sentire piccoli rumori."
    },
    {
      "id": 1206,
      "name": "[Stagione 6] Cassa di ScheggeEgo A Scelta",
      "desc": "Aprila per ricevere 1-3 ScheggeEgo di un Peccatore a scelta.",
      "flavor": "Una cassa che rende le ScheggeEgo di un Peccatore a tua scelta.\nSecondo Faust, il suo contenuto è determinato dopo che i manager prendono una decisione."
    },
    {
      "id": 10106,
      "name": "[Stagione 6] ScheggiaEgo di Yi Sang",
      "desc": "Usata per comprare le Identità ed E.G.O di Yi Sang e Filo dalla Dispensa",
      "flavor": "Momenti sfuggenti da qualunque punto della vita del Peccatore condensati in forma fisica. Le schegge fluttuano in aria.\nLe possibilità sono cosa effimera; vagano nel regno delle possibilità a meno che non vengano prese."
    },
    {
      "id": 10206,
      "name": "[Stagione 6] ScheggiaEgo di Faust",
      "desc": "Usata per comprare le Identità ed E.G.O di Faust e Filo dalla Dispensa",
      "flavor": "Momenti sfuggenti da qualunque punto della vita della Peccatrice condensati in forma fisica. Le schegge fluttuano in aria.\nLe possibilità sono cosa effimera; vagano nel regno delle possibilità a meno che non vengano prese."
    },
    {
      "id": 10306,
      "name": "[Stagione 6] ScheggiaEgo di Don Quixote",
      "desc": "Usata per comprare le Identità ed E.G.O di Don Quixote e Filo dalla Dispensa",
      "flavor": "Momenti sfuggenti da qualunque punto della vita della Peccatrice condensati in forma fisica. Le schegge fluttuano in aria.\nLe possibilità sono cosa effimera; vagano nel regno delle possibilità a meno che non vengano prese."
    },
    {
      "id": 10406,
      "name": "[Stagione 6] ScheggiaEgo di Ryōshū",
      "desc": "Usata per comprare le Identità ed E.G.O di Ryōshū e Filo dalla Dispensa",
      "flavor": "Momenti sfuggenti da qualunque punto della vita della Peccatrice condensati in forma fisica. Le schegge fluttuano in aria.\nLe possibilità sono cosa effimera; vagano nel regno delle possibilità a meno che non vengano prese."
    },
    {
      "id": 10506,
      "name": "[Stagione 6] ScheggiaEgo di Meursault",
      "desc": "Usata per comprare le Identità ed E.G.O di Meursault e Filo dalla Dispensa",
      "flavor": "Momenti sfuggenti da qualunque punto della vita del Peccatore condensati in forma fisica. Le schegge fluttuano in aria.\nLe possibilità sono cosa effimera; vagano nel regno delle possibilità a meno che non vengano prese."
    },
    {
      "id": 10606,
      "name": "[Stagione 6] ScheggiaEgo di Hong Lu",
      "desc": "Usata per comprare le Identità ed E.G.O di Hong Lu e Filo dalla Dispensa",
      "flavor": "Momenti sfuggenti da qualunque punto della vita del Peccatore condensati in forma fisica. Le schegge fluttuano in aria.\nLe possibilità sono cosa effimera; vagano nel regno delle possibilità a meno che non vengano prese."
    },
    {
      "id": 10706,
      "name": "[Stagione 6] ScheggiaEgo di Heathcliff",
      "desc": "Usata per comprare le Identità ed E.G.O di Heathcliff e Filo dalla Dispensa",
      "flavor": "Momenti sfuggenti da qualunque punto della vita del Peccatore condensati in forma fisica. Le schegge fluttuano in aria.\nLe possibilità sono cosa effimera; vagano nel regno delle possibilità a meno che non vengano prese."
    },
    {
      "id": 10806,
      "name": "[Stagione 6] ScheggiaEgo di Ishmael",
      "desc": "Usata per comprare le Identità ed E.G.O di Ishmael e Filo dalla Dispensa",
      "flavor": "Momenti sfuggenti da qualunque punto della vita della Peccatrice condensati in forma fisica. Le schegge fluttuano in aria.\nLe possibilità sono cosa effimera; vagano nel regno delle possibilità a meno che non vengano prese."
    },
    {
      "id": 10906,
      "name": "[Stagione 6] ScheggiaEgo di Rodion",
      "desc": "Usata per comprare le Identità ed E.G.O di Rodion e Filo dalla Dispensa",
      "flavor": "Momenti sfuggenti da qualunque punto della vita della Peccatrice condensati in forma fisica. Le schegge fluttuano in aria.\nLe possibilità sono cosa effimera; vagano nel regno delle possibilità a meno che non vengano prese."
    },
    {
      "id": 11006,
      "name": "[Stagione 6] ScheggiaEgo di Sinclair",
      "desc": "Usata per comprare le Identità ed E.G.O di Sinclair e Filo dalla Dispensa",
      "flavor": "Momenti sfuggenti da qualunque punto della vita del Peccatore condensati in forma fisica. Le schegge fluttuano in aria.\nLe possibilità sono cosa effimera; vagano nel regno delle possibilità a meno che non vengano prese."
    },
    {
      "id": 11106,
      "name": "[Stagione 6] ScheggiaEgo di Outis",
      "desc": "Usata per comprare le Identità ed E.G.O di Outis e Filo dalla Dispensa",
      "flavor": "Momenti sfuggenti da qualunque punto della vita della Peccatrice condensati in forma fisica. Le schegge fluttuano in aria.\nLe possibilità sono cosa effimera; vagano nel regno delle possibilità a meno che non vengano prese."
    },
    {
      "id": 11206,
      "name": "[Stagione 6] ScheggiaEgo di Gregor",
      "desc": "Usata per comprare le Identità ed E.G.O di Gregor e Filo dalla Dispensa",
      "flavor": "Momenti sfuggenti da qualunque punto della vita del Peccatore condensati in forma fisica. Le schegge fluttuano in aria.\nLe possibilità sono cosa effimera; vagano nel regno delle possibilità a meno che non vengano prese."
    },
    {
      "id": 12006,
      "name": "[Stagione 6] Scheggia Universale per Legame ed Intreccio",
      "desc": "Usata per aumentare il Legame delle Identità e il Grado Intreccio degli E.G.O di tutti i Peccatori.",
      "flavor": "Una scheggia universale che può essere usata per aumentare il Legame delle Identità e il Grado Intreccio degli E.G.O di tutti i Peccatori.\nQueste schegge, tuttavia, non possono essere usate per dispensare Identità o E.G.O, a prescindere da quanti se ne ottengano.\n'Queste schegge sono il risultato della nostra ricerca sulla natura omnitrasformativa dei Rami Dorati; possono essere usati per riempire qualsiasi abisso o mondi degli specchi. Eh? Estrazioni? Assolutamente no. La sua natura unica ed adatta a tutti i mondi fa' sì che non possa essere fatta *per un mondo* in particolare, no? - LCA, Ricercatore Capo del Dipartimento di Osservazione del Mondo Specchio'"
    },
    {
      "id": 10006,
      "name": "Stagione 6 - ScheggiaEgo di [Peccatore Selezionato]",
      "desc": "재화 등장 확률 상세 표시용(name 만 번역해주세요)",
      "flavor": ""
    }
  ]
}
