{
  "dataList": [
    {
      "id": 109,
      "name": "[Season 6] 3★ Guarantee Decaextraction Ticket",
      "desc": "Can be used to perform 10 extractions where one 3★ Identity from [Season 6] is guaranteed to appear.",
      "flavor": "A special ticket with a mark on it. It can extract an Identity from a world of unlikely possibilities with certainty. The paper is fiercely beating and pulsing."
    },
    {
      "id": 1106,
      "name": "[Season 6] Egoshard Crate",
      "desc": "Open to receive 1-3 Egoshards of random Sinners.",
      "flavor": "Egoshards were randomly harvested and stored in these boxes. Its contents are a mystery.\nWhen you hold one in a quiet place, you can hear small fusses."
    },
    {
      "id": 1206,
      "name": "[Season 6] Nominable Egoshard Crate",
      "desc": "Open to receive 1-3 Egoshards of a Sinner of choice.",
      "flavor": "A crate that yields Egoshards of a Sinner you choose.\nAccording to Faust, the crate's content is determined once the manager makes their decision."
    },
    {
      "id": 10106,
      "name": "[Season 6] Yi Sang’s Egoshard",
      "desc": "Used for purchasing Yi Sang’s Identities, E.G.O, and Thread from the Dispenser.",
      "flavor": "Fleeting moments from any point within the Sinner’s lifetime, condensed into physical form. The shards float in the air.\nPossibilities are transient things; they drift in the realm of uncertainty unless seized."
    },
    {
      "id": 10206,
      "name": "[Season 6] Faust’s Egoshard",
      "desc": "Used for purchasing Faust’s Identities, E.G.O, and Thread from the Dispenser.",
      "flavor": "Fleeting moments from any point within the Sinner’s lifetime, condensed into physical form. The shards float in the air.\nPossibilities are transient things; they drift in the realm of uncertainty unless seized."
    },
    {
      "id": 10306,
      "name": "[Season 6] Don Quixote’s Egoshard",
      "desc": "Used for purchasing Don Quixote’s Identities, E.G.O, and Thread from the Dispenser.",
      "flavor": "Fleeting moments from any point within the Sinner’s lifetime, condensed into physical form. The shards float in the air.\nPossibilities are transient things; they drift in the realm of uncertainty unless seized."
    },
    {
      "id": 10406,
      "name": "[Season 6] Ryōshū’s Egoshard",
      "desc": "Used for purchasing Ryōshū’s Identities, E.G.O, and Thread from the Dispenser.",
      "flavor": "Fleeting moments from any point within the Sinner’s lifetime, condensed into physical form. The shards float in the air.\nPossibilities are transient things; they drift in the realm of uncertainty unless seized."
    },
    {
      "id": 10506,
      "name": "[Season 6] Meursault’s Egoshard",
      "desc": "Used for purchasing Meursault’s Identities, E.G.O, and Thread from the Dispenser.",
      "flavor": "Fleeting moments from any point within the Sinner’s lifetime, condensed into physical form. The shards float in the air.\nPossibilities are transient things; they drift in the realm of uncertainty unless seized."
    },
    {
      "id": 10606,
      "name": "[Season 6] Hong Lu’s Egoshard",
      "desc": "Used for purchasing Hong Lu’s Identities, E.G.O, and Thread from the Dispenser.",
      "flavor": "Fleeting moments from any point within the Sinner’s lifetime, condensed into physical form. The shards float in the air.\nPossibilities are transient things; they drift in the realm of uncertainty unless seized."
    },
    {
      "id": 10706,
      "name": "[Season 6] Heathcliff’s Egoshard",
      "desc": "Used for purchasing Heathcliff’s Identities, E.G.O, and Thread from the Dispenser.",
      "flavor": "Fleeting moments from any point within the Sinner’s lifetime, condensed into physical form. The shards float in the air.\nPossibilities are transient things; they drift in the realm of uncertainty unless seized."
    },
    {
      "id": 10806,
      "name": "[Season 6] Ishmael’s Egoshard",
      "desc": "Used for purchasing Ishmael’s Identities, E.G.O, and Thread from the Dispenser.",
      "flavor": "Fleeting moments from any point within the Sinner’s lifetime, condensed into physical form. The shards float in the air.\nPossibilities are transient things; they drift in the realm of uncertainty unless seized."
    },
    {
      "id": 10906,
      "name": "[Season 6] Rodion's Egoshard",
      "desc": "Used for purchasing Rodion’s Identities, E.G.O, and Thread from the Dispenser.",
      "flavor": "Fleeting moments from any point within the Sinner’s lifetime, condensed into physical form. The shards float in the air.\nPossibilities are transient things; they drift in the realm of uncertainty unless seized."
    },
    {
      "id": 11006,
      "name": "[Season 6] Sinclair’s Egoshard",
      "desc": "Used for purchasing Sinclair’s Identities, E.G.O, and Thread from the Dispenser.",
      "flavor": "Fleeting moments from any point within the Sinner’s lifetime, condensed into physical form. The shards float in the air.\nPossibilities are transient things; they drift in the realm of uncertainty unless seized."
    },
    {
      "id": 11106,
      "name": "[Season 6] Outis’s Egoshard",
      "desc": "Used for purchasing Outis’s Identities, E.G.O, and Thread from the Dispenser.",
      "flavor": "Fleeting moments from any point within the Sinner’s lifetime, condensed into physical form. The shards float in the air.\nPossibilities are transient things; they drift in the realm of uncertainty unless seized."
    },
    {
      "id": 11206,
      "name": "[Season 6] Gregor’s Egoshard",
      "desc": "Used for purchasing Gregor’s Identities, E.G.O, and Thread from the Dispenser.",
      "flavor": "Fleeting moments from any point within the Sinner’s lifetime, condensed into physical form. The shards float in the air.\nPossibilities are transient things; they drift in the realm of uncertainty unless seized."
    },
    {
      "id": 12006,
      "name": "Season 6 Uptie & Threadspinning only Shard (Universal)",
      "desc": "Can be used to Uptie Identities and Threadspin E.G.O for all Sinners.",
      "flavor": "A universal shard that can be used to Uptie or Threadspin Identities & E.G.O for all Sinners.\nHowever, these shards cannot be used to extract Identities or E.G.O, no matter how many of these shards one collects.\n'These shards are products of our research into the omnitransformative nature of Golden Boughs; it can be used to fill any fathoms or worlds of mirrors. Huh? Extractions? Of course not. Its one-size-fits-all-worlds nature would mean that it obviously cannot have been made *for* any specific world, right? - LCA Mirror World Observatorium Department Chief Researcher'"
    },
    {
      "id": 10006,
      "name": "Season 6 [Selected Sinner]’s Egoshard",
      "desc": "재화 등장 확률 상세 표시용(name 만 번역해주세요)",
      "flavor": ""
    }
  ]
}