{
  "dataList": [
    {
      "id": "mainui_main_button0",
      "content": "Finestra"
    },
    {
      "id": "mainui_main_button1",
      "content": "Peccatori"
    },
    {
      "id": "mainui_main_button2",
      "content": "Teatro"
    },
    {
      "id": "mainui_main_button3",
      "content": "Guida"
    },
    {
      "id": "mainui_main_button4",
      "content": "Estrazione"
    },
    {
      "id": "mainui_main_button5",
      "content": "Dispensa"
    },
    {
      "id": "mainui_main_exp",
      "content": "ESP"
    },
    {
      "id": "mainui_main_stamina",
      "content": "Stamina"
    },
    {
      "id": "mainui_main_enkephalin",
      "content": "Encefalina"
    },
    {
      "id": "mainui_main_madness",
      "content": "Follia"
    },
    {
      "id": "mainui_battleselection_everydungeon",
      "content": "Dungeon Specchio"
    },
    {
      "id": "mainui_stageinfo_recommendlevel",
      "content": "Difficoltà"
    },
    {
      "id": "mainui_stageinfo_enemyinfo",
      "content": "Info Nemici"
    },
    {
      "id": "mainui_stageinfo_exclearcondition",
      "content": "Obiettivo EX"
    },
    {
      "id": "mainui_stageinfo_statinfo",
      "content": "Stato"
    },
    {
      "id": "mainui_stageinfo_resistinfo",
      "content": "Resistenze"
    },
    {
      "id": "mainui_stageinfo_enterbutton",
      "content": "Entra"
    },
    {
      "id": "mainui_stageinfo_dungeonclear",
      "content": "Obiettivi Principali"
    },
    {
      "id": "mainui_sinners_battleannouncer",
      "content": "Annunciatore"
    },
    {
      "id": "mainui_sinners_dante",
      "content": "Dante"
    },
    {
      "id": "mainui_sinners_decklist",
      "content": "LISTA MAZZI"
    },
    {
      "id": "mainui_sinners_deck",
      "content": "Mazzo"
    },
    {
      "id": "mainui_sinners_passive",
      "content": "PASSIVE"
    },
    {
      "id": "mainui_sinners_egoresource",
      "content": "AFFINITÀ"
    },
    {
      "id": "mainui_sinners_participant",
      "content": "Seleziona Partecipanti"
    },
    {
      "id": "mainui_sinners_startbattle",
      "content": "Combattiamo!"
    },
    {
      "id": "mainui_common_personality",
      "content": "Identità"
    },
    {
      "id": "mainui_common_filter",
      "content": "Filtra"
    },
    {
      "id": "mainui_common_state",
      "content": "Corrente"
    },
    {
      "id": "mainui_common_sort",
      "content": "Ordina"
    },
    {
      "id": "mainui_sinners_unequipego",
      "content": "Non equipaggiato"
    },
    {
      "id": "mainui_skip_desc",
      "content": "Voi veramente saltare?"
    },
    {
      "id": "mainui_battleresult_reward",
      "content": "Ricompense"
    },
    {
      "id": "mainui_battleresult_exclearreward",
      "content": "Ricompense EX"
    },
    {
      "id": "mainui_battleresult_statistics",
      "content": "Grafico Danni"
    },
    {
      "id": "mainui_ok",
      "content": "Conferma"
    },
    {
      "id": "mainui_battleresult_victory",
      "content": "Vittoria"
    },
    {
      "id": "mainui_battleresult_defeat",
      "content": "Sconfitta"
    },
    {
      "id": "mainui_battleresult_return",
      "content": "Rimborso"
    },
    {
      "id": "mainui_battleresult_hint",
      "content": "Suggerimento"
    },
    {
      "id": "mainui_page",
      "content": "Pg. {0}"
    },
    {
      "id": "mainui_cancel",
      "content": "Annulla"
    },
    {
      "id": "mainui_select",
      "content": "Seleziona"
    },
    {
      "id": "mainui_select_finished",
      "content": "Finalizza"
    },
    {
      "id": "mainui_grade",
      "content": "Nodo {0}"
    },
    {
      "id": "mainui_floor",
      "content": "Piano {0}"
    },
    {
      "id": "mainui_main_enkephalin_Box",
      "content": "Cassa di Encefalina"
    },
    {
      "id": "mainui_main_own_count",
      "content": "<size=80%>In Possesso</size>"
    },
    {
      "id": "mainui_mirror_entrance_entry",
      "content": "{0}\nVuoi entrare?"
    },
    {
      "id": "mainui_mirror_entrance_progressing",
      "content": "{0} procede."
    },
    {
      "id": "mainui_mirror_entrance_re_entry",
      "content": "Vuoi rientrare nel dungeon?"
    },
    {
      "id": "mainui_mirror_entrance_quit",
      "content": "Vuoi smettere di esplorare il dungeon?"
    },
    {
      "id": "mainui_mirror_entrance_quit_former",
      "content": "Rinuncia ai progressi nell'esplorazione precedenti?"
    },
    {
      "id": "mainui_mirror_entrance_warning",
      "content": "※ I Moduli di Encefalina spesi non saranno restituiti."
    },
    {
      "id": "mainui_proress",
      "content": "Procedi"
    },
    {
      "id": "mainui_stop",
      "content": "Fermati"
    },
    {
      "id": "mainui_next",
      "content": "Avanti"
    },
    {
      "id": "mainui_ego_list",
      "content": "Lista E.G.O"
    },
    {
      "id": "mainui_personality_list",
      "content": "Lista Identità"
    },
    {
      "id": "mainui_acquired_reward",
      "content": "Ricompense Ottenute"
    },
    {
      "id": "mainui_dungeon_finished",
      "content": "Interrompi Esplorazione"
    },
    {
      "id": "mainui_category",
      "content": "Legenda"
    },
    {
      "id": "mainui_stats_hp",
      "content": "PV"
    },
    {
      "id": "mainui_stats_speed",
      "content": "VEL"
    },
    {
      "id": "mainui_stats_defense",
      "content": "Livello Difensivo"
    },
    {
      "id": "mainui_upgrade",
      "content": "Aumento Livello"
    },
    {
      "id": "mainui_mirror_select_ego",
      "content": "Agli E.G.O"
    },
    {
      "id": "mainui_mirror_opening",
      "content": "Aperto"
    },
    {
      "id": "mainui_simulation",
      "content": "Simulazione"
    },
    {
      "id": "mainui_untill",
      "content": "Scadenza"
    },
    {
      "id": "mainui_free",
      "content": "<size=95%>Gratuita</size>"
    },
    {
      "id": "mainui_paid",
      "content": "Pagata"
    },
    {
      "id": "mainui_support",
      "content": "Supporto"
    },
    {
      "id": "mainui_gacha_rateinfo",
      "content": "Probabilità"
    },
    {
      "id": "mainui_gacha_history",
      "content": "Cronologia Estrazione"
    },
    {
      "id": "mainui_gacha_daliynotice",
      "content": "Si resetta ogni giorno alle {0}:00"
    },
    {
      "id": "mainui_gacha_alreadyusedgacha",
      "content": "Quota Giornaliera Esaurita"
    },
    {
      "id": "mainui_gacha_extract1",
      "content": "Estrai 1"
    },
    {
      "id": "mainui_gacha_extract10",
      "content": "Estrai 10"
    },
    {
      "id": "mainui_open_battlepass",
      "content": "Il Pass Battaglia è sbloccato!"
    },
    {
      "id": "mainui_grade_without_space",
      "content": "Passo {0}"
    },
    {
      "id": "mainui_type",
      "content": "Tipo"
    },
    {
      "id": "mainui_level_unit",
      "content": "{0}★"
    },
    {
      "id": "mainui_Change_lobby_illust",
      "content": "Cambia Illustrazione"
    },
    {
      "id": "mainui_lobby_illust_acquisition_method",
      "content": "Condizioni di Sblocco:"
    },
    {
      "id": "mainui_networkingerror_content",
      "content": "La connessione è instabile.\nPrego controllare la sua connessione Internet."
    },
    {
      "id": "mainui_networkingerror_close",
      "content": "Chiudi"
    },
    {
      "id": "mainui_networkingerror_retry",
      "content": "Riprova"
    },
    {
      "id": "mainui_event_notice",
      "content": "Avvisi Eventi"
    },
    {
      "id": "mainui_system_notice",
      "content": "Avvisi Sistema"
    },
    {
      "id": "mainui_team",
      "content": "Squadra"
    },
    {
      "id": "mainui_cost",
      "content": "Costo"
    },
    {
      "id": "mainui_dungeon_progress_rate",
      "content": "Progressi nel Dungeon"
    },
    {
      "id": "mainui_guaranteed_reward",
      "content": "Ricompense"
    },
    {
      "id": "mainui_select_reward",
      "content": "Ricompense Opzionali"
    },
    {
      "id": "mainui_battle_pass_exp",
      "content": "ESP Pass Battaglia"
    },
    {
      "id": "mainui_enforce_ticket",
      "content": "Biglietti Miglior."
    },
    {
      "id": "mainui_reward_random_box",
      "content": "Casse di ScheggieEgo"
    },
    {
      "id": "mainui_reward_select_box",
      "content": "Casse di ScheggieEgo Nominabili"
    },
    {
      "id": "mainui_manaUsage",
      "content": "Costo in Sanità"
    },
    {
      "id": "mainui_abnormality_analysis_level",
      "content": "Livello Attuale"
    },
    {
      "id": "mainui_analysis",
      "content": "Intreccia"
    },
    {
      "id": "mainui_abnormality_analysis",
      "content": "Intreccia E.G.O"
    },
    {
      "id": "mainui_receive",
      "content": "Ricevi"
    },
    {
      "id": "mainui_dungeon_finished_reward",
      "content": "Ricompense Esplorazione"
    },
    {
      "id": "mainui_passive",
      "content": "Passive"
    },
    {
      "id": "mainui_support_passive",
      "content": "Supporto"
    },
    {
      "id": "mainui_synchronization",
      "content": "Aumenta Legame"
    },
    {
      "id": "mainui_personality_synchronization_level",
      "content": "Grado Intreccio"
    },
    {
      "id": "mainui_owned",
      "content": "<size=75%>In Possesso</size>"
    },
    {
      "id": "mainui_growth_level_limited",
      "content": "Non utilizzabile al Lv. {0}+"
    },
    {
      "id": "mainui_stats_attack",
      "content": "ATT"
    },
    {
      "id": "mainui_mailbox_receive_all",
      "content": "Ricevi Tutto"
    },
    {
      "id": "mainui_mailbox_receive_history",
      "content": "Cronologia"
    },
    {
      "id": "mainui_remain_days",
      "content": "{0} giorni rimasti"
    },
    {
      "id": "mainui_mail_remains_count",
      "content": "Cassetta"
    },
    {
      "id": "mainui_mail_warning",
      "content": "※ Capacità Massima: 100 - La posta scaduta verrà <color=#990000>cancellata</color>."
    },
    {
      "id": "mainui_mail_warning2",
      "content": "※ Gli oggetti ritirati dalla cassetta delle lettere possono subire delle restrizioni sull'annullamento."
    },
    {
      "id": "main_information",
      "content": "Info"
    },
    {
      "id": "main_until",
      "content": "Scadenza"
    },
    {
      "id": "mainui_synchronization_grade",
      "content": "Grado Legame"
    },
    {
      "id": "mainui_organization",
      "content": "SQUADRA"
    },
    {
      "id": "story_ui_log_popup",
      "content": "Registro"
    },
    {
      "id": "mail_box_attachments",
      "content": "Contenuto"
    },
    {
      "id": "mail_box_unseal_result",
      "content": "Pacchetto Ricevuto"
    },
    {
      "id": "item_use_result",
      "content": "Oggetto Usato"
    },
    {
      "id": "giving_up_story_dungeon_title",
      "content": "Abbandona il Dungeon Storia"
    },
    {
      "id": "giving_up_story_dungeon_content",
      "content": "Al momento stai esplorando il Dungeon Storia dell'Episodio {0}.\nAbbandonare i progressi ed entrare in un nuovo dungeon?"
    },
    {
      "id": "mainui_all",
      "content": "Tutto"
    },
    {
      "id": "mainui_opened",
      "content": "Apri"
    },
    {
      "id": "mainui_not_opened",
      "content": "Chiuso"
    },
    {
      "id": "mainui_buy",
      "content": "Conferma"
    },
    {
      "id": "mainui_use",
      "content": "Usa"
    },
    {
      "id": "mainui_consume",
      "content": "Consumabile"
    },
    {
      "id": "mainui_currencies",
      "content": "Risorse"
    },
    {
      "id": "mainui_inventory",
      "content": "Inventario"
    },
    {
      "id": "mainui_awaken_requirement_amount",
      "content": "Richieste Risorse"
    },
    {
      "id": "mainui_passive_skill_addition",
      "content": "Passive Sbloccate"
    },
    {
      "id": "mainui_ego_awaken_skill_reinforcement",
      "content": "Attivazione E.G.O Migliorato"
    },
    {
      "id": "mainui_ego_erosion_skill_reinforcement",
      "content": "Corrosione E.G.O Migliorata"
    },
    {
      "id": "mainui_lack_of_material_amount",
      "content": "Filo Mancante."
    },
    {
      "id": "mainui_move",
      "content": "Vai"
    },
    {
      "id": "mainui_move_to_twine_store",
      "content": "Scheggie::Scambia Filo"
    },
    {
      "id": "mainui_move_to_twine_store_question",
      "content": "Filo Insufficente.\nVai a Scheggie::Scambia Filo?"
    },
    {
      "id": "mainui_confirm_of_purchased_twine",
      "content": "Convertire in {0} Filo?"
    },
    {
      "id": "mainui_result_of_purchased_twine",
      "content": "Ottenuto {0} Filo."
    },
    {
      "id": "mainui_personality_awaken_completion",
      "content": "Legame Identità Migliorato"
    },
    {
      "id": "mainui_ego_awaken_completion",
      "content": "E.G.O Intrecciato"
    },
    {
      "id": "mainui_new_skill_acquisition",
      "content": "Nuova Abilità: [{0}]"
    },
    {
      "id": "mainui_new_passive_skill_acquisition",
      "content": "Nuova Passiva: [{0}]"
    },
    {
      "id": "mainui_new_battle_passive_acquisition",
      "content": "Nuova Passiva di Combattimento: [{0}]"
    },
    {
      "id": "mainui_new_support_passive_acquisition",
      "content": "Nuova Passiva di Supporto: [{0}]"
    },
    {
      "id": "mainui_skill_reinforcement",
      "content": "Abilità Migliorate: [{0}]"
    },
    {
      "id": "mainui_unlock_personality_story",
      "content": "Storia di [{0}] Sbloccata"
    },
    {
      "id": "mainui_ego_awaken_skill_name_reinforcement",
      "content": "Attivazione E.G.O di [{0}] Migliorato"
    },
    {
      "id": "mainui_ego_erosion_skill_name_reinforcement",
      "content": "Corrosione E.G.O di [{0}] Migliorata"
    },
    {
      "id": "mainui_specific_level_achievement",
      "content": "Raggiungi Lv. {0}"
    },
    {
      "id": "mainui_personality_awaken_level_up_condition",
      "content": "Legame Grado {0} Requirements"
    },
    {
      "id": "mainui_battle_passsive_addition",
      "content": "Passiva di Combattimento Sbloccata"
    },
    {
      "id": "mainui_support_passsive_addition",
      "content": "Passiva di Combattimento Sbloccata"
    },
    {
      "id": "mainui_check_purchase",
      "content": "Conferma Acquisto"
    },
    {
      "id": "mainui_acquire_banner",
      "content": "Banner Acquisito"
    },
    {
      "id": "mainui_purchase_complete",
      "content": "Acquistato"
    },
    {
      "id": "mainui_activation",
      "content": "ATTIVATO"
    },
    {
      "id": "mainui_ask_purchase_enkephalin",
      "content": "Non hai abbastanza Encefalina.\nVuoi ricaricarla?"
    },
    {
      "id": "mainui_ask_purchase_enkephalin_box",
      "content": "Non hai abbastanza Casse di Encefalina.\nVuoi comprarne qualcuna?"
    },
    {
      "id": "mainui_rewatching-stage-story",
      "content": "Rileggi Storia"
    },
    {
      "id": "mainui_before_battle",
      "content": "Pre-combattimento"
    },
    {
      "id": "mainui_after_battle",
      "content": "Post-combattimento"
    },
    {
      "id": "mainui_story",
      "content": "Storia"
    },
    {
      "id": "Get_Reward",
      "content": "Ricompense Ottenute"
    },
    {
      "id": "mainui_user_exp",
      "content": "ESP Manager"
    },
    {
      "id": "mainui_chapter_progress",
      "content": "<size=80%>Progressi</size>"
    },
    {
      "id": "mainui_ex_clear_progress",
      "content": "EX Completate"
    },
    {
      "id": "mainui_notice_spend_free_lunacy_first",
      "content": "※ Viene usata prima la Follia gratuita."
    },
    {
      "id": "mainui_notice_require_lunacy",
      "content": "※ Follia insufficente."
    },
    {
      "id": "mainui_progress_of_spend",
      "content": "Spendere {0} per procedere con {1}?"
    },
    {
      "id": "game_setting",
      "content": "Configura"
    },
    {
      "id": "level",
      "content": "Livello"
    },
    {
      "id": "name",
      "content": "Nome"
    },
    {
      "id": "order_of_acquisition",
      "content": "Recenti"
    },
    {
      "id": "tolerance",
      "content": "Debolezza"
    },
    {
      "id": "outstanding_staff",
      "content": "Miglior Impiegato"
    },
    {
      "id": "total_damage_contribution",
      "content": "Danni Contribuiti"
    },
    {
      "id": "deal_damage",
      "content": "Inflitti"
    },
    {
      "id": "taken_damage",
      "content": "Subiti"
    },
    {
      "id": "user_level_up_notice",
      "content": "Livello Manager Aumentato!"
    },
    {
      "id": "increase_maxium_enkephalin",
      "content": "Capacità Encefalina MAX Aumentata!"
    },
    {
      "id": "recharge_enkephalin_notice",
      "content": "L'Encefalina si è ricaricata."
    },
    {
      "id": "gacha_extract_multiple",
      "content": "Estrai {0}"
    },
    {
      "id": "number_of_times",
      "content": "Volta/e"
    },
    {
      "id": "number_of_remain_extract_times",
      "content": "Estrazioni Rimaste"
    },
    {
      "id": "notice_of_remain_extract_chance",
      "content": "Identità 3★ o E.G.O assicurati in {0} Estrazioni"
    },
    {
      "id": "mainui_settings",
      "content": "Opzioni"
    },
    {
      "id": "mainui_environment_settings",
      "content": "Opzioni"
    },
    {
      "id": "mainui_back",
      "content": "Indietro"
    },
    {
      "id": "mainui_quit_game",
      "content": "Chiudi Gioco"
    },
    {
      "id": "mainui_acquisition",
      "content": "In Possesso"
    },
    {
      "id": "mainui_not_acquisition",
      "content": "Non In Possesso"
    },
    {
      "id": "mainui_no_record",
      "content": "Nessun Dato Disponibile"
    },
    {
      "id": "resume",
      "content": "Riprendi"
    },
    {
      "id": "mainui_entering",
      "content": "Entra"
    },
    {
      "id": "mainui_open_after_clear",
      "content": "Completa il Cap. {0} per Sbloccare"
    },
    {
      "id": "mainui_organization_sharp",
      "content": "Squadra #{0}"
    },
    {
      "id": "mainui_participant_count",
      "content": "Modifica Squadra"
    },
    {
      "id": "mainui_edit",
      "content": "Modifica"
    },
    {
      "id": "mainui_unlock_condition_by_personality_awaken_level",
      "content": "Sbloccato al Livello {0}"
    },
    {
      "id": "skill_growth_value",
      "content": "Crescita"
    },
    {
      "id": "gacha_history_notice",
      "content": "※ Vengono visualizzati fino a {1} estrazioni negli ultimi {0} giorni."
    },
    {
      "id": "gacha_history_empty",
      "content": "Cronologia Estrazioni Vuota."
    },
    {
      "id": "own",
      "content": "<size=80%>In Possesso</size>"
    },
    {
      "id": "gacha_category",
      "content": "Categoria"
    },
    {
      "id": "gacha_time",
      "content": "Data"
    },
    {
      "id": "used_currencies",
      "content": "Risorse Usate"
    },
    {
      "id": "mainui_ask_purchase_enkephalin_module",
      "content": "Non hai abbastanza Moduli di Encefalina.\nVuoi assemblarne?"
    },
    {
      "id": "list",
      "content": "Lista"
    },
    {
      "id": "rank",
      "content": "Rarità"
    },
    {
      "id": "probability",
      "content": "Probabilità"
    },
    {
      "id": "gacha_rate_label",
      "content": "Probabilità Estrazione"
    },
    {
      "id": "gacha_rate_title_ten1",
      "content": "[10 Estrazioni (1a-9a)]: Stesse probabilità di [1 Estrazione]"
    },
    {
      "id": "gacha_rate_title_ten2",
      "content": "[10 Estrazioni (10a)]"
    },
    {
      "id": "gacha_rate_info_intro1",
      "content": "Secondo le「Regole Guida per Moderazione Volontaria della Associazione dell'Industria dei Giochi Coreana」, le probabilità dettagliate per oggetti legati al caso sono divulgate qui.\n\nLe probabilità undividuali sono arrotondate in su dalla quinta cifra dopo la virgola. La somma totale si applica come 100%."
    },
    {
      "id": "gacha_rate_info_intro2",
      "content": "In [10 Estrazioni], almeno una Identità di rarità 2★ or sopra verrrà estratta.\n\nLa tabella per la 10a estrazione è la seguente:"
    },
    {
      "id": "gacha_rate_info_ego1",
      "content": "Quella sotto è la lista di Identità e E.G.O che puoi ottenere secondo le probabilità menzionate in precedenza.\n\nLa lista potrebbe cambiare in alcune stagioni; i cambiamenti in arrivo alle tabelle delle ricompense saranno annunciati in anticipo."
    },
    {
      "id": "gacha_rate_info_ego2",
      "content": "<b>L'E.G.O è estratto senza ripetizioni; E.G.O acquisito in qualunque modo, incluse Estrazione, Dispensa, e ricevuto dalla cassetta delle lettere, verrà escluso dalla lista di Estrazioni.</b>\n\nFinchè dell'E.G.O rimane nella lista di risultati possibili, le probabilità di estrarre E.G.O in Estrazione non cambiano. Perciò le probabilità di acquisire specifici E.G.O aumentano con più estrazioni effettuate."
    },
    {
      "id": "gacha_rate_info_complete1",
      "content": "Se non ci sono E.G.O rimasti nella lista poichè l'utente li ha già acquisiti tutti, la probabilità per [1 Estrazione] e [10 Estrazioni] cambieranno nel modo seguente:"
    },
    {
      "id": "gacha_rate_info_complete2",
      "content": "Nelle Estrazioni Mirate, alcune Identità e E.G.O hanno probabiltà di Estrazione più alte.\n\nLe Identià Obiettivo corrispondono al 50% delle probabilità delle rispettive rarità; le probabilità sono distribuite equalmente tra loro.\n\nLe altre 50% di probabilità sono distribuite equamente tra le Identità non Obiettivo nella lista."
    },
    {
      "id": "gacha_rate_info_complete3",
      "content": "Lo stesso si applica agli E.G.O Obiettivo.\n\nI cambi in probabilità per Estrazioni Mirate non influenzano la probabilità di apparire di oggetti di alcuni tipi e rarità."
    },
    {
      "id": "gacha_rate_info_piece1",
      "content": "★ ScheggieEgo\nQuando estrai un'Identità o E.G.O che possiedi già, riceverai delle ScheggieEgo del personaggio, la quantità dipende dalla rarità e tipo dell'oggetto."
    },
    {
      "id": "gacha_rate_info_piece2",
      "content": "Le ScheggieEgo possono essere usate solo per un certo periodo. Quando la data di scadenza arriva, il, 50% delle ScheggieEgo che possiedi saranno mantenute nella prossima stagione.\n\nLe ScheggieEgo rimaste saranno convertite in Filo."
    },
    {
      "id": "gacha_rate_info_piece3",
      "content": "Lo stesso si applica alle Casse di ScheggieEgo.\n\nI giocatori saranno avvisati del cambio di stagione in arrivo e la scadenza delle ScheggieEgo e Casse di ScheggieEgo qualche tempo prima della data di scadenza."
    },
    {
      "id": "personality_preview_notice",
      "content": "Le statistiche di questa Identità sono visualizzate a Livello e Grado Legame massimi."
    },
    {
      "id": "ego_preview_notice",
      "content": "L'E.G.O è visualizzato al suo Grado massimo."
    },
    {
      "id": "season_1",
      "content": "Stagione 1"
    },
    {
      "id": "commonly",
      "content": "Standard"
    },
    {
      "id": "notice_external_website",
      "content": "Vai ad un sito esterno."
    },
    {
      "id": "pass_level",
      "content": "Livello Pass"
    },
    {
      "id": "normal_reward",
      "content": "Ricompense Gratuite"
    },
    {
      "id": "limbus_pass_reward",
      "content": "Ricompense Limbus Pass"
    },
    {
      "id": "loading_battlehint",
      "content": "Suggerimenti"
    },
    {
      "id": "status_up",
      "content": "Statistiche Aumentate"
    },
    {
      "id": "active_skill_acquired",
      "content": "Abilità Sbloccata"
    },
    {
      "id": "active_skill_reinforcement",
      "content": "Abilità Migliorata"
    },
    {
      "id": "progress_ego_gacksung",
      "content": "Prosegui\nIntreccio"
    },
    {
      "id": "skill_with_index",
      "content": "Abilità {0}"
    },
    {
      "id": "mail_date",
      "content": "Data"
    },
    {
      "id": "mail_sender",
      "content": "Mittente"
    },
    {
      "id": "mail_history_notice",
      "content": "※ Fino a {0} oggetti ricevuti verranno mostrati nella cronologia."
    },
    {
      "id": "cant_receive_mail_all_tilte",
      "content": "Impossibile Ricevere"
    },
    {
      "id": "cant_receive_mail_all_main",
      "content": "Nulla da riscattare con Ricevi Tutto”"
    },
    {
      "id": "attached_item",
      "content": "Allegato"
    },
    {
      "id": "inventory_category_all",
      "content": "Tutto"
    },
    {
      "id": "inventory_category_normal",
      "content": "Risorse Base"
    },
    {
      "id": "inventory_category_consumable",
      "content": "Consumabili"
    },
    {
      "id": "inventory_category_pieces",
      "content": "ScheggieEgo"
    },
    {
      "id": "enkephalin_injection_complete",
      "content": "Encefalina Carica"
    },
    {
      "id": "purchase_impossible",
      "content": "Impossibile Acquistare"
    },
    {
      "id": "notice_not_enough_pieces",
      "content": "※ ScheggieEgo non sufficienti."
    },
    {
      "id": "buy_personaliy",
      "content": "Compra Identità"
    },
    {
      "id": "buy_ego",
      "content": "Compra E.G.O"
    },
    {
      "id": "not_enough_pieces",
      "content": "ScheggieEgo non sufficienti"
    },
    {
      "id": "basis",
      "content": "Base"
    },
    {
      "id": "skip_tutorial",
      "content": "Salta Tutorial"
    },
    {
      "id": "skip_tutorial_description",
      "content": "Vuoi veramente saltare il tutorial?"
    },
    {
      "id": "min_speed_upgrade",
      "content": "VEL Min. Su"
    },
    {
      "id": "max_speed_upgrade",
      "content": "VEL Max. Su"
    },
    {
      "id": "min_max_speed_upgrade",
      "content": "VEL Min. e Max. Su"
    },
    {
      "id": "mailbox",
      "content": "Posta"
    },
    {
      "id": "remain_days_label",
      "content": "Data Limite"
    },
    {
      "id": "extract_again",
      "content": "Estrai Ancora"
    },
    {
      "id": "ego_gift",
      "content": "Doni E.G.O"
    },
    {
      "id": "classification",
      "content": "Categoria"
    },
    {
      "id": "quantity",
      "content": "Quantità"
    },
    {
      "id": "appearance_probability",
      "content": "Probabilità"
    },
    {
      "id": "Individual_appearance_probability",
      "content": "Prob. Individuali"
    },
    {
      "id": "notice_sold_out",
      "content": "Tutto Esaurito"
    },
    {
      "id": "select_piece",
      "content": "Scegli ScheggieEgo"
    },
    {
      "id": "mail_item_warning",
      "content": "※ I rimborsi potrebbero essere limitati una volta ritirato l'articolo."
    },
    {
      "id": "mainui_unlock_condition_by_ego_awaken_level",
      "content": "Sbloccata al Grado {0}"
    },
    {
      "id": "empty_mailbox_notice",
      "content": "Niente da leggere."
    },
    {
      "id": "gacha_rate_detail",
      "content": "Probabilità"
    },
    {
      "id": "gacha_alarm_title",
      "content": "Estrazione in Corso"
    },
    {
      "id": "clear_specific_stage",
      "content": "Completa {0}"
    },
    {
      "id": "clear_main_chapter_stage",
      "content": "Completa Cap. {0}"
    },
    {
      "id": "ingredients",
      "content": "Oggetti"
    },
    {
      "id": "remote_download_return_title",
      "content": "È stato rilasciato un nuovo aggiornamento.\nStai per tornare alla schermata del titolo.\n\n※ Avviare il gioco subito dopo aver scaricato l'aggiornamento dallo schermo del titolo causerà un errore. Si prega di <b><color=#da0000><u><size=110%>\"chiudere e riavviare il gioco\"</size></u></color></b> prima di scaricare l'aggiornamento."
    },
    {
      "id": "battle_skip",
      "content": "Salta"
    },
    {
      "id": "ask_battle_skip",
      "content": "Vuoi saltare il combattimento?"
    },
    {
      "id": "notice_consumption_multiples",
      "content": "{0} costo x {1}"
    },
    {
      "id": "notice_additional_rewards",
      "content": "{0} Ricompense aggiuntive guadagnate"
    },
    {
      "id": "gacha_notice_exclude_ego",
      "content": "Questo banner Estrazione non include E.G.O"
    },
    {
      "id": "gacha_notice_single_season",
      "content": "Le identità 2★ e 3★ in questo banner Estrazione appartengono alla Stagione {0}."
    },
    {
      "id": "error_and_return_to_main",
      "content": "Si è verificato un errore.\nRitorno alla schermata del titolo."
    },
    {
      "id": "to_window",
      "content": "Alla Finestra"
    },
    {
      "id": "completion",
      "content": "Completa"
    },
    {
      "id": "event_in_progress",
      "content": "Evento Aperto"
    },
    {
      "id": "end_of_event",
      "content": "Evento Chiuso"
    },
    {
      "id": "gacha_rate_info_intro1_1a",
      "content": "Le probabilità per una singola Estrazione sono le seguenti."
    },
    {
      "id": "gacha_rate_info_intro1_1b",
      "content": "La tabella per un uso di {0} è la seguente."
    },
    {
      "id": "gacha_rate_info_intro1_1c",
      "content": "Quando usi {0}, puoi scegliere una risorsa seguente."
    },
    {
      "id": "package_info_detail1",
      "content": "Dopo aver scelto la risorsa, la tabella per l'acquisizione di varie quantità delle risorse selezionata usando {0} è la seguente."
    },
    {
      "id": "package_info_detail2",
      "content": "※ “{0}” nella tabella sotto è mostrato un esempio selezionando una delle risorse nella lista sopra."
    },
    {
      "id": "acquired_quantity",
      "content": "Quantità"
    },
    {
      "id": "name_of_currencies",
      "content": "Risorse"
    },
    {
      "id": "package_info_title",
      "content": "Dettagli Probabilità di Trovare Risorse"
    },
    {
      "id": "used_once",
      "content": "Uso Singolo"
    },
    {
      "id": "probability_details",
      "content": "Probabilità"
    },
    {
      "id": "be_in_use",
      "content": "In Uso"
    },
    {
      "id": "season_information",
      "content": "Guida Stagioni"
    },
    {
      "id": "announcer_selection_description",
      "content": "※ Se scegli 2 o più Annunciatori alla volta, il dialogo usato sarà casuale. (Max 10)"
    },
    {
      "id": "panic_type",
      "content": "Tipo di Panico"
    },
    {
      "id": "mental_strength",
      "content": "Sanità"
    },
    {
      "id": "mental_increase_condition",
      "content": "Fattori di base che aumentano Sanità"
    },
    {
      "id": "mental_decrease_condition",
      "content": "Fattori di base che diminuiscono Sanità"
    },
    {
      "id": "mental_low_morale_effect",
      "content": "Effetti di Morale Basso"
    },
    {
      "id": "mental_panic_effect",
      "content": "Effetti del Panico"
    },
    {
      "id": "open_scheduled_date_month_day",
      "content": "Si sbloccherà in {0}M {1}D (Mese/Giorno)"
    },
    {
      "id": "mainui_acquire_user_ticker_deco",
      "content": "Oggetto Ottenuto"
    },
    {
      "id": "last_battlepass_season_level",
      "content": "Livello Pass"
    },
    {
      "id": "season_end_notification",
      "content": "Avvertenza di Fine Stagione"
    },
    {
      "id": "season_start_notification",
      "content": "Avvertenza di Inizio Stagione"
    },
    {
      "id": "new_story_appeared_by_new_season",
      "content": "Storia Principale Aggiornata"
    },
    {
      "id": "collection_rate",
      "content": "Frequenza Collezione"
    },
    {
      "id": "season_n_personality",
      "content": "Identità Stagionali {0}"
    },
    {
      "id": "season_n_ego",
      "content": "E.G.O Stagionali {0}"
    },
    {
      "id": "season_n",
      "content": "Stagione {0}"
    },
    {
      "id": "new_season_former_piece_to_current_piece_desc",
      "content": "Una parte dei ScheggieEgo saranno mantenuti nella stagione corrente."
    },
    {
      "id": "new_season_former_piece_to_thread_desc",
      "content": "I ScheggieEgo non mantenuti si convertiranno in Filo."
    },
    {
      "id": "new_season_former_box_to_current_box_desc",
      "content": "Una parte delle Casse di ScheggieEgo (sia casuali che nominative) che possiedi saranno mantenute nella stagione corrente."
    },
    {
      "id": "new_season_former_box_to_thread_box",
      "content": "Le Casse di ScheggieEgo non mantenute si convertiranno in Casse di Filo."
    },
    {
      "id": "new_pass_appeared",
      "content": "Nuovo Pass Disponibile"
    },
    {
      "id": "get_not_acquired_rewards",
      "content": "Ricompense Non Ritirate Consegnate"
    },
    {
      "id": "items_changed_by_season_changed_desc",
      "content": "Le risorse della Stagione precedente si convertiranno alla stagione corrente."
    },
    {
      "id": "exchange",
      "content": "Scambio"
    },
    {
      "id": "notice_of_pity_system",
      "content": "Durante un banner, acquisirai lo 'Yisang' [Ideale] basato sul numero di estrazioni effettuate.\nCollezionandone abbastanza, lo puoi scambiare per un'Identità 3★ o E.G.O mostrati sul banner.\n\n※ L'Ideale non è condiviso tra banner; l'Ideale di ognuno è considerato una risorsa separata.\n※ Quando il banner finisce, l'Ideale rimasto sarà convertito in Filo."
    },
    {
      "id": "twine_store",
      "content": "Scheggie::Scambia Filo"
    },
    {
      "id": "pass",
      "content": "Pass"
    },
    {
      "id": "event",
      "content": "Evento"
    },
    {
      "id": "notice_of_pity_point_expiration",
      "content": "{1} Yisang [Ideale] di {0} è stato convertito in Filo."
    },
    {
      "id": "notice_of_pity_point_progress_or_not",
      "content": "Spendere 200 Yisang [Ideale] ed effettuare questo scambio?"
    },
    {
      "id": "notice_of_pity_point_progress_or_not_already_have",
      "content": "Hai già questa Identità. Scambiare 200 Yisang [Ideale] per 50 Frammenti di questo Peccatore?"
    },
    {
      "id": "open_date_description_month_day_time_zone",
      "content": "Sbloccato dopo l'aggiornamento del {0}/{1} ({2})"
    },
    {
      "id": "open_date_description_month_day_time_zone_date",
      "content": "{0}/{1} ({2})"
    },
    {
      "id": "open_date_description_month_day_time_zone_desc",
      "content": "Sbloccato dopo Aggiornamento"
    },
    {
      "id": "enkephalin_desc",
      "content": "Usata per entrare nelle Sezioni."
    },
    {
      "id": "not_exchangeable",
      "content": "Impossibile Scambiare"
    },
    {
      "id": "ego_already_have",
      "content": "E.G.O Già Posseduto"
    },
    {
      "id": "shortage_number_of_extractions",
      "content": "Servono Più Estrazioni"
    },
    {
      "id": "lack_of_formation_participation",
      "content": "In questo combattimento, possono combattere <color=#990000>fino a {0}</color> Peccatori."
    },
    {
      "id": "tutorial_formation_participation_add_title",
      "content": "Più Partecipanti"
    },
    {
      "id": "tutorial_formation_participation_add_desc",
      "content": "Alcune Sezioni potrebbero permettere ad un numero maggiore di Peccatori di particepare, rispetto alle precedenti. In questo caso, l'area 'Modifica Squadra' pulserà."
    },
    {
      "id": "could_not_select_friend_support_in_this_dungeon",
      "content": "Non puoi usare Identità di Supporto per {0} in questo dungeon."
    },
    {
      "id": "formation_force_participation_on",
      "content": "Membro Fisso"
    },
    {
      "id": "formation_force_participation_off",
      "content": "Membro Fisso Richiesto"
    },
    {
      "id": "formation_must_participate_specific_character",
      "content": "{0} deve partecipare."
    },
    {
      "id": "cannot_exit_node_after_enter_by_force_alice_character",
      "content": "Entrando, non potrai più spostarti in altri nodi del dungeon; {0} recupererà tutti i PV e avrà i PS resettati a 0.\nVuoi veramente procedere?"
    },
    {
      "id": "story_dungeon_4_first_open_popup_desc",
      "content": "Per questo dungeon, non puoi selezionare un'Identità di Supporto per Yi Sang. Yi Sang deve sempre partecipare ai combattimenti."
    },
    {
      "id": "attack_level",
      "content": "Livello Offensivo"
    },
    {
      "id": "defense_level",
      "content": "Livello Difensivo"
    },
    {
      "id": "personality_level",
      "content": "Livello Identità"
    },
    {
      "id": "enemy_level",
      "content": "Livello Nemico"
    },
    {
      "id": "cannot_enter",
      "content": "Non Puoi Entrare"
    },
    {
      "id": "lack_of_item_amount",
      "content": "Non Abbastanza {0}"
    },
    {
      "id": "required_count",
      "content": "Richieste"
    },
    {
      "id": "on_event_reward_grace_period",
      "content": "Periodo per Riscattare le Ricompense"
    },
    {
      "id": "user_level_maximum_notice",
      "content": "Raggiunto il Livello Massimo."
    },
    {
      "id": "user_level_limit_increase_notice",
      "content": "※ Il Livello Manager Massimo potrebbe aumentare in futuro."
    },
    {
      "id": "level_up",
      "content": "Aumenta"
    },
    {
      "id": "summary",
      "content": "Riassunto"
    },
    {
      "id": "abnormality_part_skill",
      "content": "Abilità Parte"
    },
    {
      "id": "awaken",
      "content": "Attivazione"
    },
    {
      "id": "erosion",
      "content": "Corrosione"
    },
    {
      "id": "formation_panel_detail",
      "content": "Dettagli"
    },
    {
      "id": "ego_cost",
      "content": "Risorse E.G.O"
    },
    {
      "id": "enable_count_for_battle",
      "content": "Limite Partecipanti"
    },
    {
      "id": "select_for_formation",
      "content": "Schiera Identità"
    },
    {
      "id": "edit_for_formation",
      "content": "Modifica Squadra"
    },
    {
      "id": "full_participated",
      "content": "Participanti Max"
    },
    {
      "id": "select_for_delete_participation",
      "content": "Ritira Identità"
    },
    {
      "id": "clear_reward",
      "content": "Ricompense Vittoria"
    },
    {
      "id": "event_information",
      "content": "Info Evento"
    },
    {
      "id": "notice_not_on_sales_period",
      "content": "※ Non acquistabile in questo periodo."
    },
    {
      "id": "pc_shortcut",
      "content": "Scorciatoie Tastiera PC"
    },
    {
      "id": "shortcut_manual_popup_title",
      "content": "Guida Scorciatoie Tastiera"
    },
    {
      "id": "new_dungeon_update_alarm",
      "content": "RILEVATA VOLATILITÀ PORTA SUL RETRO"
    },
    {
      "id": "buy_announcer",
      "content": "Compra Announciatore"
    },
    {
      "id": "label_require_paid_lunacy",
      "content": "※Non hai abbastanza Follia pagata."
    },
    {
      "id": "notice_require_paid_lunacy",
      "content": "Follia Pagata Insufficente"
    },
    {
      "id": "mainui_original",
      "content": "Precedente"
    },
    {
      "id": "open_after_clear_node",
      "content": "Completa {0}-{1} per Sbloccare"
    },
    {
      "id": "effect_list_to_applied_level",
      "content": "Effetti Livello Attivi"
    },
    {
      "id": "choice_event_effect",
      "content": "Effetto Scelta"
    },
    {
      "id": "ego_gift_effect_format",
      "content": "Effetto dono E.G.O「{0}」"
    },
    {
      "id": "mainui_previous",
      "content": "Precedente"
    },
    {
      "id": "formation_force_abstain",
      "content": "Non Schierabile"
    },
    {
      "id": "formation_view_detail",
      "content": "Dettagli"
    },
    {
      "id": "only_hyphen",
      "content": "-"
    },
    {
      "id": "first_time",
      "content": "Prima Volta"
    },
    {
      "id": "formation_Announcer_fixed",
      "content": "Fisso"
    },
    {
      "id": "gacha_rate_info_wa1",
      "content": "★ Cassa di Filo"
    },
    {
      "id": "gacha_rate_info_wa2",
      "content": "Ottenere un duplicato di un Annunciatore che possiedi lo convertirà in Casse di Filo.\n\nQueste Casse di Filo saranno conservate come sono la prossima stagione."
    },
    {
      "id": "login_scene_mini_story_warning_spoiler_format",
      "content": "Questa storia si verifica dopo il Capitolo della Storia Principale {0}. Vuoi comunque vedere la storia?"
    },
    {
      "id": "notice_of_pity_point_already_have_announcer",
      "content": "Hai già questo Annunciatore. Scambiare 200 Yisang [Ideale] per 50 Casse di Filo?"
    },
    {
      "id": "gacha_rate_info_announcer1",
      "content": "Quella sotto è la lista di Identità, E.G.O e Annunciatori che puoi ottenere secondo le probabilità menzionate in precedenza.\n\nLa lista potrebbe cambiare in alcune stagioni; i cambiamenti in arrivo alle tabelle delle ricompense saranno annunciati in anticipo."
    },
    {
      "id": "mainui_battleresult_ordeal_victory",
      "content": "Soppressione Completa"
    },
    {
      "id": "mainui_battleresult_ordeal_defeat",
      "content": "Soppressione Fallita"
    },
    {
      "id": "remain_exchange_count",
      "content": "Scorte Rimanenti"
    },
    {
      "id": "remains",
      "content": "Rimanente"
    },
    {
      "id": "everyday",
      "content": "Giornaliera"
    },
    {
      "id": "for_n_days",
      "content": "{0} Giorni"
    },
    {
      "id": "all_personalities",
      "content": "Tutte le Identità"
    },
    {
      "id": "leap_up_ticket_title",
      "content": "Seleziona Identità da Sollevare"
    },
    {
      "id": "leap_up_able_uptie_tier_and_level",
      "content": "Puoi aumentare il Grado Legame e Livello Identità"
    },
    {
      "id": "leap_up_able_uptie_tier",
      "content": "Puoi aumentare il Grado Legame"
    },
    {
      "id": "leap_up_able_level",
      "content": "Puoi aumentare il Livello Identità"
    },
    {
      "id": "leap_up_confim_title",
      "content": "Seleziona Identità"
    },
    {
      "id": "leap_up_confim_main",
      "content": "[{0}] Il grado Legame e Livello dell'Identità verrà cambiato come segue."
    },
    {
      "id": "leap_up_confim_caution_uptie",
      "content": "Il Grado Legame dell'Identità selezionata non può aumentare oltre."
    },
    {
      "id": "leap_up_confim_caution_level",
      "content": "Il Livello dell'Identità selezionata non può aumentare oltre."
    },
    {
      "id": "leap_up_confim_last_question",
      "content": "Usa <color=#F8C200>{0}</color>?"
    },
    {
      "id": "expiration_date",
      "content": "Periodo Disponibilità"
    },
    {
      "id": "unlink_account_title",
      "content": "Seleziona Account da Scollegare"
    },
    {
      "id": "unlink_account_current_account",
      "content": " Account Corrente"
    },
    {
      "id": "unlink_account_linked_account",
      "content": "Account Connessi"
    },
    {
      "id": "unlink_account_desc",
      "content": "Una volta che l'account viene scollegato, non potrai scollegarlo per {0} giorni."
    },
    {
      "id": "unlink_account_desc_unable_by_day",
      "content": "Scollegabile dopo {0}."
    },
    {
      "id": "unlink_account_complete_title",
      "content": "Account Scollegato"
    },
    {
      "id": "unlink_account_complete_desc",
      "content": "Scollegamento Account completo.\nRitorno allo schermo del titolo."
    },
    {
      "id": "mainui_stageinfo_effectiveAttribute",
      "content": "Affinità Efficaci"
    },
    {
      "id": "personality_level_limit_release_title",
      "content": "Liv. Max Identità Aumentato"
    },
    {
      "id": "personality_level_limit_release_desc",
      "content": "Il Livello max delle tue Identità è aumentato."
    },
    {
      "id": "mainui_sinners_startSuppress",
      "content": "Sopprimi"
    },
    {
      "id": "mainui_battleresult_AbnormalitySuppress_victory",
      "content": "Soppressione Anormalità Riuscita"
    },
    {
      "id": "mainui_battleresult_AbnormalitySuppress_defeat",
      "content": "Soppressione Anormalità Fallita"
    },
    {
      "id": "ui_text_unknown",
      "content": "Sconosciuto"
    },
    {
      "id": "buff_effect_for_level_format",
      "content": "「{0}」"
    },
    {
      "id": "unit_keyword",
      "content": "Tratti"
    },
    {
      "id": "formation_ask_clear_selection",
      "content": "Ripristinare Ordine Schieramento?"
    },
    {
      "id": "item_owned_count",
      "content": "(Posseduti : {0})"
    },
    {
      "id": "lunacy_owned_count_paid",
      "content": "(Pagata : {0}, Gratuita : {1})"
    },
    {
      "id": "lunacy_owned_count_free",
      "content": "(Pagata : {0}, Gratuita : {1})"
    },
    {
      "id": "mainui_ask_use_personality_level_ticket_disadvantage",
      "content": "Usare questo biglietto con i tuoi progressi correnti alzerà il livello dell'Identità selezionata fino a {1} invece di {0}, e qualunque ESP inutilizzata durante il processo verrà persa.\n\nVuoi usare comunque il biglietto?"
    },
    {
      "id": "mainui_exp_dungeon_7_title",
      "content": "Scavoluce ESP #7 (Tagliente)"
    },
    {
      "id": "mainui_exp_dungeon_7_open_day",
      "content": "Scavoluce ESP #7 (Tagliente) apre il LUN, MAR, e DOM."
    },
    {
      "id": "mainui_exp_dungeon_8_title",
      "content": "Scavoluce ESP #7 (Perforante)"
    },
    {
      "id": "mainui_exp_dungeon_8_open_day",
      "content": "Scavoluce ESP #7 (Perforante) apre il MER, GIO, e DOM."
    },
    {
      "id": "mainui_exp_dungeon_9_title",
      "content": "Scavoluce ESP #7 (Contundente)"
    },
    {
      "id": "mainui_exp_dungeon_9_open_day",
      "content": "Scavoluce ESP #7 (Contundente) apre il VEN, SAT, e DOM."
    },
    {
      "id": "mainui_default_personality_blocked",
      "content": "Impossibile\nSchierare\nIdentità\n Base"
    },
    {
      "id": "mainui_change_personality_of_character",
      "content": "Impossibile procedere con quest'Identità di {0}. Identità di Supporto aggiunte."
    },
    {
      "id": "caution",
      "content": "ATTENZIONE"
    },
    {
      "id": "announcer_spoiler_caution",
      "content": "Questo Annunciatore ha spoiler per il Capitolo <color=#990000><{0}-{1}></color>.\n\nRivelare lo stesso?\""
    },
    {
      "id": "mass_announcer_spoiler_caution",
      "content": "Una delle ricompense che vuoi riscattare\ninclude un Annunciatore che può contenere spoiler\nper un Capitolo che non hai completato.\n\nRitirare comunque?"
    },
    {
      "id": "select_all",
      "content": "Seleziona Tutto"
    },
    {
      "id": "deselect_all",
      "content": "Deseleziona Tutto"
    },
    {
      "id": "story_voice_setting_ui_title",
      "content": "Gestione Voce Storia"
    },
    {
      "id": "story_voice_setting_ui_desc",
      "content": "(임시 더미)보이스를 적용할 항목을 선택해주세요."
    },
    {
      "id": "vending_machine_item_available_date_label",
      "content": "Sblocco Dispensa:\n{1}/{0} {2} ({3})"
    },
    {
      "id": "gacha_notice_vending_available_date",
      "content": "Le Identità Stagionali si possono Dispensare a partire dal {1}/{0} {2} ({3})"
    },
    {
      "id": "gacha_notice_vending_available_date_v2",
      "content": "Gli E.G.O Stagionali si possono Dispensare a partire dal {1}/{0} {2} ({3})"
    },
    {
      "id": "gacha_notice_vending_available_date_v3",
      "content": "Le Identità e gli E.G.O Stagionali si possono Dispensare a partire dal {1}/{0} {2} ({3})"
    },
    {
      "id": "mini_story_warning_spoiler_checkbox_desc",
      "content": "Non visualizzare più questo messaggio"
    },
    {
      "id": "mainui_settings_push_notification",
      "content": "Opzioni Notifiche"
    },
    {
      "id": "paid_lunacy_ui",
      "content": "Follia Pagata"
    },
    {
      "id": "story_unable_to_skip",
      "content": "Questa storia non può essere saltata."
    },
    {
      "id": "remote_download_quit_game",
      "content": "È disponibile un nuovo download.\nIl gioco verrà chiuso; si prega di riavviare il gioco per scaricare l'aggiornamento."
    },
    {
      "id": "mainui_settings_battle_speech",
      "content": "Sottotitoli in Combattimento"
    },
    {
      "id": "unable_to_upgrade_sync_level_by_main_story_1",
      "content": "Sale di Legame\ncompletando\nCanto I"
    },
    {
      "id": "unable_to_upgrade_sync_level_by_main_story_2",
      "content": "Sale di Legame\ncompletando\nCanto II"
    },
    {
      "id": "exp_dungeon_opened_desc",
      "content": "Hai sbloccato lo Scavoluce ESP."
    },
    {
      "id": "abnormality_tutorial_battle_participate_desc",
      "content": "Seleziona cinque Peccatori per partecipare a questo Combattimento."
    },
    {
      "id": "thread_dungeon_opened_desc",
      "content": "Hai sbloccato lo Scavoluce Filo."
    },
    {
      "id": "mirror_dungeon_opened_desc",
      "content": "Hai sbloccato il Dungeon Specchio."
    },
    {
      "id": "ego_gift_combine_explain_title",
      "content": "Ricette di Fusione"
    },
    {
      "id": "ego_gift_combine_explain_label_keyword",
      "content": "Tratti"
    },
    {
      "id": "ego_gift_combine_explain_label_attack_type",
      "content": "Tipo Attacco"
    },
    {
      "id": "ego_gift_combine_explain_label_etc",
      "content": "Altre"
    },
    {
      "id": "ego_gift_combine_explain_button_label",
      "content": "Ricette"
    },
    {
      "id": "ego_gift_combine_explain_no_item_list",
      "content": "Non ci sono risultati tra le Ricette di Fusione Doni E.G.O."
    },
    {
      "id": "ego_gift_combine_explain_required_label",
      "content": "{1} di {0}"
    },
    {
      "id": "attendance_event_s6_desc",
      "content": "Guadagnerai delle ricompense in base ai giorni in cui fai log-in durante l'Evento. Le ricompense sono accettate automaticamente quando appare la finestra pop-up.\n\nArriva a 14 conferme di presenza totali per ottenere tutte le ricompense."
    },
    {
      "id": "formation_none_selected_desc",
      "content": "Non hai Schierato nessun Peccatore.\n\nSeleziona i Peccatori in ordine di Schieramento."
    },
    {
      "id": "ego_gift_category_current_theme",
      "content": "Dono Fusione esclusivo del Pacchetto a Tema"
    },
    {
      "id": "mainui_exp_dungeon_10_title",
      "content": "Scavoluce ESP #8 (Tagliente)"
    },
    {
      "id": "mainui_exp_dungeon_10_open_day",
      "content": "Scavoluce ESP #8 (Tagliente) apre il LUN, MAR, e DOM."
    },
    {
      "id": "mainui_exp_dungeon_11_title",
      "content": "Scavoluce ESP #8 (Penetrante)"
    },
    {
      "id": "mainui_exp_dungeon_11_open_day",
      "content": "Scavoluce ESP #8 (Penetrante) apre il MER, GIO, e DOM."
    },
    {
      "id": "mainui_exp_dungeon_12_title",
      "content": "Scavoluce ESP #8 (Contundente)"
    },
    {
      "id": "mainui_exp_dungeon_12_open_day",
      "content": "Scavoluce ESP #8 (Contundente) apre il VEN, SAB, e DOM."
    },
    {
      "id": "mainui_notice_download_failed",
      "content": "Impossibile scaricare le informazioni. Prego, controllare la connessione."
    },
    {
      "id": "mainui_settings_show_importance_level_UI",
      "content": "Aiuto in Battaglia\n(Prioritizza Strategia)"
    },
    {
      "id": "mainui_settings_battle_result_announcer",
      "content": "Salta dialoghi Annunciatore \na Fine Combattimento"
    },
    {
      "id": "jiaxicun_level",
      "content": "Livello da Gerarca"
    },
    {
      "id": "defence_skill_with_index",
      "content": "Dif. {0}"
    }
  ]
}
