{
  "dataList": [
    {
      "id": "dungeon_shop_ego_gift_upgrade",
      "content": "Migliora Doni"
    },
    {
      "id": "dungeon_shop_ego_gift_composite",
      "content": "Fondi Doni"
    },
    {
      "id": "dungeon_shop_ego_gift_sell",
      "content": "Vendi Doni"
    },
    {
      "id": "dungeon_shop_refresh",
      "content": "Rifornisci"
    },
    {
      "id": "mirror_dungeon_selected_ego_gift",
      "content": "Dono E.G.O Selezionato"
    },
    {
      "id": "ego_gift_upgrade_ui_title",
      "content": "Migliora Dono E.G.O"
    },
    {
      "id": "ego_gift_upgrade_confirm_format",
      "content": "Usa <color=#F8C200>{0}</color> Costo per Migliorare il Dono E.G.O?"
    },
    {
      "id": "ego_gift_upgrade_not_enough_cost_format",
      "content": "Hai bisogno di <color=#990000>{0}</color> Costo in più per Migliorare questo Dono E.G.O."
    },
    {
      "id": "ego_gift_combine_ui_title",
      "content": "Fondi Dono E.G.O"
    },
    {
      "id": "combine",
      "content": "Fondi"
    },
    {
      "id": "selected_gift",
      "content": "Doni E.G.O Selezionati"
    },
    {
      "id": "expectation",
      "content": "Previsione"
    },
    {
      "id": "ego_gift_combine_ui_main_text",
      "content": "Fondi i Doni E.G.O selezionati?"
    },
    {
      "id": "mirror_dungeon3_normal_reward_info",
      "content": "Normale"
    },
    {
      "id": "mirror_dungeon3_hard_reward_info",
      "content": "Difficile"
    },
    {
      "id": "mirror_dungeon3_current_explore",
      "content": "Attualmente nel:"
    },
    {
      "id": "mirror_dungeon3_entrance_button_formation",
      "content": "Peccatori"
    },
    {
      "id": "mirror_dungeon3_entrance_button_start_buff",
      "content": "Potenziamenti Iniziali"
    },
    {
      "id": "mirror_dungeon3_entrance_hard_hint_before_release",
      "content": "Completa il Canto IV per Sbloccare"
    },
    {
      "id": "mirror_dungeon3_start_buff_summary_detail",
      "content": "Sommario/Dettagli"
    },
    {
      "id": "mirror_dungeon3_start_buff_summary",
      "content": "Sommario"
    },
    {
      "id": "mirror_dungeon3_start_buff_detail",
      "content": "Dettagli"
    },
    {
      "id": "ego_gift_sell_ui_title",
      "content": "Vendi Doni E.G.O"
    },
    {
      "id": "sell",
      "content": "Vendi"
    },
    {
      "id": "guided_sell_ego_gift",
      "content": "Seleziona il Dono E.G.O che vuoi vendere."
    },
    {
      "id": "ego_gift_sell_confirm_format",
      "content": "Vendi [{0}] per ottenere {1} Costo?"
    },
    {
      "id": "mirror_dungeon_3_start_buff_name",
      "content": "Starter Buffs - Astral Milestones"
    },
    {
      "id": "mirror_dungeon_3_purchase_start_buff",
      "content": "Engrave Stars"
    },
    {
      "id": "mirror_dungeon_give_up_getting_ego_gift_with_enemy_buff",
      "content": "Se scegli di continuare senza un Dono E.G.O, verrà selezionato un potenziamento casuale per il prossimo piano."
    },
    {
      "id": "mirror_dungeon_shop_could_not_refresh",
      "content": "Impossibile Aggiornare"
    },
    {
      "id": "mirror_dungeon_shop_change_formation_count",
      "content": "Membri Squadra"
    },
    {
      "id": "mirror_dungeon_exploring",
      "content": "! Esplorazione in Corso !"
    },
    {
      "id": "mirror_dungeon_progress_text_before",
      "content": "Prima dell'Entrata"
    },
    {
      "id": "mirror_dungeon_progress_text_3_normal",
      "content": "Mod. Normale, Piano {0}"
    },
    {
      "id": "normal_difficulty_simple",
      "content": "Normale"
    },
    {
      "id": "hard_difficulty_simple",
      "content": "Difficile"
    },
    {
      "id": "starchip_ui_difficulty_ratio_format",
      "content": "※ Modalità: {0} [x{1}]"
    },
    {
      "id": "number_of_cleared_floors",
      "content": "Piani Completati"
    },
    {
      "id": "number_of_cleared_nodes",
      "content": "Nodi Completati"
    },
    {
      "id": "number_of_starlight_nodes",
      "content": "Nodi Luce Stellare"
    },
    {
      "id": "number_of_battles",
      "content": "Incontri"
    },
    {
      "id": "number_of_acquired_ego_gift",
      "content": "Doni E.G.O Ottenuti"
    },
    {
      "id": "choose_starting_ego_gift",
      "content": "Scelta Dono E.G.O Iniziale"
    },
    {
      "id": "rest_gauge",
      "content": "Bonus Riposo"
    },
    {
      "id": "starlight_reward",
      "content": "Luce Stellare"
    },
    {
      "id": "battlepass_progress_reward",
      "content": "Ricompensa ESP Pass"
    },
    {
      "id": "side_title_unable_ego_gift_upgrade",
      "content": "Impossibile Migliorare"
    },
    {
      "id": "side_content_not_have_any_ego_gift",
      "content": "Non hai Doni E.G.O con te."
    },
    {
      "id": "side_content_ego_gift_is_not_upgradeable",
      "content": "Questo Dono E.G.O non può essere Migliorato."
    },
    {
      "id": "side_content_ego_gift_is_maximum_upgraded",
      "content": "Questo Dono E.G.O è già stato migliorato al massimo livello."
    },
    {
      "id": "side_title_unable_ego_gift_combine",
      "content": "Impossibile Fondere"
    },
    {
      "id": "side_content_need_more_ego_gift",
      "content": "Devi possedere almeno 2 Doni E.G.O."
    },
    {
      "id": "side_content_need_lower_tier_ego_gift",
      "content": "Puoi selezionare solo Doni E.G.O di Grado 3 o inferiore."
    },
    {
      "id": "side_title_unable_ego_gift_sell",
      "content": "Impossibile Vendere"
    },
    {
      "id": "side_content_ego_gift_is_not_for_sale",
      "content": "Non puoi vendere questo Dono E.G.O."
    },
    {
      "id": "mirror_dungeon_already_participated",
      "content": "Partecipa"
    },
    {
      "id": "mirror_dungeon_acquire_ego_gift_desc",
      "content": "Ottieni Dono E.G.O"
    },
    {
      "id": "mirror_dungeon_acquire_enemy_buff",
      "content": "Prove Crescenti"
    },
    {
      "id": "mirror_dungeon3_entrance_hard_hint_after_release",
      "content": "<Condizioni di Sblocco>\nCompleta 4-54\nCompleta Specchio del Lago - Modalità Normale"
    },
    {
      "id": "mirror_dungeon_reload_select_ego_gift_category",
      "content": "Aggiorna (Una volta)"
    },
    {
      "id": "mirror_dungeon_select_chip_effect",
      "content": "Desiderio delle Stelle"
    },
    {
      "id": "mirror_dungeon_select_chip_effect_desc_selected",
      "content": "Spend {0} Starlight to activate the selected effect for this Mirror Dungeon run.\nUnless you deactivate the effect, or unless you deplete your Starlight, the selected effect will be automatically applied upon starting a new Mirror Dungeon run."
    },
    {
      "id": "mirror_dungeon_select_chip_effect_desc_not_selected",
      "content": "Spend Starlight to activate special effects for this Mirror Dungeon run."
    },
    {
      "id": "mirror_dungeon_atart_buff_activation",
      "content": "Attiva"
    },
    {
      "id": "mirror_dungeon_atart_buff_diactivation",
      "content": "Disattiva"
    },
    {
      "id": "mirrordungeon_unable_to_change_activation_buffs_when_running_dungeon",
      "content": "You cannot activate or deactivate your Starter Buffs while a Mirror Dungeon run is in progress."
    },
    {
      "id": "mirrordungeon_edit_start_buff_activation",
      "content": "Modifica Rapida"
    },
    {
      "id": "mirror_dungeon_progress_text_3_hard",
      "content": "Mod. Difficile - Piano {0}"
    },
    {
      "id": "mirror_dungeon_unable_to_modify_activation_of_start_buff_during_running",
      "content": "You cannot activate or deactivate your Starter Buffs while a Mirror Dungeon run is in progress."
    },
    {
      "id": "add_enemy_level",
      "content": "Aumento Livello dei Nemici"
    },
    {
      "id": "mirrordungeon_unable_to_change_activation_buffs_when_parent_buff_off",
      "content": "You cannot activate the Secondary Buffs while the Primary Buffs are deactivated."
    },
    {
      "id": "mirrordungeon_purchase_buffs_when_parent_buff_off",
      "content": "You cannot Engrave Stars on Secondary Buffs while the Primary Buffs are deactivated."
    },
    {
      "id": "side_content_already_owned_tier_ego_gift",
      "content": "You can no longer obtain that Tier of E.G.O Gifts via 'Fuse Gift' from the Rest Stops."
    },
    {
      "id": "mirror_dungoen_ego_gift_history_view_desc",
      "content": "Vedi Desc."
    },
    {
      "id": "side_content_ego_gift_is_unable_combine",
      "content": "Questo Dono E.G.O non può essere Fuso."
    }
  ]
}
