{
  "dataList": [
    {
      "id": "InfinityFloor_CheckEnter_Modal_Title",
      "content": "Modalità Sovrapposizione Parallela"
    },
    {
      "id": "InfinityFloor_CheckEnter_Modal_Desc",
      "content": "Puoi entrare nella Modalità Sovrapposizione Parallela.\n\nEntrare nella Modalità Sovrapposizione Parallela e procedere al prossimo piano?"
    },
    {
      "id": "InfinityFloor_Mode_Button_Title",
      "content": "Modalità Sovrapposizione Parallela : "
    },
    {
      "id": "InfinityFloor_Mode_Button_Title_forProgressPopup",
      "content": "Sovrapposizione P."
    },
    {
      "id": "mirror_dungeon_infinity_difficulty",
      "content": "Infinito"
    },
    {
      "id": "mirror_dungeon_achievement_panel_title",
      "content": "Proiezione Specchio / Achievement"
    },
    {
      "id": "mirror_dungeon_achievement_reward_title",
      "content": "Ricompense Proiezione"
    },
    {
      "id": "mirror_dungeon_achievement_list_title",
      "content": "Achievement"
    },
    {
      "id": "mirrordungeon_mission_category_title_MIRROR_DUNGEON5_COLLECTION",
      "content": "Collezione"
    },
    {
      "id": "mirrordungeon_mission_category_title_MIRROR_DUNGEON5_CLEAR",
      "content": "Completamenti"
    },
    {
      "id": "mirrordungeon_mission_category_title_MIRROR_DUNGEON5_DECK",
      "content": "Squadra"
    },
    {
      "id": "mirrordungeon_mission_category_title_MIRROR_DUNGEON5_SHOP",
      "content": "Negozio"
    },
    {
      "id": "mirrordungeon_mission_date",
      "content": "Ricompense ottenibili fino all'Aggiornamento del Dungeon Specchio #6."
    },
    {
      "id": "mirrordungeon_infinityFloor_Entrance_ThemeSelectPanel",
      "content": "Sovrapposizione Parallela Attivata"
    },
    {
      "id": "mirrordungeon_mission_clear_condition",
      "content": "※ I piani di un Dungeon Specchio sono 'completati' solo quando vengono usati i Moduli di Encefalina per riscattare le ricompense."
    },
    {
      "id": "mirrordungeon_infinity_open_condition",
      "content": "Completa il Canto VI"
    },
    {
      "id": "InfinityFloor_Mode_Button_Notie",
      "content": "※ Completa ogni Piano del Dungeon Specchio in Modalità Difficile per entrare."
    },
    {
      "id": "IsOnInfinityMod",
      "content": "ON"
    },
    {
      "id": "IsOFFInfinityMod",
      "content": "OFF"
    },
    {
      "id": "mirrordungeon_mission_category_title_MIRROR_DUNGEON5_BATTLE",
      "content": "Combattimento"
    },
    {
      "id": "mirrordungeon_mission_category_title_MIRROR_DUNGEON5_ALL",
      "content": "Completista"
    }
  ]
}
