{
  "dataList": [
    {
      "id": "mirror_dungeon_detect_theme_pack_button",
      "content": "Cerca Pacchetti"
    },
    {
      "id": "mirror_dungeon_detect_theme_pack_list_popup_title_format",
      "content": "Cerca Pacchetti a Tema per il Piano {0}"
    },
    {
      "id": "mirror_dungeon_detect_theme_pack_comfirm_modal_desc_format",
      "content": "Il Pacchetto '{0}' verrà sostituito col Pacchetto '{1}'."
    },
    {
      "id": "combineUI_enableStarlight",
      "content": "Esprimi un Desiderio"
    },
    {
      "id": "combineUI_enableStarlight_confirm_desc",
      "content": "Spendere 5 Luce Stellare per migliorare la Fusione?"
    },
    {
      "id": "side_title_not_enough_starlight",
      "content": "Luce Stellare Insufficente."
    },
    {
      "id": "side_title_not_use_starlight",
      "content": "Impossibile spendere la Luce Stellare."
    },
    {
      "id": "side_desc_is_fixed_combine_egogift",
      "content": "Questa è una Ricetta di Fusione Dono E.G.O Garantita."
    },
    {
      "id": "mirror_dungeon_detect_theme_pack_side_popup_already_in_pool",
      "content": "Questo Pacchetto a Tema è già disponibile."
    },
    {
      "id": "mirror_dungeon_detect_theme_pack_side_popup_locked_by_unlockcode_1",
      "content": "Le condizioni di sblocco di questo Pacchetto a Tema devono essere ancora soddisfatte."
    },
    {
      "id": "mirror_dungeon_detect_theme_pack_side_popup_locked_by_unlockcode_2_format",
      "content": "Questo Pacchetto a Tema diventerà disponibile quando verranno soddisfatte le seguenti condizioni di sblocco: Completa il Capitolo {0}."
    },
    {
      "id": "mirror_dungeon_detect_theme_pack_side_popup_passed_pack",
      "content": "Questo Pacchetto a Tema è già stato selezionato in un Piano precedente."
    },
    {
      "id": "mirror_dungeon_detect_theme_pack_not_enough_point",
      "content": "Luce Stellare Insufficente per Osservare i Pacchetti a Tema."
    },
    {
      "id": "mirrordungeon_theme_hard_blocked_6",
      "content": "Completa il Canto 7 per sbloccare."
    },
    {
      "id": "mirrordungeon_theme_difficulty_button_no_hard_data",
      "content": "La modalità Difficile verrà aggiunta in un prossimo aggiornamento."
    },
    {
      "id": "on_click_mirrordungeon_theme_list_hard_button",
      "content": "Verrà aggiunta in un prossimo aggiornamento"
    },
    {
      "id": "mirror_start_buff_unavailable_purchase",
      "content": "Luce Stellare Insufficente."
    },
    {
      "id": "mirror_start_buff_unavailable_purchase_modal_title",
      "content": "Luce Stellare Insufficente"
    },
    {
      "id": "mirror_start_buff_purchase_modal_left_cost",
      "content": "Luce Stellare Rimanente"
    },
    {
      "id": "mirror_start_buff_purchase_modal_desc_md6_toggle_on",
      "content": "Converte la Luce Stellare rimanente\nin Costo dopo aver acquistato la Grazia delle Stelle.\n\n※ La \"Luce Stellare in Possesso\" non\nverrà convertita in Costo."
    },
    {
      "id": "mirror_start_buff_purchase_modal_desc_md6_toggle_off",
      "content": "La Luce Stellare non spesa verrà\naggiunta alle ricompense per il completamento del Dungeon."
    },
    {
      "id": "mirror_theme_list_pack_tag_not_selectable",
      "content": "Non selezionabile"
    },
    {
      "id": "mirror_theme_list_pack_tag_required_extra_point",
      "content": "Tassa Extra"
    },
    {
      "id": "side_desc_is_already_success_percent",
      "content": "La Previsione della Fusione non può andare oltre il 100%."
    },
    {
      "id": "side_desc_is_all_collect_egogift",
      "content": "Chance di Parola Chiave Casuale."
    },
    {
      "id": "mirrordungeon_infinity_open_condition_no_have_infinity_data",
      "content": "Lavori in Corso"
    },
    {
      "id": "mirror_dungeon_progress_text_6",
      "content": "Specchio dell'Immortalità - P{0}"
    },
    {
      "id": "mirror_dungeon_available_starlight",
      "content": "Disponibile"
    },
    {
      "id": "mirrordungeon_starlight_personality_button_label",
      "content": "Unità che conservano il bonus Luce Stellare"
    },
    {
      "id": "mirrordungeon_starlight_personality_title",
      "content": "Unità che conservano il bonus Luce Stellare"
    },
    {
      "id": "mirrordungeon_starlight_personality_desc",
      "content": "Fino alla data di scadenza, queste unità non consumano Bonus Luce Stellare dopo aver concluso un Dungeon Specchio."
    },
    {
      "id": "combine_egogift_not_allow",
      "content": "Non Selezionabile"
    },
    {
      "id": "number_of_cleared_hard_floors",
      "content": "Pacchetti a Tema Mod. Difficile Completati"
    },
    {
      "id": "mirror_starlight_unlock_condition_lack_of_current_point",
      "content": "Luce Stellare Insufficente"
    },
    {
      "id": "mirror_starlight_unlock_condition_needs_held_buff_points",
      "content": "A {0}+ Luce Stellare"
    },
    {
      "id": "mirror_cleared_floor_count_over_6",
      "content": "Piani della Modalità Sovrapposizione Parallela Completati"
    },
    {
      "id": "mirror_cleared_railway_theme_pack_count",
      "content": "Pacchetti della Metro Rifrattiva Completati"
    },
    {
      "id": "mirror_dungeon_start_buff_Panel_title_md6",
      "content": "Grazia della Stella Immortale"
    },
    {
      "id": "mirror_dungeon_start_buff_card_enhancement",
      "content": "Potenzia"
    },
    {
      "id": "mirror_user_starlight_buff",
      "content": "Grazia delle Stelle"
    },
    {
      "id": "mirror_unobservable_egogift_reason",
      "content": "Info non disponibili"
    },
    {
      "id": "mirror_unobservable_egogift_reason_is_owned",
      "content": "Ottenuto"
    },
    {
      "id": "mirror_start_buff_purchase_modal_check_box",
      "content": "Converti Luce Stellare in Costo"
    },
    {
      "id": "mirrordungeon_additional_reserved_starlight_from_startBuff",
      "content": "La Luce Stellare non utilizzata è stata aggiunta alle ricompense per il completamento del Dungeon."
    },
    {
      "id": "mirror_starlight_result_base_point",
      "content": "Default"
    },
    {
      "id": "mirror_starlight_result_formation_bonus",
      "content": "Bonus Squadra"
    },
    {
      "id": "mirror_starlight_result_battle_reward_card",
      "content": "Seleziona Ricompensa - Carta Incontro"
    },
    {
      "id": "mirror_starlight_result_consumed_points_on_start",
      "content": "Luce Stellare Iniziale Spesa"
    },
    {
      "id": "mirror_starlight_result_dungeon_play_point",
      "content": "Punteggio Esplorazione"
    },
    {
      "id": "mirror_starlight_result_formation_bonus_multiplier",
      "content": "Moltiplicatore Bonus Squadra"
    },
    {
      "id": "mirror_starlight_result_consumed_during_dungeon_play",
      "content": "Spesa nel Dungeon"
    },
    {
      "id": "mirror_starlight_result_owned_before_enter_dungeon",
      "content": "Riserva Pre-dungeon"
    },
    {
      "id": "mirror_starlight_result_reward_point",
      "content": "Ricompensa"
    },
    {
      "id": "mirror_starlight_result_total_owned_point_after_dungeon_play",
      "content": "Risultato Netto"
    },
    {
      "id": "mirror_starlight_result_tooltip_button",
      "content": "Dettagli"
    },
    {
      "id": "mirror_starlight_result_consumed_points_on_start_tooltip_title",
      "content": "Luce Stellare Iniziale Spesa"
    },
    {
      "id": "mirror_starlight_result_consumed_points_on_start_tooltip_item_purchased",
      "content": "Grazia delle Stelle Acquistata"
    },
    {
      "id": "mirror_starlight_result_consumed_points_on_start_tooltip_item_converted_to_cost",
      "content": "Convertita in Costo"
    },
    {
      "id": "mirror_starlight_result_dungeon_play_point_tooltip_title",
      "content": "Dettagli Punteggio Esplorazione"
    },
    {
      "id": "mirror_starlight_result_dungeon_play_point_tooltip_item_cleared_floor",
      "content": "Piani Completati"
    },
    {
      "id": "mirror_starlight_result_dungeon_play_point_tooltip_item_hard_difficulty",
      "content": "Modalità Difficile"
    },
    {
      "id": "mirror_starlight_result_dungeon_play_point_tooltip_item_railway_theme_pack",
      "content": "Pacchetti a Tema Metro Rifrattiva"
    },
    {
      "id": "mirror_starlight_result_formation_bonus_multiplier_tooltip_title",
      "content": "Moltiplicatore della Luce Stellare in base alla Squadra"
    },
    {
      "id": "mirror_starlight_result_formation_bonus_multiplier_tooltip_item_desc",
      "content": "※ Arrotondato per difetto."
    },
    {
      "id": "mirror_starlight_result_consumed_during_dungeon_play_tooltip_title",
      "content": "Spesa nel Dungeon"
    },
    {
      "id": "mirror_starlight_result_formation_bonus_multiplier_tooltip_item_detect_theme_pack",
      "content": "Osservazione Pacchetti a Tema"
    },
    {
      "id": "mirror_starlight_result_formation_bonus_multiplier_tooltip_item_combine_ego_gift",
      "content": "Esprimi un Desiderio"
    },
    {
      "id": "mirror_starlight_result_formation_total_consumed_point",
      "content": "Somma delle Spese"
    },
    {
      "id": "mirror_hard_recommended_level_popup_desctiption",
      "content": "Il livello medio delle tue Identità selezionate è <color=#990000>sotto</color> il livello consigliato.\nVuoi comunque procedere?"
    },
    {
      "id": "mirror_hard_recommended_level_popup_detail_desctiption",
      "content": "Liv. Medio Attuale: {0}\n<color=#f8c200>Livello Consigliato: {1}</color>"
    },
    {
      "id": "mirror_observation_ego_gift_select_list",
      "content": "Doni E.G.O Selezionati"
    },
    {
      "id": "mirror_observation_ego_gift_title",
      "content": "Cerca Doni E.G.O"
    },
    {
      "id": "mirror_observation_ego_gift_confirm",
      "content": "Seleziona"
    },
    {
      "id": "mirror_observation_have_starlight",
      "content": "Posseduti"
    },
    {
      "id": "mirror_dungeon_ask_give_up_ego_gift_observation",
      "content": "Saltare Ricerca Doni E.G.O?"
    },
    {
      "id": "mirror_dungeon_ask_confirm_ego_gift_observation",
      "content": "Consumare {0} Luce Stellare per cercare e ottenere questi Doni E.G.O?"
    },
    {
      "id": "mirror_dungeon_observation_filter_reset",
      "content": "Reset"
    },
    {
      "id": "mirror_starlight_result_formation_bonus_multiplier_tooltip_item_detect_egogift",
      "content": "Cerca Doni E.G.O"
    },
    {
      "id": "mirror_observation_ego_gift_title_toggle",
      "content": "Attiva Ricerca\nDoni"
    },
    {
      "id": "mirror_observation_lack_starlight_title",
      "content": "Impossibile Cercare\nDoni"
    },
    {
      "id": "mirror_observation_lack_starlight_desc",
      "content": "Non hai abbastanza Luce Stellare per la Ricerca Doni."
    },
    {
      "id": "mirror_dungeon_finished_panel_selected_startBuff",
      "content": "Grazia delle Stelle Selezionata"
    },
    {
      "id": "mirror_dungeon_finished_panel_not_selected_startBuff",
      "content": "Non hai selezionato una Grazia della Luce Stellare"
    }
  ]
}
