{
  "dataList": [
    {
      "id": 1001,
      "name": "I Dimenticati"
    },
    {
      "id": 1002,
      "name": "Il Reietto"
    },
    {
      "id": 1003,
      "name": "Scommettitori al Verde"
    },
    {
      "id": 1004,
      "name": "Fabbrica Automatizzata"
    },
    {
      "id": 1005,
      "name": "L'Indifferente"
    },
    {
      "id": 1006,
      "name": "Nagel und Hammer"
    },
    {
      "id": 1007,
      "name": "Fede ed Erosione"
    },
    {
      "id": 1008,
      "name": "Lo Schivo"
    },
    {
      "id": 1009,
      "name": "Nido, Officina e Tecnologia"
    },
    {
      "id": 1010,
      "name": "Fiori Cadenti"
    },
    {
      "id": 1011,
      "name": "Cose Lacrimose"
    },
    {
      "id": 1012,
      "name": "L'Immutabile"
    },
    {
      "id": 1013,
      "name": "Mondo del Lago"
    },
    {
      "id": 1014,
      "name": "Abisso Strisciante"
    },
    {
      "id": 1015,
      "name": "Il Male Incarnato"
    },
    {
      "id": 1016,
      "name": "Feccia del Maniero"
    },
    {
      "id": 1017,
      "name": "Un Certo Mondo"
    },
    {
      "id": 1101,
      "name": "Galline da Incubo"
    },
    {
      "id": 1102,
      "name": "M.A.R.E."
    },
    {
      "id": 1103,
      "name": "Miracolo nel Distretto 20"
    },
    {
      "id": 1104,
      "name": "Cedo la Carne per Strappare le Ossa"
    },
    {
      "id": 1201,
      "name": "Affetta & Cubetta"
    },
    {
      "id": 1202,
      "name": "Fatti Affettare"
    },
    {
      "id": 1203,
      "name": "Perfora & Penetra"
    },
    {
      "id": 1204,
      "name": "Fatti Perforare"
    },
    {
      "id": 1205,
      "name": "Distruggi & Demolisci"
    },
    {
      "id": 1206,
      "name": "Fatti Schiacciare"
    },
    {
      "id": 1301,
      "name": "Ira Repressa"
    },
    {
      "id": 1302,
      "name": "Ira Sfrenata"
    },
    {
      "id": 1303,
      "name": "Repressione Emotiva"
    },
    {
      "id": 1304,
      "name": "Lussuria Assuefante"
    },
    {
      "id": 1305,
      "name": "Lussuria Aggrovigliante"
    },
    {
      "id": 1306,
      "name": "Seduzione Emotiva"
    },
    {
      "id": 1307,
      "name": "Accidia a Ruota"
    },
    {
      "id": 1308,
      "name": "Accidia Inerme"
    },
    {
      "id": 1309,
      "name": "Indolenza Emotiva"
    },
    {
      "id": 1310,
      "name": "Gola Consumata"
    },
    {
      "id": 1311,
      "name": "Gola Eccessiva"
    },
    {
      "id": 1312,
      "name": "Desiderio Emotivo"
    },
    {
      "id": 1313,
      "name": "Tristezza Degradata"
    },
    {
      "id": 1314,
      "name": "Tristezza Affogata"
    },
    {
      "id": 1315,
      "name": "Inondazione Emotiva"
    },
    {
      "id": 1316,
      "name": "Superbia Vana"
    },
    {
      "id": 1317,
      "name": "Superbia Tirannica"
    },
    {
      "id": 1318,
      "name": "Sottomissione Emotiva"
    },
    {
      "id": 1319,
      "name": "Invidia Insignificante"
    },
    {
      "id": 1320,
      "name": "Invidia Pietosa"
    },
    {
      "id": 1321,
      "name": "Giudizio Emotivo"
    },
    {
      "id": 1401,
      "name": "Foschia Ardente"
    },
    {
      "id": 1402,
      "name": "Stagione della Fiamma"
    },
    {
      "id": 1403,
      "name": "Sangue Colante"
    },
    {
      "id": 1404,
      "name": "Montagna di Corpi, Mare di Sangue"
    },
    {
      "id": 1405,
      "name": "Onde Vertiginose"
    },
    {
      "id": 1406,
      "name": "Zona Sismica Anormale"
    },
    {
      "id": 1407,
      "name": "Forza Esterna Schiacciante"
    },
    {
      "id": 1408,
      "name": "Potenza Implacabile"
    },
    {
      "id": 1409,
      "name": "Fitta di Dolore"
    },
    {
      "id": 1410,
      "name": "Diluvio Affondante"
    },
    {
      "id": 1411,
      "name": "Sospiro Profondo"
    },
    {
      "id": 1412,
      "name": "Respiro Equilibrato"
    },
    {
      "id": 1413,
      "name": "Aumento dell'Elettricità"
    },
    {
      "id": 1414,
      "name": "Tuoni e Fulmini"
    },
    {
      "id": 1105,
      "name": "Tempo Ammazzatempo"
    },
    {
      "id": 1106,
      "name": "Assassinio sul WARP Express"
    },
    {
      "id": 1107,
      "name": "Mezzogiorno Viola"
    },
    {
      "id": 1018,
      "name": "Lo Spezzacuori"
    },
    {
      "id": 1019,
      "name": "Riapertura di La Manchaland"
    },
    {
      "id": 1020,
      "name": "La Processione Infinita"
    },
    {
      "id": 1108,
      "name": "Tratta 1"
    },
    {
      "id": 1109,
      "name": "Tratta 2"
    },
    {
      "id": 1110,
      "name": "Tratta 3"
    },
    {
      "id": 1111,
      "name": "Tratta 4 - Sezione #3"
    },
    {
      "id": 1112,
      "name": "Tratta 4 - Sezione #4"
    },
    {
      "id": 1113,
      "name": "Miracolo nel Distretto 20 BokGak"
    },
    {
      "id": 1114,
      "name": "Fermato da un Proiettile"
    },
    {
      "id": 1115,
      "name": "Controllo di Routine LCB"
    },
    {
      "id": 1116,
      "name": "Cedo la Carne per Strappare le Ossa BokGak"
    },
    {
      "id": 1117,
      "name": "Spazzare Notturno"
    },
    {
      "id": 1118,
      "name": "Tratta 5"
    },
    {
      "id": 1021,
      "name": "La Fine del Sogno"
    },
    {
      "id": 1022,
      "name": "Quattro Casate e Avidità"
    },
    {
      "id": 1023,
      "name": "L'Osservatore Arrendevole"
     },
    {
      "id": 1119,
      "name": "Odio e Disperazione",
      "specialName": "<color=#ee4893>Odio</color> e <color=#0060c5>Disperazione</color>"
    },
    {
      "id": 1120,
      "name": "Tempo Ammazzatempo BokGak"
    }
  ]
}
