{
  "dataList": [
    {
      "id": "mirror_dungeon_get_ego_gift_with_enemy_buff_less_count",
      "content": "Ti rimangono da scegliere altri Doni E.G.O.\n\nVuoi procedere senza selezionare alcun Dono E.G.O?\n\n(※ Otterrai Prove casuali in base al numero di Doni non selezionati)"
    },
    {
      "id": "mirror_dungeon_easy_difficulty",
      "content": "Normale"
    },
    {
      "id": "mirror_dungeon_hard_difficulty",
      "content": "Difficile"
    },
    {
      "id": "mirror_dungeon_start_bonus_formation_rest_point",
      "content": "Bonus Luce Stellare"
    },
    {
      "id": "mirror_dungeon_start_bonus_formation_total",
      "content": "Bonus\nLuce Stellare"
    },
    {
      "id": "mirror_dungeon_start_buff_Panel_reset_selection",
      "content": "Deseleziona Effetti Scelti"
    },
    {
      "id": "mirror_dungeon_start_buff_Panel_applied_effect",
      "content": "Effetti Attivati"
    },
    {
      "id": "mirror_dungeon_reward_popup_rest_bonus_guide",
      "content": "Tutte le Identità al di fuori del Team attuale ottengono 1 Bonus Luce Stellare"
    },
    {
      "id": "mirror_user_start_buff",
      "content": "Bonus Luce Stellare"
    },
    {
      "id": "mirror_enemy_buff",
      "content": "Prove"
    },
    {
      "id": "mirror_enemy_addenemylevel_desc",
      "content": "Livello Nemici +{0}"
    },
    {
      "id": "mirror_card_pack",
      "content": "Pacchetto a Tema"
    },
    {
      "id": "mirror_acquired_random_enemy_buff_popup_title",
      "content": "Prova Ottenuta"
    },
    {
      "id": "mirror_acquired_enemy_buff_popup_desc",
      "content": "È stata aggiunta una Prova."
    },
    {
      "id": "mirror_start_buff_purchase_complete_modal_title",
      "content": "Grazia delle Stelle Selezionata"
    },
    {
      "id": "mirror_start_buff_purchase_complete_modal_desc",
      "content": "Grazia delle Stelle è stata selezionata."
    },
    {
      "id": "mirror_recovered_unit_status",
      "content": "Tutti gli alleati sono stati curati del tutto, e gli alleati sconfitti sono tornati in vita"
    },
    {
      "id": "mirror_start_buff_cannot_purchase_side_popup_title",
      "content": "Impossibile Continuare"
    },
    {
      "id": "mirror_start_buff_cannot_purchase_side_popup_desc",
      "content": "Bonus Luce Stellare non Sufficiente"
    },
    {
      "id": "user_enemy_buff_empty_list",
      "content": "Nessun Effetto Attivo"
    },
    {
      "id": "mirror_start_set_buff_type",
      "content": "Grazia delle Stelle"
    },
    {
      "id": "mirror_start_buff_type",
      "content": "Grazia dei Corpi Celesti"
    },
    {
      "id": "mirror_start_buff_purchase_button",
      "content": "Entra"
    },
    {
      "id": "user_enemy_buff_select_event_buff",
      "content": "Effetti Scelta"
    },
    {
      "id": "dungeon_shop_heal_desc_one_revive",
      "content": "Resuscita il Peccatore Selezionato"
    },
    {
      "id": "dungeon_shop_heal_desc_all_revive",
      "content": "Resuscita Tutti i Peccatori"
    },
    {
      "id": "dungeon_encounter_guide_mirror_hard_ab_battle",
      "content": "Incontro con Anormalità"
    },
    {
      "id": "dungeon_shop_heal_enter",
      "content": "Qui si può curare o resuscitare un Peccatore.\nCosa vuoi fare?"
    },
    {
      "id": "dungeon_shop_heal_select_one",
      "content": "PV e PS curati di {0}."
    },
    {
      "id": "dungeon_shop_heal_all",
      "content": "PV e PS dei Peccatori sono stati ripristinati del tutto."
    },
    {
      "id": "dungeon_shop_heal_revive_select_one",
      "content": "{0}, resuscita e torna in battaglia."
    },
    {
      "id": "mirrordungeon_revive_log",
      "content": "Grazia delle Stelle Attivata\n[{0}] Torna in vita"
    },
    {
      "id": "mirror_start_buff_unlock_condition_needs_held_buff_points",
      "content": "A {0}+ Bonus Luce Stellare"
    },
    {
      "id": "mirror_start_buff_purchase_modal_after_selected_bonus",
      "content": "Bonus Luce Stellare Rimanente"
    },
    {
      "id": "mirror_start_buff_purchase_modal_exchanged_cost",
      "content": "Costo"
    },
    {
      "id": "mirror_start_buff_purchase_modal_title",
      "content": "Seleziona Grazia delle Stelle"
    },
    {
      "id": "mirror_start_buff_purchase_modal_description",
      "content": "Vuoi continuare con questi effetti?"
    },
    {
      "id": "mirror_start_buff_purchase_modal_purchase_description",
      "content": "Il Bonus Luce Stellare rimanente verrà convertito in Costo"
    },
    {
      "id": "mirror_start_buff_applied_passive",
      "content": "Grazia delle Stelle - Passiva"
    },
    {
      "id": "mirror_dungeon_start_buff_Panel_title",
      "content": "Grazia della Stella Sognatrice"
    },
    {
      "id": "mirror_shop_purchase_complete",
      "content": "Comprato"
    },
    {
      "id": "mirror_start_buff_purchase_modal_not_selected_any_buff",
      "content": "Niente Selezionato"
    },
    {
      "id": "dungeon_shop_heal_title_all_season5",
      "content": "Cura un po' tutti i Peccatori."
    },
    {
      "id": "dungeon_shop_heal_title_one_season5",
      "content": "Cura di molto un singolo Peccatore."
    },
    {
      "id": "dungeon_shop_revive_title_one_season5",
      "content": "Resuscita un singolo Peccatore."
    },
    {
      "id": "dungeon_shop_revive_one_select_ask",
      "content": "Seleziona il Peccatore da resuscitare."
    },
    {
      "id": "mirror_dungeon_block_to_click_hard_theme_list",
      "content": "Completa il Canto 7\nper Sbloccare"
    },
    {
      "id": "mirrordungeon_theme_hard_blocked",
      "content": "Completa il Canto 7\nper Sbloccare"
    },
    {
      "id": "mirrordungeon_shop_heal_title",
      "content": "Cura dei Peccatori"
    },
    {
      "id": "mirrordungeon_shop_title",
      "content": "Negozio"
    },
    {
      "id": "mirror_dungeon_progress_text_5",
      "content": "Specchio della Sognatrice - P{0}"
    },
    {
      "id": "mirror_dungeon_progress_awaiting_reward_claim",
      "content": "Ricompense non Riscattate"
    },
    {
      "id": "mirrordungeon_egogift_combine_bonus_gift",
      "content": "Grazia delle Stelle Attivata\nOttenuti Doni da Fondere&Vendere"
    },
    {
      "id": "mirror_5_battle_reward_card_guide_table_1_desc_0_1",
      "content": "NORMALE"
    },
    {
      "id": "mirror_5_battle_reward_card_guide_table_1_desc_0_2",
      "content": "DIFFICILE"
    },
    {
      "id": "mirror_5_battle_reward_card_guide_table_1_desc_1_1",
      "content": "Incontro Regolare : 7.5%\nIncontro Mirato : -\nIncontro Elite : -\nIncontro Anor.: -\nIncontro Boss : 100%"
    },
    {
      "id": "mirror_5_battle_reward_card_guide_table_1_desc_1_2",
      "content": "Incontro Regolare : 7.5%\nIncontro Mirato : -\nIncontro Elite : -\nIncontro Anor.: -\nIncontro Boss : 100%"
    },
    {
      "id": "mirror_5_battle_reward_card_guide_table_1_desc_2_1",
      "content": "Incontro Regolare : 10%\nIncontro Mirato : 20%\nIncontro Elite : 33%\nIncontro Anor.: -\nIncontro Boss : 100%"
    },
    {
      "id": "mirror_5_battle_reward_card_guide_table_1_desc_2_2",
      "content": "Incontro Regolare : 10%\nIncontro Mirato : 20%\nIncontro Elite : 33%\nIncontro Anor.: -\nIncontro Boss : 100%"
    },
    {
      "id": "mirror_5_battle_reward_card_guide_table_1_desc_3_1",
      "content": "Incontro Regolare : 10%\nIncontro Mirato : 20%\nIncontro Elite : 33%\nIncontro Anor.: 100%\nIncontro Boss : 100%"
    },
    {
      "id": "mirror_5_battle_reward_card_guide_table_1_desc_3_2",
      "content": "Incontro Regolare : 10%\nIncontro Mirato : 20%\nIncontro Elite : 33%\nIncontro Anor.: 100%\nIncontro Boss : 100%"
    },
    {
      "id": "mirror_5_battle_reward_card_guide_table_1_desc_4_1",
      "content": "Incontro Regolare : 12.5%\nIncontro Mirato : 25%\nIncontro Elite : 50%\nIncontro Anor.: 100%\nIncontro Boss : 100%"
    },
    {
      "id": "mirror_5_battle_reward_card_guide_table_1_desc_4_2",
      "content": "Incontro Regolare : 12.5%\nIncontro Mirato : 25%\nIncontro Elite : 50%\nIncontro Anor.: 100%\nIncontro Boss : 100%"
    },
    {
      "id": "mirror_5_battle_reward_card_guide_table_1_desc_5_1",
      "content": "Incontro Regolare : 12.5%\nIncontro Mirato : 25%\nIncontro Elite : 50%\nIncontro Anor.: 100%\nIncontro Boss : -"
    },
    {
      "id": "mirror_5_battle_reward_card_guide_table_1_desc_5_2",
      "content": "Incontro Regolare : 12.5%\nIncontro Mirato : 25%\nIncontro Elite : 50%\nIncontro Anor.: 100%\nIncontro Boss : -"
    },
    {
      "id": "mirrordungeon_additional_cost_by_start_bonus",
      "content": "Grazia delle Stelle Attivata\nOttenuto Costo"
    },
    {
      "id": "mirrordungeon_egogift_combine_guide_score_desc",
      "content": "Ogni Dono E.G.O ha diversi 'Punti' calcolati nella Fusione, in base al loro Livello."
    },
    {
      "id": "mirrordungeon_egogift_combine_guide_score_tier_header",
      "content": "Livello Doni E.G.O"
    },
    {
      "id": "mirrordungeon_egogift_combine_guide_score_score_header",
      "content": "Punti"
    },
    {
      "id": "mirrordungeon_egogift_combine_guide_score_tier_1",
      "content": "Livello 1"
    },
    {
      "id": "mirrordungeon_egogift_combine_guide_score_tier_1_score",
      "content": "3"
    },
    {
      "id": "mirrordungeon_egogift_combine_guide_score_tier_2",
      "content": "Livello 2"
    },
    {
      "id": "mirrordungeon_egogift_combine_guide_score_tier_2_score",
      "content": "6"
    },
    {
      "id": "mirrordungeon_egogift_combine_guide_score_tier_3",
      "content": "Livello 3"
    },
    {
      "id": "mirrordungeon_egogift_combine_guide_score_tier_3_score",
      "content": "10"
    },
    {
      "id": "mirrordungeon_egogift_combine_guide_score_tier_4",
      "content": "Livello 4"
    },
    {
      "id": "mirrordungeon_egogift_combine_guide_score_tier_4_score",
      "content": "15"
    },
    {
      "id": "mirrordungeon_egogift_combine_guide_score_tier_5",
      "content": "Livello 5"
    },
    {
      "id": "mirrordungeon_egogift_combine_guide_score_tier_5_score",
      "content": "30"
    },
    {
      "id": "mirrordungeon_egogift_combine_guide_result_label",
      "content": "Il Livello di un Dono E.G.O Fuso è determinato dal conteggio dei Punti che ogni Dono usato ha."
    },
    {
      "id": "mirrordungeon_egogift_combine_guide_result_total_header",
      "content": "Conteggio Punti"
    },
    {
      "id": "mirrordungeon_egogift_combine_guide_result_tier_header",
      "content": "Livello Fusione Doni E.G.O"
    },
    {
      "id": "mirrordungeon_egogift_combine_guide_result_total_1",
      "content": "10- Punti"
    },
    {
      "id": "mirrordungeon_egogift_combine_guide_result_tier_1",
      "content": "Livello 1"
    },
    {
      "id": "mirrordungeon_egogift_combine_guide_result_total_2",
      "content": "11~16 Punti"
    },
    {
      "id": "mirrordungeon_egogift_combine_guide_result_tier_2",
      "content": "Livello 2"
    },
    {
      "id": "mirrordungeon_egogift_combine_guide_result_total_3",
      "content": "17 ~ 24 Punti"
    },
    {
      "id": "mirrordungeon_egogift_combine_guide_result_tier_3",
      "content": "Livello 3"
    },
    {
      "id": "mirrordungeon_egogift_combine_guide_result_total_4",
      "content": "25+ Punti"
    },
    {
      "id": "mirrordungeon_egogift_combine_guide_result_tier_4",
      "content": "Livello 4"
    },
    {
      "id": "mirrordungeon_egogift_combine_guide_season_5_etc_1",
      "content": "※ Qualsiasi Dono E.G.O attualmente in tuo possesso non può essere ottenuto tramite Fusione."
    },
    {
      "id": "mirrordungeon_egogift_combine_guide_season_5_etc_2",
      "content": "※ I Doni E.G.O usati come ingredientri per la Fusione non posso essere riottenuti con quella Fusione. Tuttavia, i Doni E.G.O che erano stati usati in una Fusione precedente possono essere ottenuti nella Fusione."
    },
    {
      "id": "mirrordungeon_egogift_combine_guide_season_5_etc_3",
      "content": "※ Se hai ottenuto ogni singolo Dono E.G.O di uno specifico Livello + Parola Chiave, riceverai un Dono E.G.O con una Parola Chiave diversa, ma dello stesso Livello."
    },
    {
      "id": "mirrordungeon_egogift_combine_guide_season_5_etc_4",
      "content": "※ Se hai ottenuto ogni singolo Dono E.G.O di uno specifico Livello, riceverai solo Doni E.G.O Fusione & Negozio."
    },
    {
      "id": "mirrordungeon_upgrade_shop_title",
      "content": "<color=#990000>Negozio Speciale</color>"
    },
    {
      "id": "mirrordungeon_upgrade_shop_rate_in_next_floor",
      "content": "Negozio Speciale\nAl Prossimo Piano?"
    },
    {
      "id": "mirror_start_buff_unlock_condition_lack_of_current_point",
      "content": "Bonus Luce Stellare Insufficiente"
    },
    {
      "id": "mirror_theme_pack_baton",
      "content": "Battaglia Prolungata"
    },
    {
      "id": "mirrordungeon_theme_hard_no_pool",
      "content": "Hai soddisfato i requisiti per sbloccare la modalità Difficile. Puoi passare da una difficoltà all'altra a partire dal prossima scelta del Pacchetto a Tema."
    },
    {
      "id": "new_ego_gift_combine_guide_table_1_desc_3_0",
      "content": "4+ Doni"
    },
    {
      "id": "new_ego_gift_combine_guide_table_1_desc_3_1",
      "content": "99%"
    },
    {
      "id": "mirrordungeon_level_up_by_long_battle_theme",
      "content": "Ricompensa Battaglia Prolungata Ottenuta\nLivello Identità +3"
    },
    {
      "id": "mirror_dungeon_5_buffs_title_100",
      "content": "Stella dell'Inizio"
    },
    {
      "id": "mirror_dungeon_5_buffs_title_101",
      "content": "Cumulo di Nube Stellare"
    },
    {
      "id": "mirror_dungeon_5_buffs_title_102",
      "content": "Viaggio Interstellare"
    },
    {
      "id": "mirror_dungeon_5_buffs_title_103",
      "content": "Pioggia di Stelle"
    },
    {
      "id": "mirror_dungeon_5_buffs_title_104",
      "content": "Negozio delle Stelle Gemelle"
    },
    {
      "id": "mirror_dungeon_5_buffs_title_105",
      "content": "Negozio Stella Lunare"
    },
    {
      "id": "mirror_dungeon_5_buffs_title_106",
      "content": "Favore della Nebula"
    },
    {
      "id": "mirror_dungeon_5_buffs_title_107",
      "content": "Guida della Luce Stellare"
    },
    {
      "id": "mirror_dungeon_5_buffs_title_108",
      "content": "Cometa delle Possibilità"
    },
    {
      "id": "mirror_dungeon_5_buffs_title_109",
      "content": "Possibilità Perfetta"
    },
    {
      "id": "mirror_dungeon_5_buffs_over10",
      "content": "A [10]+ Bonus Luce Stellare"
    },
    {
      "id": "mirror_dungeon_5_buffs_over20",
      "content": "A [20]+ Bonus Luce Stellare"
    },
    {
      "id": "mirror_dungeon_5_buffs_over30",
      "content": "A [30]+ Bonus Luce Stellare"
    },
    {
      "id": "mirror_dungeon_5_buffs_over40",
      "content": "A [40]+ Bonus Luce Stellare"
    },
    {
      "id": "mirror_dungeon_5_buffs__over50",
      "content": "A [50]+ Bonus Luce Stellare"
    },
    {
      "id": "mirror_dungeon_5_buffs__over60",
      "content": "A [60]+ Bonus Luce Stellare"
    },
    {
      "id": "mirrordungeon_egogift_combine_guide_result_label_upgrade",
      "content": "Fondere in un Negozio Speciale aggiunge un modificatore speciale al conteggio richiesto ad ogni ingrediente."
    },
    {
      "id": "mirrordungeon_egogift_combine_guide_result_total_1_upgrade",
      "content": "9- Punti"
    },
    {
      "id": "mirrordungeon_egogift_combine_guide_result_total_2_upgrade",
      "content": "10 ~ 14 Punti"
    },
    {
      "id": "mirrordungeon_egogift_combine_guide_result_total_3_upgrade",
      "content": "15 ~ 21 Punti"
    },
    {
      "id": "mirrordungeon_egogift_combine_guide_result_total_4_upgrade",
      "content": "22+ Punti"
    },
    {
      "id": "mirrordungeon_start_bonus_personality_title",
      "content": "Unità che conservano il Bonus Luce Stellare"
    },
    {
      "id": "mirrordungeon_start_bonus_personality_desc",
      "content": "Fino alla data di scadenza, queste unità non consumano Bonus Luce Stellare dopo aver concluso un Dungeon Specchio."
    },
    {
      "id": "mirrordungeon_start_bonus_personality_label",
      "content": "Unità Interessate"
    },
    {
      "id": "mirrordungeon_start_bonus_personality_button_label",
      "content": "Unità che conservano il Bonus Luce Stellare"
    },
    {
      "id": "mirrordungeon_start_bonus_personality_period",
      "content": "Fino al {0}"
    },
    {
      "id": "mirrordungeon_purchase_achievement_level_using_lunacy_desc",
      "content": "※ Comprare {0} ESP Trofei costa {1} Follia Pagata."
    },
    {
      "id": "mirrordungeon_purchase_achievement_level_ask_using_lunacy",
      "content": "Spendere {0} Follia Pagata per acquistare ESP Trofei?"
    },
    {
      "id": "mirrordungeon_purchase_achievement_title",
      "content": "Compra ESP Trofei"
    },
    {
      "id": "mirrordungeon_achievement_progress",
      "content": "Progressi"
    },
    {
      "id": "mirrordungeon_purchase_achievement_block_by_max_level",
      "content": "Superato Livello Trofei acquistabile"
    },
    {
      "id": "mirrordungeon_achievement_max_level",
      "content": "Livello Trofei MAX"
    },
    {
      "id": "lack_of_point_for_shop_without_new_line",
      "content": "Costo Insufficiente"
    },
    {
      "id": "mirror_dungeon_give_up_ego_gift_ask_with_random_category",
      "content": "Vuoi continuare senza selezionare un Dono E.G.O?\n\nSe continui senza selezionare un Dono E.G.O,\nle Parole Chiave del tuo Dono E.G.O iniziale\nsaranno selezionate casualmente."
    }
  ]
}