﻿{
  "dataList": [
    {
      "id": "mirror_rental_title",
      "content": "Noleggio Squadra"
    },
    {
      "id": "mirror_rental_no_item",
      "content": "Nessuna Squadra da Noleggiare."
    },
    {
      "id": "mirror_rental_period",
      "content": "Periodo di Noleggio"
    },
    {
      "id": "mirror_rental_keyword_label",
      "content": "Tratti"
    },
    {
      "id": "mirror_rental_ask_to_enter",
      "content": "<font=\"EN/Pretendard/Pretendard-Regular SDF\">Entrare nello {0} con una Squadra Noleggiata?</font>"
    },
    {
      "id": "mirror_rental_warnings",
      "content": "<font=\"EN/Pretendard/Pretendard-Regular SDF\">• I giocatori hanno una sola possibilità di noleggiare una Squadra per combattere in un Dungeon Specchio durante il suo periodo di disponibilità.\n\n• Quando usi una Squadra Noleggiata, non puoi modificare le Identità e gli E.G.O nel Dungeon e non puoi entrare nella Modalità di Sovrapposizione Parallela (Modalità Infinita).\n\n• Puoi ottenere le ricompense per aver completato un Dungeon Specchio e la valuta Evento completando il Dungeon Specchio con una Squadra Noleggiata.\n\n• Puoi consumare un solo Bonus Settimanale con una Squadra Noleggiata.\n\n• Riscattare le Ricompense di Completamento consumerà la possibilità di noleggiare la squadra selezionata.\n\n\n\n\n</font>"
    },
    {
      "id": "mirror_rental_unable_by_running_other",
      "content": "Dungeon In Corso"
    },
    {
      "id": "mirror_rental_already_reward_acquired",
      "content": "Ricompense Ottenute"
    },
    {
      "id": "unable_to_change_formation_by_rental_formation",
      "content": "Impossibile Modificare"
    },
    {
      "id": "mirror_rental_failed_to_enter",
      "content": "Dati Squadra Noleggiata Invalidi. UI ripristinata.\n(codice errore : {0})"
    },
    {
      "id": "mirror_rental_button_label",
      "content": "Noleggio"
    },
    {
      "id": "mirror_unable_to_infinity_by_rental",
      "content": "Non si può attivare con una Squadra Noleggiata"
    }
  ]
}