{
  "dataList": [
    {
      "id": "mirrordungeonui_level_up",
      "content": "Scegli un'Identità da far salire di livello"
    },
    {
      "id": "mirrordungeonui_ask_level_up",
      "content": "Vuoi migliorare l'Identità selezionata?"
    },
    {
      "id": "mirrordungeonui_warning_stop_dungeon",
      "content": "※ Se termini l'esplorazione, riceverai la ricompensa in base ai piani che hai completato."
    },
    {
      "id": "mirrordungeonui_current_reward",
      "content": "Ricompense Attuali"
    },
    {
      "id": "mirrordungeonui_acquire_new_character",
      "content": "Identità Ottenute"
    },
    {
      "id": "mirrordungeonui_level_up_complete",
      "content": "Identità Migliorate"
    },
    {
      "id": "mirrordungeonui_continue",
      "content": "Vuoi continuare con l'esplorazione?"
    },
    {
      "id": "mirrordungeonui_select_character",
      "content": "Seleziona Peccatore"
    },
    {
      "id": "mirrordungeonui_able_to_equip",
      "content": "Si può Selezionare"
    },
    {
      "id": "mirrordungeon_success_to_levelup",
      "content": "Identità Potenziata!"
    },
    {
      "id": "mirrordungeon_additional_exp",
      "content": "ESP Bonus Giornaliera dal Pass"
    },
    {
      "id": "mirrordungeon_already_in_member",
      "content": "Nel Team"
    },
    {
      "id": "mirrordungeon_select_start_character",
      "content": "Entra nel Mondo Specchio"
    },
    {
      "id": "mirrordungeon_acquire_ego_gift_popup",
      "content": "Dono E.G.O OTTENUTO!"
    },
    {
      "id": "mirrordungeon_additional_exp_weekly",
      "content": "ESP Bonus Settimanale dal Pass"
    },
    {
      "id": "mirrordungeon_daily_free",
      "content": "Entrata Giornaliera Gratuita"
    },
    {
      "id": "mirrordungeon_entrance_quit_former_simulation",
      "content": "Terminare la simulatione corrente?"
    },
    {
      "id": "mirrordungeon_progress_rate_simulation",
      "content": "Progressi nella Simulazione: {0}"
    },
    {
      "id": "mirrordungeon_resume_simulation",
      "content": "Riprendi Simulazione"
    },
    {
      "id": "mirrordungeon_stop_simulation",
      "content": "Ferma Simulazione"
    },
    {
      "id": "mirrordungeon_simulation_info_1",
      "content": "◆ Nessun Costo in Encefalina"
    },
    {
      "id": "mirrordungeon_simulation_info_2",
      "content": "◆ Nessuna Ricompensa"
    },
    {
      "id": "mirrordungeon_progress",
      "content": "Continua"
    },
    {
      "id": "mirrordungeon_stop",
      "content": "Termina Esplorazione"
    },
    {
      "id": "mirrordungeon_dungeon_name_simulation",
      "content": "Simulazione {0}"
    },
    {
      "id": "mirrordungeon_warning_not_equip_ego",
      "content": "E.G.O non equipaggiato.\nVuoi davvero procedere?"
    },
    {
      "id": "mirrordungeon_acquire_rewards",
      "content": "Ottieni Ricompense"
    },
    {
      "id": "mirrordungeon_ask_select_character_level_up",
      "content": "Migliorie Usate"
    },
    {
      "id": "mirrordungeon_simulation_info_no_use_module",
      "content": "◆ Nessun Costo in Moduli di Encefalina"
    },
    {
      "id": "mirrordungeon_after_levelup",
      "content": "Livelli Ottenuti: #{0}"
    },
    {
      "id": "mirrordunge_ego_gift_history_button_label",
      "content": "Enciclopedia\nDoni E.G.O"
    },
    {
      "id": "mirrordungeon_weekly_reset_description",
      "content": "I progressi settimanali sono stati resettati.\nRitorno alla Finestra."
    },
    {
      "id": "mirrordungeon_simulation_on",
      "content": "! Simulando… !"
    },
    {
      "id": "mirrordungeon_participated",
      "content": "Partecipanti"
    },
    {
      "id": "select_ego_gift",
      "content": "Seleziona Dono E.G.O"
    },
    {
      "id": "explore_dungeon_finished",
      "content": "Esplorazione Completa"
    },
    {
      "id": "participated_personality",
      "content": "Identità"
    },
    {
      "id": "dungeon_final_area",
      "content": "Raggiunto l'ultima volta"
    },
    {
      "id": "total_progress_rate",
      "content": "Progresso Totale"
    },
    {
      "id": "mirrordungeon_weekly_reset",
      "content": "L'ultima sessione è scaduta.\nSi prega di riscuotere le ricompense."
    },
    {
      "id": "mirror_dungeon_error_desc",
      "content": "A causa di un errore del server, i dati sono stati persi."
    },
    {
      "id": "mirrordunge_achievement_history_button_label",
      "content": "Achievement"
    }
  ]
}
