{
  "dataList": [
    {
      "id": "mirror_dungeon_detect_theme_pack_button",
      "content": "Search"
    },
    {
      "id": "mirror_dungeon_detect_theme_pack_list_popup_title_format",
      "content": "Search Theme Packs for Floor {0}"
    },
    {
      "id": "mirror_dungeon_detect_theme_pack_comfirm_modal_desc_format",
      "content": "'{0}' Pack will be replaced with '{1}' Pack."
    },
    {
      "id": "combineUI_enableStarlight",
      "content": "Wishmaking"
    },
    {
      "id": "combineUI_enableStarlight_confirm_desc",
      "content": "Spend 5 Starlight to improve Fusion chance?"
    },
    {
      "id": "side_title_not_enough_starlight",
      "content": "Not enough Starlight."
    },
    {
      "id": "side_title_not_use_starlight",
      "content": "Cannot spend Starlight."
    },
    {
      "id": "side_desc_is_fixed_combine_egogift",
      "content": "This is a guaranteed E.G.O Gift Fusion Recipe."
    },
    {
      "id": "mirror_dungeon_detect_theme_pack_side_popup_already_in_pool",
      "content": "This Theme Pack is already available."
    },
    {
      "id": "mirror_dungeon_detect_theme_pack_side_popup_locked_by_unlockcode_1",
      "content": "This Theme Pack's unlock conditions need to be met first."
    },
    {
      "id": "mirror_dungeon_detect_theme_pack_side_popup_locked_by_unlockcode_2_format",
      "content": "This Theme Pack will become available when meeting the Unlock Conditions: Clear Chapter {0}."
    },
    {
      "id": "mirror_dungeon_detect_theme_pack_side_popup_passed_pack",
      "content": "This Theme Pack has already been selected in previous Floors."
    },
    {
      "id": "mirror_dungeon_detect_theme_pack_not_enough_point",
      "content": "Not enough Starlight to Observe Theme Packs."
    },
    {
      "id": "mirrordungeon_theme_hard_blocked_6",
      "content": "Clear Canto VIII to Unlock."
    },
    {
      "id": "mirrordungeon_theme_difficulty_button_no_hard_data",
      "content": "Hard Diffculty will be updated at a later date."
    },
    {
      "id": "on_click_mirrordungeon_theme_list_hard_button",
      "content": "Will be updated at a later date"
    },
    {
      "id": "mirror_start_buff_unavailable_purchase",
      "content": "Not enough Starlight."
    },
    {
      "id": "mirror_start_buff_unavailable_purchase_modal_title",
      "content": "Not Enough Starlight"
    },
    {
      "id": "mirror_start_buff_purchase_modal_left_cost",
      "content": "Remaining Starlight"
    },
    {
      "id": "mirror_start_buff_purchase_modal_desc_md6_toggle_on",
      "content": "Coverts any remaining Starlight\nafter purchasing Grace of Stars to Cost.\n\n※ \"Owned Starlight\" will\nnot be converted into Cost."
    },
    {
      "id": "mirror_start_buff_purchase_modal_desc_md6_toggle_off",
      "content": "Any unspent Starlight will be\nadded to your Dungeon clear rewards."
    },
    {
      "id": "mirror_theme_list_pack_tag_not_selectable",
      "content": "Unselectable"
    },
    {
      "id": "mirror_theme_list_pack_tag_required_extra_point",
      "content": "Extra Charge"
    },
    {
      "id": "side_desc_is_already_success_percent",
      "content": "Fusion Forecast cannot exceed 100%."
    },
    {
      "id": "side_desc_is_all_collect_egogift",
      "content": "Random Keyword Chance."
    },
    {
      "id": "mirrordungeon_infinity_open_condition_no_have_infinity_data",
      "content": "Under Construction"
    },
    {
      "id": "mirror_dungeon_progress_text_6",
      "content": "Mirror of Immortality - F{0}"
    },
    {
      "id": "mirror_dungeon_available_starlight",
      "content": "Available"
    },
    {
      "id": "mirrordungeon_starlight_personality_button_label",
      "content": "Starlight Retention Units"
    },
    {
      "id": "mirrordungeon_starlight_personality_title",
      "content": "Starlight Retention Units"
    },
    {
      "id": "mirrordungeon_starlight_personality_desc",
      "content": "For the retention duration, these units' Starlight Bonuses will not be spent upon clearing a Mirror Dungeon run."
    },
    {
      "id": "combine_egogift_not_allow",
      "content": "Unselectable"
    },
    {
      "id": "number_of_cleared_hard_floors",
      "content": "Hard Pack Floors Cleared"
    },
    {
      "id": "mirror_starlight_unlock_condition_lack_of_current_point",
      "content": "Not Enough Starlight"
    },
    {
      "id": "mirror_starlight_unlock_condition_needs_held_buff_points",
      "content": "At {0}+ Starlight"
    },
    {
      "id": "mirror_cleared_floor_count_over_6",
      "content": "Parallel Superposition Floors Cleared"
    },
    {
      "id": "mirror_cleared_railway_theme_pack_count",
      "content": "Refraction Railway Packs Cleared"
    },
    {
      "id": "mirror_dungeon_start_buff_Panel_title_md6",
      "content": "Grace of the Immortal Star"
    },
    {
      "id": "mirror_dungeon_start_buff_card_enhancement",
      "content": "Boost Grace of Stars"
    },
    {
      "id": "mirror_user_starlight_buff",
      "content": "Grace of Stars"
    },
    {
      "id": "mirror_unobservable_egogift_reason",
      "content": "Unobservable"
    },
    {
      "id": "mirror_unobservable_egogift_reason_is_owned",
      "content": "Owned"
    },
    {
      "id": "mirror_start_buff_purchase_modal_check_box",
      "content": "Convert Starlight to Cost"
    },
    {
      "id": "mirrordungeon_additional_reserved_starlight_from_startBuff",
      "content": "Unused Starlight have been added to the Clear Rewards."
    },
    {
      "id": "mirror_starlight_result_base_point",
      "content": "Default"
    },
    {
      "id": "mirror_starlight_result_formation_bonus",
      "content": "Loadout Bonus"
    },
    {
      "id": "mirror_starlight_result_battle_reward_card",
      "content": "Encounter Reward Cards"
    },
    {
      "id": "mirror_starlight_result_consumed_points_on_start",
      "content": "Starting Starlight Spent"
    },
    {
      "id": "mirror_starlight_result_dungeon_play_point",
      "content": "Exploration Score"
    },
    {
      "id": "mirror_starlight_result_formation_bonus_multiplier",
      "content": "Loadout Bonus Mult."
    },
    {
      "id": "mirror_starlight_result_consumed_during_dungeon_play",
      "content": "Spent in Dungeon"
    },
    {
      "id": "mirror_starlight_result_owned_before_enter_dungeon",
      "content": "Pre-dungeon Reserve"
    },
    {
      "id": "mirror_starlight_result_reward_point",
      "content": "Reward"
    },
    {
      "id": "mirror_starlight_result_total_owned_point_after_dungeon_play",
      "content": "Net Amount"
    },
    {
      "id": "mirror_starlight_result_tooltip_button",
      "content": "Details"
    },
    {
      "id": "mirror_starlight_result_consumed_points_on_start_tooltip_title",
      "content": "Starting Starlight Spent"
    },
    {
      "id": "mirror_starlight_result_consumed_points_on_start_tooltip_item_purchased",
      "content": "Grace of Stars Purchased"
    },
    {
      "id": "mirror_starlight_result_consumed_points_on_start_tooltip_item_converted_to_cost",
      "content": "Converted to Cost"
    },
    {
      "id": "mirror_starlight_result_dungeon_play_point_tooltip_title",
      "content": "Exploration Score Details"
    },
    {
      "id": "mirror_starlight_result_dungeon_play_point_tooltip_item_cleared_floor",
      "content": "Cleared Floors"
    },
    {
      "id": "mirror_starlight_result_dungeon_play_point_tooltip_item_hard_difficulty",
      "content": "Hard Difficulty"
    },
    {
      "id": "mirror_starlight_result_dungeon_play_point_tooltip_item_railway_theme_pack",
      "content": "Refraction Railway Theme Pack"
    },
    {
      "id": "mirror_starlight_result_formation_bonus_multiplier_tooltip_title",
      "content": "Loadout Starlight Bonus Mult."
    },
    {
      "id": "mirror_starlight_result_formation_bonus_multiplier_tooltip_item_desc",
      "content": "※ Rounded down."
    },
    {
      "id": "mirror_starlight_result_consumed_during_dungeon_play_tooltip_title",
      "content": "Spent in Dungeon"
    },
    {
      "id": "mirror_starlight_result_formation_bonus_multiplier_tooltip_item_detect_theme_pack",
      "content": "Theme Pack Observation"
    },
    {
      "id": "mirror_starlight_result_formation_bonus_multiplier_tooltip_item_combine_ego_gift",
      "content": "Wishmaking"
    },
    {
      "id": "mirror_starlight_result_formation_total_consumed_point",
      "content": "Sum Expenditure"
    }
  ]
}