{
  "dataList": [
    {
      "id": "acquire_personality_title",
      "content": "Select Identity"
    },
    {
      "id": "ask_acquire_personality",
      "content": "Select {1}'s [{0}] Identity?"
    },
    {
      "id": "ask_use_item_for_acquire_personality",
      "content": "Use {0}?"
    },
    {
      "id": "tip_able_to_check_personality_by_longclick",
      "content": "※ Press and hold to view detailed information of the Identity."
    },
    {
      "id": "luxcavation_bonus_on",
      "content": "Lux. Bonus Activated"
    },
    {
      "id": "ask_acquire_personality_already_owned",
      "content": "Select {1}'s [{0}] Identity?\nSelecting an already-owned Identity will automatically convert your selection to Shards."
    },
    {
      "id": "acquire_ego_title",
      "content": "Selecting E.G.O"
    },
    {
      "id": "ask_acquire_ego",
      "content": "Select {1}'s [{0}] E.G.O?"
    },
    {
      "id": "ask_acquire_ego_already_owned",
      "content": "Select {1}'s [{0}] E.G.O?\nSelecting an already-owned E.G.O will automatically convert your selection to Shards."
    }
  ]
}