{
  "dataList": [
    {
      "id": "night_clean_up_stage_button_default",
      "content": "Sezioni"
    },
    {
      "id": "night_clean_up_stage_button_locked",
      "content": "Completa 7.5-14 per sbloccare"
    },
    {
      "id": "night_clean_up_storybutton_default",
      "content": "Al Teatro"
    },
    {
      "id": "night_clean_up_storybutton_start",
      "content": "<size=75%>Leggi la 1a Sezione della \nStoria Evento per Sbloccare</size>"
    },
    {
      "id": "night_clean_up_stage_button_end_event",
      "content": "Evento Terminato"
    },
    {
      "id": "night_clean_up_bonus_popup_title",
      "content": "Identità con Bonus Evento"
    },
    {
      "id": "night_clean_up_bonusUIDesc",
      "content": "Durante l'evento, schierare le seguenti Identità nella tua squadra ti fornirà\nun bonus sui <color=#625aff>[Cilindri di Carburante degli Spazzini]</color> che ottieni.\nIl bonus massimo che puoi ottenere è del <color=#625aff>100%</color> sulla valuta base ottenibile."
    },
    {
      "id": "night_clean_up_scrap_guide_title",
      "content": "Guida alla Valuta dell'Evento"
    },
    {
      "id": "night_clean_up_scrap_guide_desc",
      "content": "Puoi ottenere <color=#625aff>[Cilindri di Carburante degli Spazzini]</color> completando per la prima volta le Sezioni Storia/Evento, o completando il Dungeon Specchio.\nInoltre, hai anche la possibilità di ottenere un <color=#625aff>[Tanica di Carburante degli Spazzini]</color>.\n\nLa<color=#625aff>[Tanica di Carburante degli Spazzini]</color> viene immediatamente convertita in 20 <color=#625aff>[Cilindri di Carburante degli Spazzini]</color> quando viene ottenuta."
    },
    {
      "id": "nightcleanup_reward_popup_desc",
      "content": "Otterrai <color=#e50000>[Cilindri di Carburante degli Spazzini]</color> tramite i seguenti metodi:\nCompletando Sezioni Evento, Dungeon Specchio,\ne completando per la prima volta le Sezioni Storia.\n\nNello <color=#e50000>[Scambio Premi]</color> puoi ottenere vari oggetti \nusando i <color=#e50000>[Cilindri di Carburante degli Spazzini]</color> che hai ottenuto."
    },
    {
      "id": "nightCleanUp_reward_popup_num_of_owned_items",
      "content": "Cilindri In Possesso"
    },
    {
      "id": "night_clean_up_rewardShopButton",
      "content": "Scambio Ricompense"
    }
  ]
}