{
  "dataList": [
    {
      "id": 1038,
      "panicName": "Notte nei Vicoli",
      "lowMoraleDescription": "Inizio Turno: ottiene 1 [Enhancement], 1 [TakeHpHealIncrease], e 1 [Vulnerable]",
      "panicDescription": "Inizio Turno: ottiene 2 [Enhancement], 2 [TakeHpHealIncrease], e 1 [Vulnerable]"
    },
    {
      "id": 1039,
      "panicName": "Inganno",
      "lowMoraleDescription": "Se la Velocità di questa unità è maggiore del bersaglio o quando usa un'Attacco Incontrastato, infligge +10% danni al nemico",
      "panicDescription": "Se la Velocità di questa unità è maggiore del bersaglio o quando usa un'Attacco Incontrastato, infligge +20% danni al nemico; se la Velocità di questa unità è maggiore del bersaglio, subisce -20% danni"
    }
  ]
}