{
  "dataList": [
    {
      "id": 1030,
      "panicName": "Bridle of Nihility",
      "lowMoraleDescription": "Turn Start: gain 1 [Enhancement] and 3 [DefenseDown]. Take 5 SP at Turn End.",
      "panicDescription": "Turn Start: gain 2 [Enhancement] and 6 [DefenseDown]. Heal 10 SP at Turn End."
    },
    {
      "id": 9996,
      "panicName": "Thorns",
      "lowMoraleDescription": "On Clash Win, gain 1 [AttackDmgUp]",
      "panicDescription": "On Clash Win, gain 1 [AttackDmgUp]. At Turn End, gain 2 [ParryingResultUp] next turn."
    }
  ]
}