{
  "dataList": [
    {
      "id": 811301,
      "name": "Santata's Guffaw",
      "desc": "At 10+ [Charge] Count, gain [AaCeSeBa] next turn.\nAt 30%- Core HP, gain [AaCeSeBa] every turn.",
      "summary": ""
    },
    {
      "id": 811302,
      "name": "Lights Out",
      "desc": "Lose all [Charge] Count when this unit is Staggered.",
      "summary": ""
    },
    {
      "id": 811303,
      "name": "Scattering Breath",
      "desc": "Lose 1 [Breath] when hit by an Attack Skill",
      "summary": ""
    },
    {
      "id": 811304,
      "name": "I CAN'T BAG THE GIFTS!!",
      "desc": "Base Power -2 to 'Let's Get Packing' if the Gift Sack Part is broken.",
      "summary": ""
    }
  ]
}