{
    "dataList": [
        {
            "id": 9007701,
            "name": "A Crab-eat-crab World",
            "desc": "At less than 70% HP, targets another ally with the least current HP.\nWhen attacking an ally, heals HP by the damage dealt.\nWhen defeating an ally, heals HP by double the damage dealt."
        },
        {
            "id": 9007801,
            "name": "A Crab-eat-crab World",
            "desc": "At less than 70% HP, targets another ally with the least current HP.\nWhen attacking an ally, heals HP by the damage dealt.\nWhen defeating an ally, heals HP by double the damage dealt."
        },
        {
            "id": 9007901,
            "name": "A Crab-eat-crab World",
            "desc": "At less than 70% HP, targets another ally with the least current HP.\nWhen attacking an ally, heals HP by the damage dealt.\nWhen defeating an ally, heals HP by double the damage dealt."
        },
        {
            "id": 9008001,
            "name": "A Crab-eat-crab World",
            "desc": "At less than 70% HP, targets another ally with the least current HP.\nWhen attacking an ally, heals HP by the damage dealt.\nWhen defeating an ally, heals HP by double the damage dealt."
        },
        {
            "id": 9008101,
            "name": "A Crab-eat-crab World",
            "desc": "At less than 70% HP, targets another ally with the least current HP.\nWhen attacking an ally, heals HP by the damage dealt.\nWhen defeating an ally, heals HP by double the damage dealt."
        },
        {
            "id": 9008102,
            "name": "Molted Shell Shot",
            "desc": "Encounter Start: Gain 1 Molted Shell Shot"
        }
    ]
}