{
  "dataList": [
    {
      "id": 836301,
      "name": "BLACK Damage",
      "desc": "When this unit deals damage, it also deals 1~3 SP damage"
    },
    {
      "id": 836401,
      "name": "Fruit of Understanding",
      "desc": "This unit self-terminates after a certain number of turns passes"
    },
    {
      "id": 836402,
      "name": "Fruit of Understanding",
      "desc": "This unit self-terminates after a certain number of turns passes"
    },
    {
      "id": 836403,
      "name": "Fruit of Understanding",
      "desc": "This unit self-terminates after a certain number of turns passes"
    },
    {
      "id": 836601,
      "name": "Corrosion",
      "desc": "Turn End: Deal 3 damage to all enemies"
    },
    {
      "id": 836302,
      "name": "Imminent Decay",
      "desc": "This unit self-terminates after a certain number of turns passes"
    },
    {
      "id": 836602,
      "name": "Passive for the Arm Part",
      "desc": "Break the Arm to disable certain Skills"
    }
  ]
}