{
  "dataList": [
    {
      "id": 9101701,
      "name": "Risultato Collettivo",
      "desc": "Se il bersaglio Vacilla a causa degli attacchi di questa unita o [VibrationExplosion], tutti gli alleati recuperano 10PS"
    },
    {
      "id": 9014201,
      "name": "Prestito Temporale Di Emergenza",
      "desc": "A Inizio Turno: Se questa unità vacilla, ottiene +3 conteggio di [TimeRentalTwo]"
    },
    {
      "id": 9014202,
      "name": "Momento D'oro I",
      "desc": "Alla fine del turno, Se i PV sono fra il 16% e il 20%, Recupera istanteamente fino al 60% dei PV massimi, e smetti di Vacillare. (al massimo una volta)"
    },
    {
      "id": 9014203,
      "name": "Contraccolpo Temporale I",
      "desc": "Dopo aver attivato Momento D'oro, ottiene 2 [Vulnerable] all'inizio del turno successivo"
    },
    {
      "id": 9014204,
      "name": "Pronto Al Prestito Temporale",
      "desc": "A Inizio Turno: Se questa unità non possiede [TimeRentalTwo], ottiene +5 Conteggio di Vibrazione"
    },
    {
      "id": 9014301,
      "name": "Momento D'oro II",
      "desc": "Alla fine del turno, Se i PV sono fra il 10% e il 20%, Recupera istanteamente fino al 80% dei PV massimi, e smetti di Vacillare. (al massimo una volta)"
    },
    {
      "id": 9014302,
      "name": "Contraccolpo Temporale II",
      "desc": "Dopo aver attivato Momento D'oro, ottiene 3 [Vulnerable] all'inizio del turno successivo"
    },
    {
      "id": 9014303,
      "name": "Prestito Temporale",
      "desc": "A inzio Incontro: Ottiene +4 Conteggio di [TimeRentalTwo]"
    }
  ]
}