{
  "dataList": [
    {
      "id": 130601,
      "name": "Duello",
      "desc": "After Clashing, inflict 1 [DuelEdge] against the target this unit Clashed against\nIn a Clash against targets with [DuelEdge], heal 3 SP for every [DuelEdge] Stack on target (max 15)"
    },
    {
      "id": 130602,
      "name": "Palermitan Style",
      "desc": "Gain the following effects based on the target's [DuelEdge] Stack\n- For every Stack, deal +5% damage against and take -5% damage from the target with [DuelEdge]\n- At 1+ Stack, in a Clash against targets with [DuelEdge], gain Clash Power +1\n- At 2+ Stack, in a Clash against targets with [DuelEdge], gain Base Power +1\n- At 3+ Stack, in a Clash against targets with [DuelEdge], gain Coin Power +1 and inflict 3 [SeveredTendon] On Hit\n- At 4+ Stack, in a Clash against targets with [DuelEdge], gain Final Power +1"
    },
    {
      "id": 130603,
      "name": "Palermitan Rapier / The Cleaving Blade",
      "desc": "If this unit's Skill effects triggered [VibrationExplosion], gain 2 [AttackUp] next turn (3 times per turn)"
    },
    {
      "id": 130604,
      "name": "Hunter's Mark",
      "desc": "Every 3 turns, select a random enemy (except Ryōshū), reduce their Speed to 1, and target it with all of this unit's Skills\n(If this effect could not be activated due to Stagger, activate it next turn)"
    },
    {
      "id": 130605,
      "name": "A Textbook with a Singular Purpose",
      "desc": "Encounter Start: gain [TeachersCommand]\nIn a Clash against Ryōshū, Clash Power -3 and convert the Coins on this unit's Base Attack Skills into [SuperCoin]s.\nAlso, on Clash Lose, deal -80% damage and any \"On Hit\" effects do not activate"
    },
    {
      "id": 130701,
      "name": "Searching Arm - Partial Deterrence Release",
      "desc": "If an Arm is Part Broken, convert the Coins on the remaining Arm's Skills to [SuperCoin]s, and they gain +1 Atk Weight\n- When using a Skill affected by this effect, gain 1 [RapidGrowthApple]"
    },
    {
      "id": 130702,
      "name": "Ebony Queen - Partial Deterrence Release",
      "desc": "If this unit has Roots, gain 1 [HowDareYouApple] after its Fruit Part is hit\n\nAt 4 [HowDareYouApple], use a powerful Skill that inflicts powerful negative effects\n\nIf this unit does not have Roots, neither gain nor lose [HowDareYouApple]\nWhen the Fruit Part gets broken, lose [HowDareYouApple]"
    },
    {
      "id": 130703,
      "name": "Entangling Roots",
      "desc": "Turn Start: inflict 2 [Binding] on all enemies\nThis lasts until the Roots are broken"
    },
    {
      "id": 130704,
      "name": "One Sole Root",
      "desc": "The Roots Part gains 3 [Enhancement] for every unbroken Arm Part\nDoes not gain this effect if the Roots are broken"
    },
    {
      "id": 131901,
      "name": "Armor of Protection & Repression",
      "desc": "Turn Start: if this unit isn't Staggered, gain 2 [Protection], 10 [DefenseUp], and Shield HP equal to 10% of this unit's current HP\n\nEvery time this unit uses \"Repressed Flesh\" Skill in this Encounter, gain 1 fewer [Protection], 5 fewer [DefenseUp], and reduce the percentage mentioned above by 5%"
    },
    {
      "id": 131902,
      "name": "Iron Maiden - Spikes",
      "desc": "If this unit isn't Staggered, when hit by the last Coin of an attacker, activate the following:\n- Deal Pierce damage by 20% of the said Coin's damage and inflict 2 [Laceration] (max damage per Skill: 100)\n- Damage from this effect cannot Stagger the target"
    },
    {
      "id": 131903,
      "name": "Iron Maiden - Defibrillation",
      "desc": "Upon entry, heal 30 SP\n\nAt 60% HP, recover from Stagger and end the turn (once per Encounter)"
    },
    {
      "id": 131904,
      "name": "Corpus Spent as Material",
      "desc": "Take -30% HP, SP damage from [Combustion], [Burst], [Sinking]; -30% to Stagger Threshold raised by [Vibration]\nTake -50% damage from [Laceration]"
    },
    {
      "id": 131905,
      "name": "Fascia, My Precious Artwork",
      "desc": "Turn End: at 2 [HumanFleshTheRings], [HumanFleshTheRings] expires next turn; then, gain [BoneBladeTheRings]\n\nTurn Start: if this unit has [BoneBladeTheRings], use a powerful attack this turn\n\nIf this unit is hit by an Attack Skill before using the powerful attack, gain 1 [UnsteadyTheRings]"
    },
    {
      "id": 131801,
      "name": "Training to Inherit the Name of a Star",
      "desc": "After Attack Skill End, deal (# of Slash Coins that hit Critically x 10) Slash damage against each target (cannot be Staggered due to this damage)"
    },
    {
      "id": 131802,
      "name": "Singular Focus of the Mind",
      "desc": "This unit's [Breath] Potency is capped at 25\nAny excess [Breath] Potency gained past 25 will be converted to [DicipleLittleFinger]"
    },
    {
      "id": 131803,
      "name": "The Orthodox Blade [整劍]",
      "desc": "Encounter Start: gain 50 [DicipleLittleFinger]"
    },
    {
      "id": 131804,
      "name": "Tranquility [靜念]",
      "desc": "If this unit has [DicipleLittleFinger], gain the following effects:\n- SP does not drop below 0; if it was below 0, recover to 0\n- Convert any SP damage taken into Gloom damage (save for SP changes due to \"Base factors increasing/decreasing Sanity\")"
    },
    {
      "id": 131805,
      "name": "Grace",
      "desc": "In a Clash against targets that aren't Ryōshū, Clash Power -2\nTake -20% damage from targets other than Ryōshū"
    },
    {
      "id": 130801,
      "name": "Charmed",
      "desc": "Turn Start: based on the number of units in the Encounter, inflict [FairyCharm] on Sinners with the slowest Speed\nNumber of [FairyCharm] units increases every time the Fairy Part is restored "
    },
    {
      "id": 130802,
      "name": "Uncovered Abyss",
      "desc": "Reveal body when the Fairy Part is broken\nAll Buffs and Debuffs expire when the Body hides again"
    },
    {
      "id": 130803,
      "name": "Leading Lure",
      "desc": "Cannot damage Core HP by damaging the Fairy\nA certain Skill gains Atk Weight based on the number of [FairyCharm] units"
    },
    {
      "id": 130804,
      "name": "Broken Stump",
      "desc": "When the Body is broken:\n- Fairy will have 60% of its max HP upon restoration\n- Core heals +20 more HP with Skill effects"
    },
    {
      "id": 130805,
      "name": "Evolving Lure",
      "desc": "Fairy gains 30% increased max HP with each restoration"
    },
    {
      "id": 130806,
      "name": "Fairy Dust",
      "desc": "When the Fairy is killed, all Identities gain 5 [Breath] and +2 [Breath] Count next turn"
    },
    {
      "id": 130807,
      "name": "Increased Aggression - Partial Deterrence Release",
      "desc": "Use more powerful Skills after the Fairy is restored for the second time"
    },
    {
      "id": 130901,
      "name": "Dimensional Escape",
      "desc": "Starting from turn 2, this unit summons 4 random Dimensions and hides\n- When all Parts are Staggered, this effect activates next turn\n- Cannot be Staggered while hidden inside a 'Dimensional Rift'."
    },
    {
      "id": 130902,
      "name": "Trapped Dimensional Escape",
      "desc": "When all 'Dimensional Rifts' are broken, this unit voluntarily emerges from a 'Dimensional Rift' next turn\nAfterward, this unit loses 5 [Charge] Count and all of its Parts' Stagger Thresholds are raised by 30"
    },
    {
      "id": 130903,
      "name": "Regenerate Dimensional Refraction Blade",
      "desc": "When the Blade Part is broken, lose 5 [Charge] Count\nAt the next Turn End, consume 2 [Charge] Count to restore the broken Blade.\n\nWhile the Blade Part is broken, gain 2 [AttackDown] at every Turn Start."
    },
    {
      "id": 130904,
      "name": "Forced Dimensional Breach Attempt - Partial Deterrence Release",
      "desc": "At 60% or less Core HP, end turn and gain a new pattern\n- Deactivate \"Dimensional Escape\" Passive\n- Deactivate \"Trapped Dimensional Escape\" Passive\n- If neither of its Arms are broken, use a powerful Skill every few turns"
    },
    {
      "id": 131001,
      "name": "Hemorrhaging Dimension",
      "desc": "Deal +10% damage after passing through the Hemorrhaging Dimension"
    },
    {
      "id": 131101,
      "name": "Poisonous Dimension",
      "desc": "Core gains +20% max HP after passing through the Poisonous Dimension"
    },
    {
      "id": 131201,
      "name": "Tremoring Dimension",
      "desc": "Gain 1 Speed after passing through the Tremoring Dimension"
    },
    {
      "id": 131301,
      "name": "Electrifying Dimension",
      "desc": "Gain +1 Coin Power after passing through the Electrifying Dimension"
    }
  ]
}