{
  "dataList": [
    {
      "id": 40000201,
      "name": "Paired Assault",
      "desc": "When an ally deals damage by striking an enemy, use the Skill 'Weakness Thrust' as an Unopposed Attack after the ally's attack ends (2 times per turn)"
    },
    {
      "id": 40000202,
      "name": "Aiding Stab",
      "desc": "When an enemy attacks an other ally, and if the allied unit has less than 25% HP after the attack, use the Skill 'Aiding Strike' as an Unopposed Attack against the attacker (once per Encounter)"
    },
    {
      "id": 40000203,
      "name": "Siphoning Fulfillment",
      "desc": "Turn End: gain 1 Defense Level Up next turn for every 3 Poise on self (max 6)"
    },
    {
      "id": 40000204,
      "name": "Morale Boost",
      "desc": "On Kill, heal 10 SP for 2 Sinners with the least SP"
    }
  ]
}