{
  "dataList": [
    {
      "id": 815101,
      "name": "Sin Resistance",
      "desc": "Unless this unit is Staggered or Part Broken, take 50% less [Combustion] damage."
    },
    {
      "id": 815201,
      "name": "Sin Resistance",
      "desc": "Unless this unit is Staggered or Part Broken, take 50% less [Sinking] damage."
    },
    {
      "id": 815301,
      "name": "Resentful Scabbard",
      "desc": "Gain [Grudge] at Turn Start if 'To Claim Your Bones' is in the Skill Slot. Remove [Grudge] at Turn End"
    },
    {
      "id": 815402,
      "name": "Blade Dance",
      "desc": "At 20% HP, gains a new pattern.\nAt 20%- HP, starting next turn, gain 20 [Grudge] every turn. [Grudge] no longer expires"
    },
    {
      "id": 815403,
      "name": "Growing Resentment",
      "desc": "When taking Sinking damage, gain 1 Defense Level Down next turn. (5 times per turn)"
    }
  ]
}