{
  "dataList": [
    {
      "id": 9101701,
      "name": "Collective Achievement",
      "desc": "If the target is Staggered by this unit's Attack or [VibrationExplosion], all allies heal 10 SP"
    },
    {
      "id": 9014201,
      "name": "Emergency Time Loan",
      "desc": "Turn Start: If this unit is staggered, gain +3 [TimeRentalTwo] Count."
    },
    {
      "id": 9014202,
      "name": "Golden Time I",
      "desc": "At the end of the turn, if the HP is between 16% and 20%, instantly heal up to 60% of Max HP, and recover from stagger. (One time max)"
    },
    {
      "id": 9014203,
      "name": "Time Recoil I",
      "desc": "After activating Golden Time, gain 2 [Vulnerable] at the next Turn Start"
    },
    {
      "id": 9014204,
      "name": "Ready to Borrow Time",
      "desc": "Turn Start: If this unit does not have [TimeRentalTwo], gain +5 Tremor Count"
    },
    {
      "id": 9014301,
      "name": "Golden Time II",
      "desc": "At the end of the turn, if the HP is between 10% and 20%, instantly heal up to 80% of Max HP, and recover from stagger. (One time max)"
    },
    {
      "id": 9014302,
      "name": "Time Recoil II",
      "desc": "After activating Golden Time, gain 3 [Vulnerable] at the next Turn Start"
    },
    {
      "id": 9014303,
      "name": "Borrow Time",
      "desc": "Encounter Start: Gain +4 [TimeRentalTwo] Count"
    }
  ]
}