{
  "dataList": [
    {
      "id": 123806,
      "name": "Nightmare of La Manchaland",
      "desc": "If there are La Manchaland Bloodfiends among the enemies, gain the following effects:\n- In a Clash against La Manchaland Bloodfiends, lose 4 Clash Power\n- When attacking La Manchaland Bloodfiends, lose 5 SP (once per Skill; 2 times per turn)\n- Deal -20% Skill damage against La Manchaland Bloodfiends"
    },
    {
      "id": 123801,
      "name": "Stored Blood",
      "desc": "At Turn End, depending on the [KeptBlood] Stack on self:\n- Inflict +2 [Laceration] and +1 [Laceration] Count on self for every Stack\n- At 5 or fewer Stack: gain 1 [Binding], 1 [Vulnerable], 1 [AttackDown] and lose 5 SP next turn for every (6 - Stack) (this effect cannot reduce this unit's SP below -20)\n- At more than 5 Stack: gain 1 [AttackUp], 1 [DefenseUp], and heal 8 SP next turn for every (Stack - 5) (this effect cannot increase this unit's SP higher than 30)"
    },
    {
      "id": 123805,
      "name": "Sanguivore - Coagulation",
      "desc": "Upon entry, heal 30 SP\nTurn Start: if this unit has [Laceration],\n- Gain 1 [AttackUp] and 1 [DefenseUp] for every 5 [Laceration] (max 5)\n- Gain 1 [ParryingResultUp] for every 10 [Laceration] (max 2)\nTake -50% [Laceration] damage (rounded down)"
    },
    {
      "id": 130502,
      "name": "Prosthesis Model - L37",
      "desc": "Upon entry, heal 20 SP\nTurn Start: For every 1 [Charge] Count, heal 1 SP (max 15)\nTurn Start: At less than 5 [Charge] Count, inflict 1 [Reduction] on self\nTurn Start: At 5+ [Charge] Count, gain 2 [ParryingResultUp]\nTurn Start: At 10+ [Charge] Count, gain 1 [PlusCoinValueUp]\nTurn Start: At 15+ [Charge] Count, deal +([Charge] Count on self x 2)% damage with Base Attack Skills"
    }
  ]
}