{
    "dataList": [
        {
            "id": 9009801,
            "name": "Suppressed Pallidification",
            "desc": "At Turn Start, gain Offense Level and Defense Level by the number of surviving allies (not including this unit)",
            "summary": ""
        },
        {
            "id": 9009802,
            "name": "Captain's Orders",
            "desc": "At Turn Start, heal SP by (# of other surviving allies x 3)",
            "summary": ""
        },
        {
            "id": 9009803,
            "name": "Injected Hatred and Animosity",
            "desc": "Turn End: At 50%- HP, gain 1 Attack Power Up next turn. (once per encounter)",
            "summary": ""
        },
        {
            "id": 9009804,
            "name": "Crashing Pallidification",
            "desc": "Turn End: At less than 0 SP, 50% chance to change Skill patterns.",
            "summary": ""
        }
    ]
}