{
  "dataList": [
    {
      "id": 858801,
      "name": "Injected Hatred and Animosity",
      "desc": "Turn End: At 50%- Core HP, gain 1 [Enhancement] next turn. (once per encounter)"
    },
    {
      "id": 857801,
      "name": "White Gossypium",
      "desc": "Turn End: un-Stagger enemies, and inflict (Stagger LV x 8) [Laceration] and 2 [Reduction] on them next turn."
    },
    {
      "id": 857802,
      "name": "Binding Roots",
      "desc": "Turn End: Apply 1 [Binding] to all enemies with Gossypium"
    },
    {
      "id": 857803,
      "name": "Red-stained Gossypium",
      "desc": "At 20%- Core HP, become [MRcAfBb] at Turn End. This [MRcAfBb] does not expire."
    },
    {
      "id": 857804,
      "name": "To be Drenched in Blood",
      "desc": "When hitting a target with an Attack Skill, heal HP equal to [Laceration] on target."
    },
    {
      "id": 857805,
      "name": "Gossypium Planting",
      "desc": "If this unit loses a Clash using Scattering Gossypium, use Encroaching Gossypium next turn."
    },
    {
      "id": 857806,
      "name": "Flowering Gossypium",
      "desc": "When the Body Part is broken, halve the value of Gossypium on all enemies."
    },
    {
      "id": 857701,
      "name": "Flaming Ember",
      "desc": "Convert a number of non-Wrath Affinity Skills equal to the value of Ember into Wrath Affinity."
    },
    {
      "id": 857702,
      "name": "Interlocking Ardor Blossom",
      "desc": "On Hit, inflict [Combustion] equal to (# of Wrath Affinity Skills that the Ardor Blossom Moth will use this turn).\nOn Hit, heal HP equal to (# of Wrath Affinity Skills that the Ardor Blossom Moth will use this turn x2)."
    },
    {
      "id": 857703,
      "name": "The Last Ember",
      "desc": "At 30%- HP, gain +1 more [MRcAiBa]"
    },
    {
      "id": 857704,
      "name": "Stoke the Flames",
      "desc": "When using Ardor Blossom Star, if the Abnormality has 0 [MRcAiBa], use Stoke the Flames."
    },
    {
      "id": 858501,
      "name": "Contempt and Gaze",
      "desc": "Inflict 1 [MRcAmBc] against the target every time the 'Hands' Part is hit. (3 times per turn)\nUnits with [MRcAmBa] cannot gain [MRcAmBc].\nWhen 'Grasp' unit with [MRcAmBa] is broken, all Abnormality Parts gain 3 [Vulnerable] next turn."
    },
    {
      "id": 858502,
      "name": "All-beholding Gaze",
      "desc": "When the Core HP drops below 30% of Max HP, remove [MRcAmBa] and [MRcAmBc] from all Identities; then, inflict [MRcAmBd] against all Identities."
    },
    {
      "id": 858503,
      "name": "Crushing Grasp",
      "desc": "On certain turns, if none of the enemies have [MRcAmBbDisplay], use Crush."
    },
    {
      "id": 858504,
      "name": "Compounded Contempt",
      "desc": "Turn End: Gain 1 [CrimsonTakeDamageUp], [ScarletTakeDamageUp], [AmberTakeDamageUp], [ShamrockTakeDamageUp], or [AzureTakeDamageUp] (Max 3) for every 10 Potency of [Combustion], [Laceration], [Vibration], [Burst], or [Sinking] on self, respectively."
    },
    {
      "id": 858505,
      "name": "Penetrated Gaze",
      "desc": "When hit with a Critical Hit, gain 1 [IndigoTakeDamageUp] once per Skill (Max 3)\nWhen hit with a Skill that consumed 8+ [Charge] Count, gain 1 [VioletTakeDamageUp] once per Skill. (Max 3)"
    },
    {
      "id": 860401,
      "name": "Grasp",
      "desc": "Turn End: at 2- [MRcAmBbDisplay] value, deal damage equal to half of the target's Max HP. Then, all Parts of Spiral of Contempt heals the same amount of HP as the damage dealt by this effect."
    },
    {
      "id": 860402,
      "name": "Rescue",
      "desc": "Turn End: If this unit had Contempt when getting Grasped, remove Contempt from all Identities when the Grasp is broken by an Identity."
    },
    {
      "id": 857301,
      "name": "Exposed Pearl",
      "desc": "Turn Start: If at 0 Green Slime, become Staggered. When the Pearl Part is Staggered, Pearl Part loses all Affinity Resistances by 0.5.\nGain 10 Green Slime when recovering from Stagger."
    },
    {
      "id": 857302,
      "name": "Gathering Slime",
      "desc": "Fix this Part's speed to 3 for a turn when using Devouring Fluid."
    },
    {
      "id": 857401,
      "name": "Contaminating Slime",
      "desc": "Turn End: Apply (4 + Surviving Green Slime) Poison to all enemies."
    },
    {
      "id": 857501,
      "name": "Underwater Breathing",
      "desc": "Starting from turn 2, gain 10 Poise this turn if the Fluorescence Part isn't broken. Gain +3 Poise Count.\nStarting from turn 2, gain 1 Paralyze and 1 Damage Down this turn if the Fluorescence Part is broken."
    },
    {
      "id": 858601,
      "name": "Connected Hurt",
      "desc": "Upon death, deal 10 damage to connected Mermaids. Then, apply 2 Damage Up next turn."
    }
  ]
}