{
  "dataList": [
    {
      "id": 827701,
      "name": "Tempo Risparmiato",
      "desc": "Ottieni 1000 [LimitedTime] a inizio incontro"
    },
    {
      "id": 827702,
      "name": "Rigenerazione Accelerata",
      "desc": "Alla fine del turno: Se una parte è rotta, spendi 100 Tempo da quella parte per farla guarire il prossimo turno."
    },
    {
      "id": 827801,
      "name": "Il Tempo è Di Tutti",
      "desc": "Al 75% dei PV, entra nella seconda fase. Al cambio di fase, recupera PS fino a 30, e dividi [LimitedTime] fra tutte le parti come [OwnTime]."
    },
    {
      "id": 827802,
      "name": "Pari Spese",
      "desc": "A Fine Turno: ottiene [EquitableDistribution]."
    },
    {
      "id": 827803,
      "name": "Per La Collettiva Temporale",
      "desc": "A Inizio Turno: Tuute le parti ottengono 5 [Protection]."
    },
    {
      "id": 827804,
      "name": "Prendi Prima Il Loro!",
      "desc": "A 60%- PV, converti [EquitableDistribution] in [UnfairDistribution]."
    }
  ]
}