{
    "dataList": [
        {
            "id": 9010101,
            "name": "Fresh Human-omes!",
            "desc": "Every surviving enemy gives this unit +2% chance to flip Heads. (Max 95%)",
            "summary": ""
        },
        {
            "id": 9010102,
            "name": "Mine-omes",
            "desc": "Turn End: when there are more surviving enemies than surviving allies, gain 1 [Agility] and 1 [Enhancement] next turn.",
            "summary": ""
        }
    ]
}