{
    "dataList": [
        {
            "id": 113101,
            "name": "Failed Ambush",
            "desc": "Turn End: if this unit lost a Clash this turn, gain 2 [Binding] next turn"
        },
        {
            "id": 113102,
            "name": "Jia Qiu's Test",
            "desc": "First Turn Start: gain [RepressedMurderousIntendTwo]\nEnds Encounter when Hong Lu dies"
        },
        {
            "id": 113701,
            "name": "Effloresced E.G.O::Érlì",
            "desc": "First Turn Start: heal 30 SP and gain [ExaminationOfQiu]"
        },
        {
            "id": 113702,
            "name": "Deteriorate (削貶)",
            "desc": "If target has 4+ negative effects, Clash Power +1"
        },
        {
            "id": 113703,
            "name": "Deathrite [Halt (勿動)]",
            "desc": "Deal +10% damage against targets with [BurstStop]"
        },
        {
            "id": 113704,
            "name": "Deathrite [Impede (掣肘)]",
            "desc": "Take -20% damage from targets with [BurstSuppress]"
        },
        {
            "id": 113706,
            "name": "Heed me, Zilu",
            "desc": "Gains a new pattern at 85% HP\nEnter a new phase at 60% HP"
        },
        {
            "id": 113707,
            "name": "This is where your path ends",
            "desc": "Ends encounter when Hong Lu dies"
        },
        {
            "id": 113708,
            "name": "Overwhelm",
            "desc": "When an Identity's HP drops to 1 or below, retreat them from the Encounter"
        },
        {
            "id": 113301,
            "name": "Estimation",
            "desc": "Turn End: for every Clash this unit lost, gain 1 Binding next turn (max 6)"
        },
        {
            "id": 113302,
            "name": "Shin (心) Radiance",
            "desc": "First Turn Start: heal 30 SP\nGains a new pattern at 85% HP\nGain 500 Shield at Turn Start, at 60% HP\n- After this effect activates, this unit does not drop below 1 HP"
        },
        {
            "id": 114101,
            "name": "Effloresced E.G.O::Érlì",
            "desc": "First Turn Start: gain [ExaminationOfQiu]"
        },
        {
            "id": 114102,
            "name": "Diminish (貶)",
            "desc": "If target has 3+ types of Deathrites, Coin Power +1"
        },
        {
            "id": 114104,
            "name": "I will ask again",
            "desc": "Ends the Encounter at 50% HP "
        },
        {
            "id": 114105,
            "name": "Focus",
            "desc": "When using 'Bring Forth a Real Answer', summon the Heishou"
        },
        {
            "id": 114106,
            "name": "Focus",
            "desc": "Begins the Encounter with half the Potency and Count for the following effects this unit had at the start of this phase: [Burst], [Combustion], [Sinking], [Vibration], [Laceration]"
        },
        {
            "id": 113709,
            "name": "Infinite Song of Erudition",
            "desc": "After Attack: heal 5 SP for every Deathrite on the target\nOn Hit, when the target's Deathrite is triggered, heal 3 SP for every Deathrite triggered"
        },
        {
            "id": 114107,
            "name": "I still await your answer.",
            "desc": "Every Turn Start: Core and Part gain 900 Shield.\n- When Hong Lu has [Teaching], lose 300 Shield per Stack on Hong Lu\n- When Hong Lu has 3+ [Teaching], this unit does not gain Shield for the rest of the Encounter"
        },
        {
            "id": 115701,
            "name": "Hate",
            "desc": "Final Power +2 in Clashes against Hong Lu"
        },
        {
            "id": 115702,
            "name": "Unleashed Curse",
            "desc": "Turn Start: gain [AttackUp] equal to the number of Jars defeated in this Encounter (max 5)"
        },
        {
            "id": 115703,
            "name": "Returning the Pain",
            "desc": "Deal +1% damage for every 1% missing HP on self (max 50%)"
        },
        {
            "id": 115801,
            "name": "Bolus of... Immortality?",
            "desc": "On Hit with a Skill: heal 10% of the damage dealt (rounded down)\nIf target has [MadFeather], heal additional ([MadFeather] Stack on target)% HP"
        },
        {
            "id": 115802,
            "name": "I'VE NEVER FELT BETTER!",
            "desc": "On Hit, heal 3 SP on self"
        },
        {
            "id": 115803,
            "name": "MY REVENGEANCE HAS JUST BEGUN!",
            "desc": "Gain 1 [AttackUp] next turn every time this unit loses a Clash (max 3)"
        },
        {
            "id": 115804,
            "name": "Rupture by Feathers",
            "desc": "Whenever this unit hits the same target three times in the same turn, inflict 1 [Vulnerable] next turn"
        },
        {
            "id": 115805,
            "name": "Rampage",
            "desc": "Offense Level +1 and Defense Level -1 for every 15% HP this unit cumulatively lost in this Encounter (max 6)"
        },
        {
            "id": 115901,
            "name": "Wounded",
            "desc": "Encounter Start: enters the battle with 80% HP"
        },
        {
            "id": 115902,
            "name": "Master of the Deathrite Monks",
            "desc": "Turn End: at 20 or less SP, this unit siphons 10 SP from 3 random allies with the highest SP to heal its own SP\n\nTurn Start: Apply 2 [AttackDmgUp] to all other allies with -20 or less SP"
        },
        {
            "id": 115903,
            "name": "Wicked Energy",
            "desc": "When inflicting [OminousTalisman] on an enemy, if the target already has [OminousTalisman], consume up to 3 [OminousTalisman] on the target and inflict the same value as [DefenseDown] Stacks to the target this turn and next turn"
        },
        {
            "id": 115904,
            "name": "Dammit... Take them out!",
            "desc": "In this Encounter, if this unit takes damage that brings this unit's HP down to half or less, nullify that damage and end the turn. Then, move to the rearmost position of the Substitution order (when Staggered, recover immediately)\n\nIf there are no more enemies to Substitute in, or if there aren't enough of them left, (as in, if there are more dead enemies this turn than there are waiting to Substitute into the Encounter) this effect does not activate"
        },
        {
            "id": 115905,
            "name": "The Battle's End",
            "desc": "When Wang Qingshan loses all HP in this Encounter, the Encounter ends"
        },
        {
            "id": 116701,
            "name": "Ugh... these damn engravings...!",
            "desc": "Turn End: at 7+ [Charge], gain 4 [DefenseDown] and 3 [AttackDmgUp] next turn"
        },
        {
            "id": 116702,
            "name": "Your shabby weapons are incomparable to mine",
            "desc": "If this unit inflicted 4 or more [Burst] during this turn, gain +3 [Charge] Count at Turn End (once per turn)"
        },
        {
            "id": 116703,
            "name": "Is that all you've got?",
            "desc": "Turn Start: gain 1 [AttackDmgUp] for every [Charge] on self"
        },
        {
            "id": 116704,
            "name": "The Battle's End",
            "desc": "When Shi Hua... something? loses all HP in this Encounter, the Encounter ends"
        },
        {
            "id": 116705,
            "name": "Deploy Lightning Shield",
            "desc": "Turn Start: if this unit has [Charge], gain (100 - (([Charge] - 1) x 10)) Shield. At 7+ [Charge], this unit no longer gains Shield with this Passive."
        },
        {
            "id": 116001,
            "name": "That's how you use your human resources",
            "desc": "Turn Start: if this unit has 50% or less HP, sacrifice a random Shi Family Mercenary to heal (10% of this unit's HP + 50% of the sacrificed unit's HP) HP, heal 25 SP, and recover from Stagger (once per turn)"
        },
        {
            "id": 116002,
            "name": "Jin Gang, Unbreakable Diamond",
            "desc": "Turn Start: gain 5 [Protection]\n- Gain fewer Stacks depending on this unit's [Charge]\n- At 5+ [Charge], this unit no longer gains [Protection] with this Passive"
        },
        {
            "id": 116003,
            "name": "The Battle's End",
            "desc": "When Shi Sijing loses all HP in this Encounter, the Encounter ends"
        },
        {
            "id": 115704,
            "name": "The Battle's End",
            "desc": "When Xue Pan loses all HP in this Encounter, the Encounter ends"
        },
        {
            "id": 115806,
            "name": "The Battle's End",
            "desc": "When Shi Yihua loses all HP in this Encounter, the Encounter ends"
        },
        {
            "id": 114401,
            "name": "My Lord",
            "desc": "Turn Start: heal 30 SP\nTurn Start: gain up to 500 Shield\n- This unit does not drop below 1 HP"
        }
    ]
}