{
  "dataList": [
    {
      "id": 814201,
      "name": "Dueling",
      "desc": "When HP falls below 50%, uses a special skill to target 1 unit, then becomes immune to Stagger and Panic for the next 2 turns.\nIf Yi Sang has 'Dueling', Dongbaek gains 1 Attack Power Up.\nIf Yi Sang wins the duel, all allies gain 3 Damage Up next turn.\nIf Dongbaek wins the duel, Dongbaek fully heals SP."
    },
    {
      "id": 118301,
      "name": "I am yet to hear your answer.",
      "desc": "Every Turn Start: Core and Part gain 900 Shield.\n- When the unit with the earliest Deployment order has [Teaching], lose 300 Shield per Stack\n- When the unit with the earliest Deployment order has 3+ [Teaching], this unit does not gain Shield for the rest of the Encounter"
    },
    {
      "id": 118701,
      "name": "Watch this little girl...!",
      "desc": "If there are this unit's summoned units at Turn Start, heal 10 SP"
    },
    {
      "id": 124105,
      "name": "Tigermark Round Reload",
      "desc": "Turn End: at 90% or less HP, or at the end of the 2nd turn, reload [BulletPropellant] and gain a new pattern next turn\n- If this unit is Staggered, recover from Stagger"
    },
    {
      "id": 124106,
      "name": "Lei Heng [雷橫]",
      "desc": "Turn End: at 80% or less HP, or at the end of the 4th turn, gain a new pattern next turn\n- Use a powerful attack ('Tanglecleaver'), repeat every 3rd turn. +10 to Min & Max Speed for turns in which this unit uses this Skill\n- At the start of that turn, gain 25 [BattleSense]\n- If this unit is Staggered, recover from Stagger"
    },
    {
      "id": 124107,
      "name": "Tiantui Star [天退星]",
      "desc": "If this unit's HP dropped to 60% or below at Turn End, or if this unit is set to use a powerful attack ('Tanglecleaver') next turn for the second time this Encounter, gain a new pattern next turn\n- When that turn starts, gain 1 [Irritation]\n- When that turn starts, gain 18 [BulletPropellantSpecial] and reload immediately\n· If this unit spends all [BulletPropellantSpecial], convert the effect to [BulletPropellant] and summon 2 of \"Stern Soldato of the Thumb\" units next turn and have them supply this unit with [BulletPropellantSpecial]\n- When Staggered, recover from Stagger"
    },
    {
      "id": 124108,
      "name": "Lei Heng, The Pinky's Tiantui Star",
      "desc": "Turn End: at 40% or less HP, or if this unit is set to use a powerful attack ('Tanglecleaver') next turn for the third time this Encounter, gain a new pattern next turn\n- Replace the powerful attack 'Tanglecleaver' with 'Savage Tigerslayer's Perfected Flurry of Blades'. +15 to Min & Max Speed for turns in which this unit uses this Skill\n- Convert [BattleSense] to [RestoredBattleSense]\n- Convert [Irritation] to [DerivativeHugeIrritation]\n- If this unit is Staggered, recover from Stagger"
    },
    {
      "id": 124112,
      "name": "Tiantui Star's Blade - Overheat",
      "desc": "If this unit used a powerful attack ('Tanglecleaver' or 'Savage Tigerslayer's Perfected Flurry of Blades'), gain [Complacency] next turn equal to the number of times those skills were used (max 5)"
    },
    {
      "id": 124301,
      "name": "I'm Stuffed",
      "desc": "At 10+ [FullCharon]...\n- Turn Start: enter a forced Stagger State (for a turn)\n- Turn End: remove [HungryCharon] and [FullCharon] completely"
    },
    {
      "id": 124302,
      "name": "Vroom-vroom. Angry now",
      "desc": "Combat Start: Vergilius gains 1 [HungryCharon]\nAt 3 [HungryCharon], uses a devastating attack (\"Vroom-Vroom\")\n※ Does not activate at \"Combat Start\" if this unit is Staggered due to [FullCharon]"
    },
    {
      "id": 124303,
      "name": "Got Candy?",
      "desc": "Turn Start: in Deployment Order, inflict 1 [GiveMeCandy] against 1 enemy without [GiveMeCandy]"
    },
    {
      "id": 124304,
      "name": "Kkomi's not a Piñata",
      "desc": "Inflict 1 [GiveMeCandy] to the target who attacked Kkomi"
    },
    {
      "id": 124001,
      "name": "Shattering, Scattering Hardblood",
      "desc": "When this unit is killed due to enemy attack or Status effect damage, increase [BloodDinner] by 30. Does not activate if this unit killed itself."
    },
    {
      "id": 124002,
      "name": "Memories of the Journeys Past",
      "desc": "Apply special effect to all allies"
    },
    {
      "id": 124003,
      "name": "Memories of the Journeys Past",
      "desc": "Turn Start: Inflict 3 [Laceration] and +1 [Laceration] Count against all enemies"
    },
    {
      "id": 124004,
      "name": "Memories of the Journeys Past",
      "desc": "Turn End: Apply 1 [RegainedStrength] on Don Quixote"
    }
  ]
}