{
  "dataList": [
    {
      "id": 90001,
      "name": "Corpo Verminoso",
      "desc": "A Fine Turno, si cura di 5 PV."
    },
    {
      "id": 90002,
      "name": "Rinforzi Nutritivi",
      "desc": "Dopo aver sconfitto un nemico, si cura di 20 PV e ottiene 5 [Endurance] il Turno successivo."
    },
    {
      "id": 90003,
      "name": "Lama Affilata",
      "desc": "Sul colpo, infligge 1-2 [Laceration].\nSe un'unità è [Target], l'attacca per prima."
    },
    {
      "id": 90004,
      "name": "Morale Basso",
      "desc": "Ottiene 1 [Vulnerable] per ogni alleato sconfitto."
    },
    {
      "id": 90005,
      "name": "Castigo",
      "desc": "Quando i PV scendono sotto il 50%, ottiene 5 [Enhancement] il Turno successivo."
    },
    {
      "id": 90006,
      "name": "Onde Mentali",
      "desc": "Sul colpo, il bersaglio perde 10 PS."
    },
    {
      "id": 9000101,
      "name": "Potenziamenti Rovinati",
      "desc": "A Inizio Turno, se quest'unità ha meno del 50% dei PV, si cura di 1 PV."
    },
    {
      "id": 9000102,
      "name": "Corpo Potenziato",
      "desc": "A Inizio Turno, se quest'unità ha meno del 50% dei PV, si cura di 2 PV."
    },
    {
      "id": 9000103,
      "name": "Potenziamento Corroso",
      "desc": "A Inizio Turno, se quest'unità ha meno del 50% dei PV, si cura di 4 PV."
    },
    {
      "id": 9100301,
      "name": "Il Grande Capo",
      "desc": "Quando quest'unità viene sconfitta, tutti i suoi alleati perdono 45 PS."
    },
    {
      "id": 9100302,
      "name": "Non I Miei Ragazzi!",
      "desc": "Quest'unità perde 15 PS ogni volta che un alleato viene sconfitto."
    },
    {
      "id": 9100401,
      "name": "Hora de Fiesta",
      "desc": "A Inizio Turno, tutti gli alleati si curano di 10 PS.\nA Inizio Turno, se quest'unità ha 20 o più PS, ottiene 1 [Enhancement] e 1 [Endurance]."
    },
    {
      "id": 9100402,
      "name": "Se Acabó la Fiesta",
      "desc": "Quando quest'unità viene sconfitta, tutti i suoi alleati perdono 45 PS."
    },
    {
      "id": 9002801,
      "name": "Proiettili PV",
      "desc": "A Inizio Turno, quest'unità si cura di 15 PV.\nSe i PV sono sotto il 50%, si cura di altri 15 PV."
    },
    {
      "id": 9003201,
      "name": "Che Il Vostro Sacrificio Sia Nobile",
      "desc": "Quando un alleato viene sconfitto, ottiene 1 [Enhancement] il Turno successivo."
    },
    {
      "id": 9003801,
      "name": "La Gioia Dell'Esecuzione",
      "desc": "Dopo aver sconfitto un nemico, ottiene 2 [AttackDmgUp] nel Turno successivo."
    },
    {
      "id": 9100501,
      "name": "Il Martello di Colei Che Stringe",
      "desc": "A Inizio Turno, tutti gli alleati si curano di 10 PS.\nQuando quest'unità viene sconfitta, tutti i suoi alleati perdono 45 PS."
    },
    {
      "id": 9100601,
      "name": "Persistenza",
      "desc": "Quando i PV scendono sotto il 50%, rimuove tutti gli status negativi nel Turno successivo, e ottiene 4 [Assemble], 1 [Enhancement] e 1 [Endurance] ogni turno."
    },
    {
      "id": 9100502,
      "name": "Voi Martellerete",
      "desc": "Se quest'unità ha [Assemble], infligge +50% danni."
    },
    {
      "id": 9004601,
      "name": "Mentalità Meccanica",
      "desc": "La Sanità è fissata a 0."
    },
    {
      "id": 9004602,
      "name": "Aspetto Duro",
      "desc": "Subisce -50% danni da [Laceration] e [Combustion]."
    },
    {
      "id": 9004603,
      "name": "ATTENZIONE! INSTABILE!",
      "desc": "Quando lo [VibrationExplosion] viene innescato su quest'unità, la sua Soglia di Vacillamento sale del 50% in più"
    },
    {
      "id": 9004604,
      "name": "ATTENZIONE! FRAGILE!",
      "desc": "Subisce +30% danni [Burst] (Arrotondato in difetto)"
    },
    {
      "id": 9004901,
      "name": "Motosega Danneggiata",
      "desc": "Dopo aver Vacillato, infligge 1 Potenza e Conteggio [Burst] in meno"
    },
    {
      "id": 9005001,
      "name": "Battitore Danneggiato",
      "desc": "Dopo aver Vacillato, infligge 1 Potenza e Conteggio [Vibration] in meno"
    },
    {
      "id": 9100701,
      "name": "Funzione di Attacco In Surriscaldamento",
      "desc": "Se un'unità viene fatta entrare in stato di Vacillamento da un attacco di quest'unità, ottiene 3 [AttackDmgUp] il Turno successivo."
    },
    {
      "id": 9100702,
      "name": "Motosega Danneggiabile",
      "desc": "Dopo aver Vacillato, infligge 3 Potenza e Conteggio [Burst] in meno"
    },
    {
      "id": 9100703,
      "name": "Battitore Danneggiabile",
      "desc": "Dopo aver Vacillato, infligge 3 Potenza e Conteggio [Vibration] in meno"
    },
    {
      "id": 9100801,
      "name": "Chiave Inglese",
      "desc": "Ottiene 1 [Resonate] per ogni colpo la cui Moneta è caduta su Testa durante il Turno. (Max 10)"
    },
    {
      "id": 9100802,
      "name": "Rappresentante dell'Officina Rosespanner",
      "desc": "Infligge più [Vibration] per ogni alleato sconfitto in quest'ondata"
    },
    {
      "id": 9100803,
      "name": "Sermbra che Sia L'Ultimo",
      "desc": "Se non ci sono altri alleati vivi, ottiene 1 [Resonate] e 1 [VibrationAssimilation] ogni Turno."
    },
    {
      "id": 9100804,
      "name": "Non Ho Altra Scelta",
      "desc": "Nel prossimo Turno, Se non ci sono altri alleati vivi, marchia come bersaglio l'ultima unità che l'ha attaccato."
    },
    {
      "id": 9100901,
      "name": "Talismano Maledetto Intrappolante",
      "desc": "Ottiene 1 [WrappedCurseTag] per ogni Scontro affrontato da quest'unità durante il Turno."
    },
    {
      "id": 9100902,
      "name": "Talismano Maledetto Strangolante",
      "desc": "A 10 [WrappedCurseTag], alza la Soglia di Vacillamento di 10, poi rimuove lo stato."
    },
    {
      "id": 9100903,
      "name": "Talismano Maledetto Moltiplicante",
      "desc": "A 30% o meno PV, infligge 1 [ReattachedCurseTag] in più"
    },
    {
      "id": 9100904,
      "name": "Talismano Maledetto Invadente",
      "desc": "A 30% o meno PV, se il bersaglio ha 5 o più [ReattachedCurseTag] dopo un attacco, infligge 2 [Paralysis] il Turno successivo."
    },
    {
      "id": 9006201,
      "name": "Fiume di Lacrime",
      "desc": "Le Monete che cadono su Croce infliggono 2 [Sinking]"
    },
    {
      "id": 9006202,
      "name": "Dolore Strabordante",
      "desc": "A Fine Turno, perde 5 PS"
    },
    {
      "id": 9006101,
      "name": "Ebrezza",
      "desc": "A 5 [Exalted], ottiene 5 [Tipsiness]."
    },
    {
      "id": 9006102,
      "name": "La Cura per la Sbronia",
      "desc": "A 5 [Tipsiness], usa un'abilità difensiva."
    },
    {
      "id": 9006801,
      "name": "Iniezione delle Capsule di Cura",
      "desc": "A Inizio Turno, si cura di 20 PV."
    },
    {
      "id": 9006802,
      "name": "Amministrazione delle Capsule di Emergenza",
      "desc": "Se i PV sono sotto il 25%, si cura fino al 40% dei PV Max (Solo una volta)"
    },
    {
      "id": 9007001,
      "name": "Tempo D'Oro",
      "desc": "A Fine Turno, se i PV sono tra il 12% e 24%, si cura immediatamente fino al 65% dei PV Max e si riprende dal Vacillamento. (Solo una volta)"
    },
    {
      "id": 9007002,
      "name": "Contraccolpo Dell'Inversione Del Tempo",
      "desc": "Dopo aver attivato Tempo D'Oro, ottiene 3 [Vulnerable]."
    },
    {
      "id": 9005401,
      "name": "Ordigno del Terrore",
      "desc": "Se un alleato attacca un altro alleato, infligge 3 danni ai PS"
    },
    {
      "id": 9006901,
      "name": "Iniezione delle Capsule di Cura",
      "desc": "A Inizio Turno, si cura di 20 PV."
    },
    {
      "id": 9006902,
      "name": "Amministrazione delle Capsule di Emergenza",
      "desc": "Se i PV sono sotto il 25%, si cura fino al 40% dei PV Max (Solo una volta)"
    },
    {
      "id": 9006803,
      "name": "Overdose di Capsule",
      "desc": "I PV non scendono sotto a 1;\nA Inizio Turno, se quest'unità ha 60 o meno PV, và in uno stato potenziato."
    }
  ]
}
