{
  "dataList": [
    {
      "id": 2010111,
      "name": "Silenzio",
      "desc": "Quando subisce un colpo da un attacco, ottiene 3 [Binding] il turno successivo, ed infligge +20% danni quando attacco con un tipo o Affinità a cui il bersaglio ha resistenza Debole o Fatale.\n(Una volta per turno.)"
    },
    {
      "id": 2010211,
      "name": "Brace",
      "desc": "Quando vince uno Scontro, infligge [Combustion] pari a (Rison-A Ira / 2).\n(Una volta per Abilità.)"
    },
    {
      "id": 2010311,
      "name": "Dol Hareubang",
      "desc": "All'inizio del turno, ottiene 3 [HitTakeDamageDown] e [AmberTakeDamageDown]."
    },
    {
      "id": 2020111,
      "name": "Ennui",
      "desc": "Se un nemico Vacilla durante l'attacco di quest'unità, 1 alleato con i PS più bassi ottiene +2 [MentalSystemResultIncrease_Typo] il turno successivo. (Max 3 volte per turno)"
    },
    {
      "id": 2020211,
      "name": "Velo Liquido",
      "desc": "All'inizio del turno, applica 2 [Protection] all'alleato con i PV minori. (Inclusa quest'unità)"
    },
    {
      "id": 2020311,
      "name": "Fa Male!",
      "desc": "Infligge +10% danni per ogni effetto negativo su quest'unità. (Max 50%)"
    },
    {
      "id": 2030111,
      "name": "Passione Smoderata",
      "desc": "Sul Colpo, se il bersaglio ha [Laceration], si cura di 3 PV"
    },
    {
      "id": 2030211,
      "name": "Ondata di Depressione",
      "desc": "Il bersaglio dell'Abilità più a sinistra sul Pannello di Controllo perde PS pari a (2x Rison-A Tristezza) dopo l'attacco.\n(I bersagli senza PS subiscono invece danno da Tristezza.)"
    },
    {
      "id": 2040111,
      "name": "Arte",
      "desc": "Infligge e subisce +5% danni per ogni nemico che quest'unità ha sconfitto nel turno precedente."
    },
    {
      "id": 2040211,
      "name": "Fiamma del Quarto Fiammifero",
      "desc": "Ogni quarta Abilità usata ottiene +4 Potere Finale ed infligge 4 [Combustion] con ognuno dei suoi attacchi."
    },
    {
      "id": 2050111,
      "name": "Rifiuto di Giudicare",
      "desc": "All'inizio della fase di combattimento, se viene bersagliato da 3 o più Abilità, ottiene 3 [Protection]."
    },
    {
      "id": 2050211,
      "name": "Final Augment",
      "desc": "If the E.G.O Skill <Screwloose Wallop> is used at less than 25% PV, gain 3 Attack Power Up, Defense Power Up, and Haste every turn, but then die in 3 turns."
    },
    {
      "id": 2050311,
      "name": "Revelation from Above",
      "desc": "After winning a clash with the leftmost skill on the Dashboard, apply 1 Attack Power Up or Defense Power Up to a random ally next turn."
    },
    {
      "id": 2060111,
      "name": "Ripple",
      "desc": "At the start of the combat phase, heal PS for the ally with the least PS by the count of your highest A-Reson. value, excluding those in Panic."
    },
    {
      "id": 2060211,
      "name": "Binding Ribbons",
      "desc": "The target of the leftmost skill on the Dashboard is inflicted with (Lust A-Reson. / 4) Lust Fragility next turn."
    },
    {
      "id": 2070111,
      "name": "Vying Spirit",
      "desc": "When another ally defeats an enemy, gain 1 Attack Power Up and 1 Haste at the start of next turn. (Max 3)"
    },
    {
      "id": 2070211,
      "name": "Roar",
      "desc": "After defeating an enemy, gain Charge Count by half that turn's Envy A-Reson.\n(Envy A-Reson. / 2)"
    },
    {
      "id": 2080111,
      "name": "Compulsion",
      "desc": "Clash Power +2 in clashes whose win rate is in the unit's favor.\nClash Power -2 in clashes whose win rate is against the unit's favor."
    },
    {
      "id": 2080211,
      "name": "Pink Ribbons",
      "desc": "On clash win, inflict 1 Pink Ribbons"
    },
    {
      "id": 2080311,
      "name": "Shower of Fire",
      "desc": "On hit, if target had [Combustion], inflict 1 Burn on 3 random enemies."
    },
    {
      "id": 2090111,
      "name": "Severance",
      "desc": "+1 PS Heal Efficiency, -1 PS Loss Efficiency"
    },
    {
      "id": 2090211,
      "name": "Spark of Flame",
      "desc": "After defeating an enemy that has [Combustion], heal PV by (Wrath A-Reson.)% of Max PV."
    },
    {
      "id": 2090311,
      "name": "Coldness",
      "desc": "On hit, if target has 5+ [Sinking], inflict 1 Bind and Attack Power Down next turn\n(3 times per unit)"
    },
    {
      "id": 2100111,
      "name": "Unstable",
      "desc": "If a skill's Coin hits with a different side from the previous Coin in the same skill, lose 5 PS and gain 1 Damage Up this turn. (3 times per turn)"
    },
    {
      "id": 2100211,
      "name": "Live Offering",
      "desc": "After defeating an enemy with an attack or counter skill, gain 5 E.G.O resources of that skill's Affinity."
    },
    {
      "id": 2110111,
      "name": "Tactical Perfection",
      "desc": "If the unit did not get hit at all during a turn, gain 1 Damage Up next turn. (Max 3 stacks)"
    },
    {
      "id": 2110211,
      "name": "Stem of Distrust",
      "desc": "At the start of the turn, gain 1 Pierce DMG Up.\nOn hit with a Heads coin, inflict 1 Bind and +1 Rupture Count next turn."
    },
    {
      "id": 2110311,
      "name": "Emptying",
      "desc": "At the start of the turn, gain 1 Lust DMG Up.\nGain 1 more when below 0 PS."
    },
    {
      "id": 2120111,
      "name": "Uncontrolled Morph",
      "desc": "At the start of the turn, if below 25% PV, heal 15 PV and gain 2 Protection.\nWhen this effect activates, inflict 1 random other ally & 1 random enemy with +2 PS Loss Efficiency."
    },
    {
      "id": 2120211,
      "name": "Maggots",
      "desc": "On hit, inflict 5 Maggots at a (Gluttony A-Reson. x8)% chance."
    },
    {
      "id": 2120311,
      "name": "Nutrient Absorption",
      "desc": "After defeating an enemy that has Rupture, heal PV by (Gluttony A-Reson.)% of Max PV."
    },
    {
      "id": 2030311,
      "name": "Haphazard Discharge",
      "desc": "At the start of the combat phase, a random ally with [Charge] gains +(Envy A-Reson. / 2) Charge Count."
    },
    {
      "id": 2020411,
      "name": "Adaptive Release",
      "desc": "While this unit has [Charge], deal +2% damage per Charge Count.\nSkills spend -2 Charge Count."
    },
    {
      "id": 2030411,
      "name": "Cauldron of Gorging",
      "desc": "At the start of the turn, convert 2 random non-Lust E.G.O resources into 1 Lust resource."
    },
    {
      "id": 2100311,
      "name": "Stew Spewage",
      "desc": "Tails Coins inflict 1 Burn if hitting an enemy."
    },
    {
      "id": 2010411,
      "name": "Rambling Man",
      "desc": "At the start of the turn, if this unit took no damage last turn, gain +4 Charge Count.\nAfter successfully hitting an enemy with lower Speed, inflict +1 Rupture Count. (3 times per turn)"
    },
    {
      "id": 2060311,
      "name": "Entangled Phenomena Restoration",
      "desc": "When hitting an enemy with negative status effects, this unit gains +1 Charge Count. \n(Max +4 per turn.)\nWhen PV falls to 0 for the first time during battle, spend all Charge Count and heal in proportion to the amount spent. (Cannot heal over 25% Max PV.)"
    },
    {
      "id": 2050411,
      "name": "Untempered Agitation",
      "desc": "At the start of the combat phase, if targeted by 2 or more skills, this unit's skills have +1 Base Power; when hit, inflict 1 Burn on the attacker. (5 times per turn.)"
    },
    {
      "id": 2080411,
      "name": "Slaying Amid Cheers",
      "desc": "When attacking a target with less than 30% PV, Wrath skills deal +20% damage."
    },
    {
      "id": 2110411,
      "name": "Breath of the Hunt",
      "desc": "After a clash, gain 2 Poise\nWhen staggered, gain 2 Protection; when recovering from stagger, gain 5 Poise"
    },
    {
      "id": 2070311,
      "name": "Temperamental Discharge",
      "desc": "When hit, spend 1 Charge Count to heal 2.5% of Max PV\nAt less than 40% PV, gain 1 Charge Count before activating the healing effect. (Can gain up to 10 Charge Count per turn)"
    },
    {
      "id": 2120411,
      "name": "Alternating Discharge",
      "desc": "On hit with a Heads coin, spend 2 Charge Count to give +1 Charge Count to the Charge-possessing ally with the lowest Charge Count"
    },
    {
      "id": 2010511,
      "name": "Ray of Sun After Rain",
      "desc": "At the start of the turn, all allies heal 3 PS"
    },
    {
      "id": 2040311,
      "name": "Spider's Webs",
      "desc": "On clash win, inflict 1 Bind next turn. (3 times per turn)"
    },
    {
      "id": 2040411,
      "name": "Predator",
      "desc": "If this unit healed more than 10% of its Max PV this turn, gain 1 Attack Power Up next turn."
    },
    {
      "id": 2040511,
      "name": "Opened Can",
      "desc": "On hit, if target has 5+ [Sinking], inflict 1 Defense Power Down. (5 times per turn)"
    },
    {
      "id": 2060411,
      "name": "Seagull Squawking Of The Distant Seas",
      "desc": "When an enemy is defeated, the ally with the least PS heals 1 PS.\nWhenever an enemy is defeated, the amount of PS healed increases by 2. (Max 9)\nThe amount is reset at the start of a new wave."
    },
    {
      "id": 2100411,
      "name": "Fairy Lure",
      "desc": "After defeating an enemy that mainly targets this unit at the start of the combat phase, heal (3 + (Gluttony A-Reson.))% PV"
    },
    {
      "id": 2070411,
      "name": "Dhyāna",
      "desc": "Raise Max PV by 15% of this Identity's base Max PV when recovering from Staggered state.\nThen, heal by 15% of current Max PV. If at less than 30% of current Max PV, heal by 25% instead.\n(3 times per encounter. At Encounter End, revert to base Max PV. Current PV value will be adjusted to reflect the PV percentage at the time of Encounter End.)"
    },
    {
      "id": 2050511,
      "name": "Bound Wrath",
      "desc": "This unit's leftmost skill on the Dashboard loses 1 Base Power and gains 2 Coin Power\nAt the start of the turn, if at 4- Speed, gain 1 Blunt Power Up"
    },
    {
      "id": 2020511,
      "name": "Flamebrand",
      "desc": "On Heads Hit with a Lust affinity Skill, inflict 1 Burn on target (6 times per turn)"
    },
    {
      "id": 2060511,
      "name": "Green Slime",
      "desc": "If struck at less than 50% PV, inflict 1 Rupture on the attacker. (Activates (Highest Gluttony A-Reson) times per turn)"
    },
    {
      "id": 2040611,
      "name": "Dream Devouring",
      "desc": "On Crit with a Pride affinity Skill, gain 1 Poise Count (3 times per turn)"
    },
    {
      "id": 2080511,
      "name": "Temeritous Voyage",
      "desc": "At the end of the turn, inflict 5 Sinking to 1 other ally with the lowest PV; Apply 1 Haste and 3 Offense Level Up next turn"
    },
    {
      "id": 2090411,
      "name": "Sticky Filth",
      "desc": "On Heads Hit with a Pierce Skill, inflict 1 Bind (2 times per turn)"
    },
    {
      "id": 2100511,
      "name": "Prophecy of Ruin",
      "desc": "On Heads Hit with a Lust affinity Skill, lower this unit and the target's PS by 4.\n(Does not work against targets without Sanity)\nGain 5 Lust E.G.O resources On Kill with a Lust affinity Skill"
    },
    {
      "id": 2090511,
      "name": "Sentencing from Above",
      "desc": "Whenever an enemy is Staggered, the ally with the least PV percentage heals 4% of their Max PV. (Once per turn)"
    },
    {
      "id": 2070511,
      "name": "Infinite Hatred",
      "desc": "When this unit has a status effect or a negative effect, and if the main target or the attacker has a positive effect:\n- Inflict +1 more Burn, Bleed, Tremor, Rupture, and Sinking Potency to self and enemies with Skill effects or Coin effects\n- Gain +1 more Poise and Charge Count with Skill effects or Coin effects"
    },
    {
      "id": 2110511,
      "name": "Fair Presents",
      "desc": "When applying positive effects to other allies with Skill effects or Coin effects, randomly select one of the following effects: Burn, Bleed, Tremor, Rupture, or Sinking.\nThen, inflict 1 Potency of the selected effect to 1 random enemy. (Activates 5 times per Turn. Can be applied up to 5 times per enemy. For abnormalities, applied to a random Part.)"
    },
    {
      "id": 2030511,
      "name": "Fallen Stone Pagoda",
      "desc": "Gain 2 Poise and +2 Poise Count when defeating an enemy with [Laceration] (3 times per turn)"
    },
    {
      "id": 2120511,
      "name": "Crown of Roses",
      "desc": "Turn Start: Inflict 2 Rupture Potency on a random enemy(Negli Incontri Mirati, all parts)\nWhen activating Absolute Resonance, inflict 2 Rupture Potency on all enemies at Combat Start"
    },
    {
      "id": 2120611,
      "name": "If I Could Go Back...",
      "desc": "After Attack: If the target is defeated after this unit's attack, gain 1 E.G.O resource for the least-owned E.G.O resource.\nGain 1 additional E.G.O resource for every 5 ([Sinking] Potency + Count) (max 3)\n(If there are 2 or more \"least-owned E.G.O resource\", select 1 of those Affinities at random to gain an E.G.O resource)"
    },
    {
      "id": 2010611,
      "name": "Fractured Yesterday",
      "desc": "If the target has 6+ [Sinking] Potency, Clash Power +1\nIf the target has 4+ [Sinking] Count, Clash Power +1"
    },
    {
      "id": 2030611,
      "name": "Tempestuous Screaming",
      "desc": "If the target is defeated at this unit's Slash or Envy Affinity Skill End, gain 1 [Enhancement] next turn (once per turn)"
    },
    {
      "id": 2050611,
      "name": "Overloading Cables",
      "desc": "Combat Start: At 4+ Reson., gain 2 [AttackUp] and 2 [DefenseUp].\nIf the Reson. was an Envy Reson., apply the above effects to the 2 units adjacent to this unit on the Dashboard as well"
    },
    {
      "id": 2070611,
      "name": "Chains of Binding",
      "desc": "- Combat Start: At 4+ highest Reson. that includes this unit's Skills, apply 3 [AttackUp] and 3 [DefenseUp] to self and all allies who were a part of that Reson.\n- If the said Reson. was an A-Reson., apply 2 additional [AttackUp] and [DefenseUp]"
    },
    {
      "id": 2110611,
      "name": "Grand Welcome",
      "desc": "After Attack from this unit: if target is Staggered or defeated, gain +1 Pride E.G.O resource and +1 E.G.O resource for 1 other random Affinity (3 times per turn)"
    },
    {
      "id": 2080611,
      "name": "Gluttony",
      "desc": "If the main target took PV damage this turn and isn't at max PV at Skill Use:\nOn Hit,\n- When this unit is at max PV, deal +5~+10% damage.\n- When this unit isn't at max PV, heal 2~5 PV. \n(7 times per turn)",
      "summary": "If the target isn't at max PV, deal more damage On Hit or heal PV On Hit"
    },
    {
      "id": 2090611,
      "name": "Obsession",
      "desc": "This unit's leftmost Skill on the Dashboard inflicts double the [Laceration] Potency (once per turn)",
      "summary": "This Skill Inflicts x2 [Laceration] Potency"
    },
    {
      "id": 2060611,
      "name": "Gloominess",
      "desc": "When this unit uses a Skill to trigger [VibrationExplosion] on an enemy, inflict 1 [AttackDown] and 2 [DefenseDown] on the enemy next turn. (3 times per turn, including E.G.O Skills)",
      "summary": "When triggering [VibrationExplosion], inflict 1 [AttackDown] and 2 [DefenseDown] next turn"
    },
    {
      "id": 2100611,
      "name": "Tear Film",
      "desc": "Turn Start: If this unit has Shield, gain 1 [Protection]\nIf this unit is under [ShieldManagerCryingToad]'s effect, gain 1 additional [Protection]",
      "summary": "If this unit has Shield, gain 1 [Protection]\nIf [ShieldManagerCryingToad] is active, gain 1 [Protection]"
    },
    {
      "id": 2020611,
      "name": "Running Time",
      "desc": "When this unit uses a Skill to trigger [VibrationExplosion] on an enemy, gain 1 [Agility] next turn. (4 times per turn, including E.G.O Skills)",
      "summary": "When using a Skill to trigger [VibrationExplosion] on an enemy, gain 1 [Agility] next turn. (4 times per turn, including E.G.O Skills)"
    },
    {
      "id": 2040711,
      "name": "Mark of the Gaze",
      "desc": "Whenever this unit uses a base Attack Skill against an enemy, gain 1 additional E.G.O resource for a random, least-owned Affinity that doesn't correspond to the Affinity of the Attack Skill used (2 times per turn)"
    },
    {
      "id": 2070711,
      "name": "Crushed Pendant",
      "desc": "Combat Start: At 3+ highest Reson., gain 3 [Breath]."
    },
    {
      "id": 2110711,
      "name": "Rambling Man",
      "desc": "Max [Charge] Count +5\nSkills that consume [Charge] Count deal +2% damage for every ([Charge] - 1) (max 10%)",
      "summary": "Skills that consume [Charge] Count deal more damage"
    },
    {
      "id": 2120711,
      "name": "Lament",
      "desc": "Turn End: if this unit has a negative effect, gain 1 [Enhancement] next turn\nWhen attacking targets that are either in Panic or in E.G.O Corrosion: deal +15% damage",
      "summary": ""
    },
    {
      "id": 2080711,
      "name": "Interloper Reception",
      "desc": "If the target has [UninvitedGuestPersonality] or any of the Panic Type changing effects, Clash Power +1.\nOn Hit against the said target, heal 1 ally with the least PS for 5 PS. (once per turn)"
    },
    {
      "id": 2020711,
      "name": "Sprawling Lasso",
      "desc": "After Attack, if target is Staggered or defeated, inflict +1 [Burst] Count against 2 random enemies (once per turn; cannot stack; negli Incontri Mirati, against 2 random Parts)",
      "summary": "After Attack, if target is Staggered or defeated, inflict +1 [Burst] Count against 2 random enemies"
    },
    {
      "id": 2060711,
      "name": "Time to Hunt",
      "desc": "If an enemy or an ally is killed due to [Burst] or [Laceration] damage, inflict 2 [Snare] against a random enemy, and gain 1 [Agility] next turn (once per turn)"
    },
    {
      "id": 2030711,
      "name": "Spiring Crimson Blossom",
      "desc": "Every time 10+ [Laceration] damage occurs, heal 1 PS on self (10 per turn)"
    },
    {
      "id": 2090711,
      "name": "Iron Stake against the Heart",
      "desc": "When inflicting [Laceration] or 'Unique Bleed' against an enemy with Base Attack Skills, inflict 1 [DefenseDown] (once per turn)\n- If the target has [Laceration] or 'Unique Bleed', inflict additional 2 [Laceration] (once per turn)\n\nIf an ally, including this unit, takes direct PV damage from the enemy, inflict 1 [Curse] against the target enemy (2 times per turn)",
      "summary": ""
    },
    {
      "id": 2100711,
      "name": "Grimy Hide",
      "desc": "Combat Start: if this unit has a negative effect, gain 1 [ParryingResultUp] and 1 [Endurance]\n- Gain 1 [Protection] for every 3 negative effect on self (max 2)"
    },
    {
      "id": 2050711,
      "name": "Bloodthirsty Banquet",
      "desc": "When this unit deals or takes [Laceration] damage, heal PV equal to the [Laceration] damage (max 10 per turn)\n- When activating a Skill/Coin effect that inflicts [Laceration], if target has [RoseWedge], inflict 1 [Laceration] against the target. (2 times per turn)"
    },
    {
      "id": 2010711,
      "name": "Next",
      "desc": "After Attack: if target is killed, gain +2 [Breath] Count (2 times per turn)"
    },
    {
      "id": 2070811,
      "name": "Broken Bell",
      "desc": "Inflict [Vulnerable] this turn on enemies who were hit by [VibrationExplosion] from Skill, Coin, or Passive effects.\n- Does not stack with E.G.O Gifts that inflict [Vulnerable] upon triggering Tremor Burst. (If the said E.G.O Gifts have been enhanced, subtract this effect's value from the final value before inflicting it.)",
      "summary": "Inflict 1 [Vulnerable] upon triggering [VibrationExplosion] "
    },
    {
      "id": 2080811,
      "name": "A Gaze in the Shadows",
      "desc": "Allies gain +1 more [Vibration] Count from Skill or Coin effects (2 times per turn)\n- If the ally's target is in Staggered, Morale Basso, or Panic states, gain +2 more instead\n- Effect does not stack with E.G.O Gifts of an identical effect."
    },
    {
      "id": 2120811,
      "name": "Insomniac Night",
      "desc": "Combat Start: against all enemies, inflict 1 [AttackDown] or 1 [DefenseDown] to all enemies (# of enemies in Staggered, Morale Basso, or Panic states) times. (2 times per turn)\n- Effect does not stack with E.G.O Gifts with the same effect."
    },
    {
      "id": 2110811,
      "name": "Seven Bullets",
      "desc": "- On Hit with Base Attack Skills: inflict ([FreischutzShotCount] / 3) [Combustion] (3 times per turn)\n- For Lobotomy E.G.O::Magic Bulle​t Outis Identity, inflict ([FreischutzShotCount]) [Combustion] instead (3 times per turn)\n- If the target has 30+ [Combustion], inflict 1 [DarkFlame] instead of the above effect (2 times per turn)"
    },
    {
      "id": 2040811,
      "name": "Breath",
      "desc": "Next Turn Start after using this E.G.O Skill: gain 1 [NebulizerInhale] (once per turn)\n- If this Skill defeated enemies, gain additional [NebulizerInhale] equal to the number of targets defeated\n- If this Skill defeated allies, gain (targets defeated x 2) additional [NebulizerInhale]\n- This value Stacks over this Encounter's duration"
    },
    {
      "id": 2020811,
      "name": "Breath",
      "desc": "Next Turn Start after using this E.G.O Skill: gain 1 [NebulizerExhale] (once per turn)\n- This value Stacks throughout the Encounter\n\nCombat Start: gain 1 [NebulizerExhale] every time this unit applies 10 [Breath] Count to allies with [NebulizerExhale] effects\n\nTurn End: starting from allies with the lowest PV percentages, heal ([NebulizerExhale] Stack)% PV for (highest Reson.) allies (max 6)\n- If the unit receiving healing has 20+ [Breath] Potency, activate healing 1 more time"
    },
    {
      "id": 2090811,
      "name": "Blazing Amusement",
      "desc": "When a target with 10+ [Combustion] Count is defeated, inflict the [Combustion] Count on target between all enemies and heal PS 8 on self (negli Incontri Mirati, between all Parts; 3 max per target, 2 times per turn)\n- At max PS, heal 5 PS for 1 ally with the least PS instead"
    },
    {
      "id": 2030811,
      "name": "Enfeebling Talisman",
      "desc": "On Hit with this unit's Skills: if the target either has 15+ [Burst], or if this unit dealt a Critical Hit, inflict 1 [DefenseDown] (max 6)\n- When this Passive activates, its effects do not stack with the effects of E.G.O Gift \"Old Wooden Doll\"."
    },
    {
      "id": 2080911,
      "name": "Reversal Death by Gu Poison",
      "desc": "Whenever this unit inflicts [Sinking] Potency, [Sinking] Count, or 'Unique Sinking' using its Attack Skills, gain 1 [AttackUp] next turn (max 2)\n- At 3+ A-Reson., with the same conditionals, gain 1 [AttackUp] next turn instead (max 3)"
    },
    {
      "id": 2060811,
      "name": "Crying Tears",
      "desc": "If the target is defeated after this unit's Attack or Counter Skills:\n- Gain 2 [Agility] next turn (once per turn)\n- To all allies, including this unit: next turn, apply 1 DMG Up to the Damage Type & Affinity of the Skill used to activate this effect (once per turn)\n- Inflict 1 [Reduction] to all enemies next turn (once per turn)\n\nWhen this unit dies:\n- Apply 1 [ShamrockDamageUp] and [PenetrateDamageUp] to all allies next turn (once per turn)\n- Inflict 1 [Reduction] to all enemies next turn (once per turn)"
    },
    {
      "id": 2100811,
      "name": "Crying Tears",
      "desc": "- Turn End: If this unit had a negative effect or lost its PV or PS, heal 5 PS.\n- If this unit or an ally is defeated, inflict 1 [Vulnerable] to all enemies next turn (once per turn)"
    },
    {
      "id": 2030911,
      "name": "Arcana Aptitude Circuit",
      "desc": "Gain 1 [Charge] every time this unit consumes 10 cumulative [Charge] Count\n- If this unit already gains [Charge] by consuming [Charge] Count on self, this effect does not stack with that effect\n- This unit's Base Attack Skills that consume [Charge] Count: deal +5% damage for every [Charge] on self (max 25%)\n\nIf this unit is a Lobotomy E.G.O::In the Name of Love and Hate Don Quixote, gain 1 additional Skill 3 use"
    },
    {
      "id": 2050811,
      "name": "Metronome",
      "desc": "Turn Start: in odd-numbered turns, gain 1 [AttackDmgUp]; in even-numbered turns, gain 1 [Protection]\n- Does not stack with the Metronome E.G.O Gift. (If the said E.G.O Gift is at an enhanced state, its effect subtracts the values gained from this effect)\n- Does not affect the instances of its effect applied to other allies\n\nWhen using E.G.O Skill, gain 1 [AccumulatedPastSinner] next turn (once per Encounter)\n- Gain 1 [AccumulatedPastSinner] at every subsequent Turn End"
    },
    {
      "id": 2020911,
      "name": "Doctor",
      "desc": "Turn Start: heal self and 1 ally with the lowest HP percentage by ([CuredFilm] Stack)% of this unit's max HP\n- If this unit is at max HP, heal 2 other allies with the lowest HP percentages instead\n- If the heal-receiving units are at 25% or lower HP, or are Staggered, multiply this effect's healing by 1.5\n\nTurn End: if the last E.G.O Skill Faust used during this Encounter was Ordine: Collasso, lose only 1 Stack of [CuredFilm] at Turn End instead\n- This effect activates in the same turn the E.G.O Skill is used",
      "summary": "Turn Start: heal self and 1 ally with the lowest HP percentage"
    },
    {
      "id": 2060911,
      "name": "So is Writ, an Ode to Wine",
      "desc": "Turn End: among the E.G.O resources consumed to use Rimanere Se Stessi Hong Lu(Sloth, Gloom, Pride), gain 1 E.G.O resource of the least-owned Affinity.\n\nDeal +1% damage for every [Cianjing] or [SeniorCianjing] Stack lost or consumed in this Encounter (max 15%)",
      "summary": "Turn End: gain E.G.O resources\nDeal more damage based on how much Thunderer or Higher Thunderer was lost or consumed"
    },
    {
      "id": 2081011,
      "name": "Abyssal Dance",
      "desc": "- Combat Start: if there is just a single enemy, this unit's leftmost Attack Skill on the Dashboard gains Clash Power +1, and deals +11.5% damage on Hit after Clash Win (including E.G.O Skills)\n- For the turns in which this unit Returned or Substituted in: Min & Max Speed +1, Clash Power +1"
    },
    {
      "id": 2120911,
      "name": "Wanderer",
      "desc": "Gain [MlynarWaiting] when meeting one of the following conditions:\n- Gain 1 for every 3 HP damage taken\n- Gain 1 for every 5 Shield HP damage taken\n- Gain 10 per Staggered ally when other allies become Staggered\n- Gain 20 per dead ally when other allies are killed\n\nTurn Start: if this unit is Staggered due to damage, and if this unit has 40+ [MlynarWaiting], fix all of this unit's Resistance values to 2 for the turn and recover from Stagger (once per Encounter; unless it's a forced Stagger)"
    }
  ]
}
