{
  "dataList": [
    {
      "id": 9011001,
      "name": "Keen Strike",
      "desc": "On Hit, inflict 1 Bleed (3 times per turn)"
    },
    {
      "id": 9011002,
      "name": "Deep Slash",
      "desc": "Clash Win: inflict +1 Bleed Count"
    },
    {
      "id": 9011301,
      "name": "Brutal Stab",
      "desc": "Inflict +1 more Bleed when an Attack Skill inflicts Bleed"
    },
    {
      "id": 9101301,
      "name": "Kokuuntō",
      "desc": "Slash Skill Final Power +1"
    },
    {
      "id": 9101302,
      "name": "Clean Up",
      "desc": "When an ally is defeated, gain 1 Skill Slot next turn (Can have up to 5 Slots max)"
    }
  ]
}