{
  "dataList": [
    {
      "id": 40000101,
      "name": "Colpo Prorompente, Sifone Aspirante",
      "desc": "Quando questa unità Uccide con le Abilità Attacco, ottiene [Breath] pari a [Burst] sul bersaglio (max 5)"
    },
    {
      "id": 40000102,
      "name": "Bolo Banana Ba Jiao",
      "desc": "Infligge +1 Potenza [Burst] o Conteggio [Burst] aggiuntivi (2 volte per turno)\nSe il Livello Offensivo di questa unità è maggiore del bersaglio, Potere Scontro +1"
    },
    {
      "id": 40000103,
      "name": "Bolo Jin Gang",
      "desc": "Scontro Perso: ottiene 3 [DefenseUp] (2 volte per turno)"
    }
  ]
}