{
  "dataList": [
    {
      "id": 10101,
      "title": "Peccatore\nLCB",
      "name": "Yi Sang",
      "nameWithTitle": "Yi Sang",
      "desc": "1a Identità di Yi Sang"
    },
    {
      "id": 10201,
      "title": "Peccatrice\nLCB",
      "name": "Faust",
      "nameWithTitle": "Faust",
      "desc": "1a Identità di Faust"
    },
    {
      "id": 10301,
      "title": "Peccatrice\nLCB",
      "name": "Don Quixote",
      "nameWithTitle": "Don Quixote",
      "desc": "1a Identità di Don Quixote"
    },
    {
      "id": 10401,
      "title": "Peccatrice\nLCB",
      "name": "Ryōshū",
      "nameWithTitle": "Ryōshū",
      "desc": "1a Identità di Ryōshū"
    },
    {
      "id": 10501,
      "title": "Peccatore\nLCB",
      "name": "Meursault",
      "nameWithTitle": "Meursault",
      "desc": "1a Identità di Meursault"
    },
    {
      "id": 10601,
      "title": "Peccatore\nLCB",
      "name": "Hong Lu",
      "nameWithTitle": "Hong Lu",
      "desc": "1a Identità di Hong Lu"
    },
    {
      "id": 10701,
      "title": "Peccatore\nLCB",
      "name": "Heathcliff",
      "nameWithTitle": "Heathcliff",
      "desc": "1a Identità di Heathcliff"
    },
    {
      "id": 10801,
      "title": "Peccatrice\nLCB",
      "name": "Ishmael",
      "nameWithTitle": "Ishmael",
      "desc": "1a Identità di Ishmael"
    },
    {
      "id": 10901,
      "title": "Peccatrice\nLCB",
      "name": "Rodion",
      "nameWithTitle": "Rodion",
      "desc": "1a Identità di Rodion"
    },
    {
      "id": 11001,
      "title": "Peccatore\nLCB",
      "name": "Sinclair",
      "nameWithTitle": "Sinclair",
      "desc": "1a Identità di Sinclair"
    },
    {
      "id": 11101,
      "title": "Peccatrice\nLCB",
      "name": "Outis",
      "nameWithTitle": "Outis",
      "desc": "1a Identità di Outis"
    },
    {
      "id": 11201,
      "title": "Peccatore\nLCB",
      "name": "Gregor",
      "nameWithTitle": "Gregor",
      "desc": "1a Identità di Gregor"
    },
    {
      "id": 10102,
      "title": "Assoc. Seven\nSezione 6 Sud",
      "name": "Yi Sang",
      "nameWithTitle": "Yi Sang",
      "desc": "2a Identità di Yi Sang"
    },
    {
      "id": 10202,
      "title": "Agente di Pulizia\nW Corp. L2",
      "name": "Faust",
      "nameWithTitle": "Faust",
      "desc": "2a Identità di Faust"
    },
    {
      "id": 10302,
      "title": "Agente di Pulizia\nW Corp. L3",
      "name": "Don Quixote",
      "nameWithTitle": "Don Quixote",
      "desc": "2a Identità di Don Quixote"
    },
    {
      "id": 10402,
      "title": "Assoc. Seven\nSezione 6 Sud",
      "name": "Ryōshū",
      "nameWithTitle": "Ryōshū",
      "desc": "2a Identità di Ryōshū"
    },
    {
      "id": 10502,
      "title": "Assoc. Liu\nSezione 6 Sud",
      "name": "Meursault",
      "nameWithTitle": "Meursault",
      "desc": "2a Identità di Meursault"
    },
    {
      "id": 10602,
      "title": "Wakashu del\nClan Kurokumo",
      "name": "Hong Lu",
      "nameWithTitle": "Hong Lu",
      "desc": "2a Identità di Hong Lu"
    },
    {
      "id": 10702,
      "title": "Assoc. Shi\nSezione 5 Sud",
      "name": "Heathcliff",
      "nameWithTitle": "Heathcliff",
      "desc": "2a Identità di Heathcliff"
    },
    {
      "id": 10802,
      "title": "Renna del 4o Branco\ndi R. Corp",
      "name": "Ishmael",
      "nameWithTitle": "Ishmael",
      "desc": "2a Identità di Ishmael"
    },
    {
      "id": 10902,
      "title": "Wakashu del\nClan Kurokumo",
      "name": "Rodion",
      "nameWithTitle": "Rodion",
      "desc": "2a Identità di Rodion"
    },
    {
      "id": 11002,
      "title": "Salsu dei\nDiscendenti della Spada",
      "name": "Sinclair",
      "nameWithTitle": "Sinclair",
      "desc": "2a Identità di Sinclair"
    },
    {
      "id": 11102,
      "title": "Salsu dei\nDiscendenti della Spada",
      "name": "Outis",
      "nameWithTitle": "Outis",
      "desc": "2a Identità di Outis"
    },
    {
      "id": 11202,
      "title": "Assoc. Liu\nSezione 6 Sud",
      "name": "Gregor",
      "nameWithTitle": "Gregor",
      "desc": "2a Identità di Gregor"
    },
    {
      "id": 10103,
      "title": "Salsu dei\nDiscendenti della Spada",
      "name": "Yi Sang",
      "nameWithTitle": "Yi Sang",
      "desc": "3a Identità di Yi Sang"
    },
    {
      "id": 10203,
      "title": "Sopravvissuta di Lobotomy Corp.",
      "name": "Faust",
      "nameWithTitle": "Faust",
      "desc": "3a Identità di Faust"
    },
    {
      "id": 10403,
      "title": "Wakashu del\nClan Kurokumo",
      "name": "Ryōshū",
      "nameWithTitle": "Ryōshū",
      "desc": "3a Identità di Ryōshū"
    },
    {
      "id": 10503,
      "title": "Agente di Pulizia\nW Corp. L2",
      "name": "Meursault",
      "nameWithTitle": "Meursault",
      "desc": "3a Identità di Meursault"
    },
    {
      "id": 10603,
      "title": "Capo della\nGang Tingtang",
      "name": "Hong Lu",
      "nameWithTitle": "Hong Lu",
      "desc": "3a Identità di Hong Lu"
    },
    {
      "id": 10703,
      "title": "Coniglio del 4o Branco\ndi R. Corp",
      "name": "Heathcliff",
      "nameWithTitle": "Heathcliff",
      "desc": "3a Identità di Heathcliff"
    },
    {
      "id": 10803,
      "title": "Assoc. Shi\nSezione 5 Sud",
      "name": "Ishmael",
      "nameWithTitle": "Ishmael",
      "desc": "3a Identità di Ishmael"
    },
    {
      "id": 10903,
      "title": "Manager Assistente\ndi LCCB",
      "name": "Rodion",
      "nameWithTitle": "Rodion",
      "desc": "3a Identità di Rodion"
    },
    {
      "id": 11003,
      "title": "Assoc. Zwei\nSezione 6 Sud",
      "name": "Sinclair",
      "nameWithTitle": "Sinclair",
      "desc": "3a Identità di Sinclair"
    },
    {
      "id": 11103,
      "title": "Manager Anziano\ndi G Corp.",
      "name": "Outis",
      "nameWithTitle": "Outis",
      "desc": "3a Identità di Outis"
    },
    {
      "id": 11203,
      "title": "Caporale di\nG Corp.",
      "name": "Gregor",
      "nameWithTitle": "Gregor",
      "desc": "3a Identità di Gregor"
    },
    {
      "id": 10804,
      "title": "Manager Assistente\ndi LCCB",
      "name": "Ishmael",
      "nameWithTitle": "Ishmael",
      "desc": "4a Identità di Ishmael"
    },
    {
      "id": 11004,
      "title": "Capo dei\nLos Mariachis",
      "name": "Sinclair",
      "nameWithTitle": "Sinclair",
      "desc": "4a Identità di Sinclair"
    },
    {
      "id": 10303,
      "title": "Direttrice Assoc. Shi\nSezione 5 Sud",
      "name": "Don Quixote",
      "nameWithTitle": "Don Quixote",
      "desc": "3a Identità di Don Quixote"
    },
    {
      "id": 10504,
      "title": "Großhammer di\nN Corp.",
      "name": "Meursault",
      "nameWithTitle": "Meursault",
      "desc": "4a Identità di Meursault"
    },
    {
      "id": 10904,
      "title": "Mittelhammer di\nN Corp.",
      "name": "Rodion",
      "nameWithTitle": "Rodion",
      "desc": "4a Identità di Rodion"
    },
    {
      "id": 10204,
      "title": "Colei Che Stringe",
      "name": "Faust",
      "nameWithTitle": "Faust",
      "desc": "4a Identità di Faust"
    },
    {
      "id": 10704,
      "title": "Kleinhammer di\nN Corp.",
      "name": "Heathcliff",
      "nameWithTitle": "Heathcliff",
      "desc": "4a Identità di Heathcliff"
    },
    {
      "id": 11104,
      "title": "Direttrice Assoc. Seven\nSezione 6 Sud",
      "name": "Outis",
      "nameWithTitle": "Outis",
      "desc": "4a Identità di Outis"
    },
    {
      "id": 10604,
      "title": "Assoc. Liu\nSezione 5 Sud",
      "name": "Hong Lu",
      "nameWithTitle": "Hong Lu",
      "desc": "4a Identità di Hong Lu"
    },
    {
      "id": 10404,
      "title": "R.B.\nChef de Cuisine",
      "name": "Ryōshū",
      "nameWithTitle": "Ryōshū",
      "desc": "4a Identità di Ryōshū"
    },
    {
      "id": 11204,
      "title": "R.B.\nSous-chef",
      "name": "Gregor",
      "nameWithTitle": "Gregor",
      "desc": "4a Identità di Gregor"
    },
    {
      "id": 10304,
      "title": "Mittelhammer\ndi N Corp.",
      "name": "Don Quixote",
      "nameWithTitle": "Don Quixote",
      "desc": "4a Identità di Don Quixote"
    },
    {
      "id": 11005,
      "title": "Colui Che Stringerà",
      "name": "Sinclair",
      "nameWithTitle": "Sinclair",
      "desc": "5a Identità di Sinclair"
    },
    {
      "id": 10905,
      "title": "Rappresentante\nOfficina Rosespanner",
      "name": "Rodion",
      "nameWithTitle": "Rodion",
      "desc": "5a Identità di Rodion"
    },
    {
      "id": 10505,
      "title": "Fixer dell'Officina Rosespanner",
      "name": "Meursault",
      "nameWithTitle": "Meursault",
      "desc": "5a Identità di Meursault"
    },
    {
      "id": 10705,
      "title": "Lobotomy E.G.O::Pioggia Solare",
      "name": "Heathcliff",
      "nameWithTitle": "Heathcliff",
      "desc": "5a Identità di Heathcliff"
    },
    {
      "id": 11205,
      "title": "Fixer dell'Officina\nRosespanner",
      "name": "Gregor",
      "nameWithTitle": "Gregor",
      "desc": "5a Identità di Gregor"
    },
    {
      "id": 10104,
      "title": "E.G.O in Fiore::\nLindera",
      "name": "Yi Sang",
      "nameWithTitle": "Yi Sang",
      "desc": "4a Identità di Yi Sang"
    },
    {
      "id": 10805,
      "title": "Lobotomy E.G.O::Oscillamento",
      "name": "Ishmael",
      "nameWithTitle": "Ishmael",
      "desc": "5a Identità di Ishmael"
    },
    {
      "id": 10605,
      "title": "Membro Escissore Classe 3\ndi K Corp.",
      "name": "Hong Lu",
      "nameWithTitle": "Hong Lu",
      "desc": "5a Identità di Hong Lu"
    },
    {
      "id": 11006,
      "title": "Lobotomy E.G.O::Foglio Rosso",
      "name": "Sinclair",
      "nameWithTitle": "Sinclair",
      "desc": "6a Identità di Sinclair"
    },
    {
      "id": 10806,
      "title": "Assoc. Liu\nSezione 4 Sud",
      "name": "Ishmael",
      "nameWithTitle": "Ishmael",
      "desc": "6a Identità di Ishmael"
    },
    {
      "id": 10506,
      "title": "Rinoceronte del 4o Branco\ndi R Corp.",
      "name": "Meursault",
      "nameWithTitle": "Meursault",
      "desc": "6a Identità di Meursault"
    },
    {
      "id": 10906,
      "title": "Assoc. Zwei\nSezione 5 Sud",
      "name": "Rodion",
      "nameWithTitle": "Rodion",
      "desc": "6a Identità di Rodion"
    },
    {
      "id": 10305,
      "title": "Direttrice Assoc. Cinq\nSezione 5 Sud",
      "name": "Don Quixote",
      "nameWithTitle": "Don Quixote",
      "desc": "5a Identità di Don Quixote"
    },
    {
      "id": 10807,
      "title": "Fixer dei Lavori\nin Barca Molar",
      "name": "Ishmael",
      "nameWithTitle": "Ishmael",
      "desc": "7a Identità di Ishmael"
    },
    {
      "id": 11007,
      "title": "Fixer dei Lavori\nin Barca Molar",
      "name": "Sinclair",
      "nameWithTitle": "Sinclair",
      "desc": "7a Identità di Sinclair"
    },
    {
      "id": 11206,
      "title": "Assoc. Zwei\nSezione 4 Sud",
      "name": "Gregor",
      "nameWithTitle": "Gregor",
      "desc": "6a Identità di Gregor"
    },
    {
      "id": 10205,
      "title": "Assoc. Zwei\nSezione 4 Sud",
      "name": "Faust",
      "nameWithTitle": "Faust",
      "desc": "5a Identità di Faust"
    },
    {
      "id": 10405,
      "title": "Agente di Pulizia\nW Corp. L3",
      "name": "Ryōshū",
      "nameWithTitle": "Ryōshū",
      "desc": "5a Identità di Ryōshū"
    },
    {
      "id": 10606,
      "title": "Agente di Pulizia\nW Corp. L2",
      "name": "Hong Lu",
      "nameWithTitle": "Hong Lu",
      "desc": "6a Identità di Hong Lu"
    },
    {
      "id": 10206,
      "title": "Assoc. Seven\nSezione 4 Sud",
      "name": "Faust",
      "nameWithTitle": "Faust",
      "desc": "6a Identità di Faust's"
    },
    {
      "id": 10706,
      "title": "Assoc. Seven\nSezione 4 Sud",
      "name": "Heathcliff",
      "nameWithTitle": "Heathcliff",
      "desc": "6a Identità di Heathcliff"
    },
    {
      "id": 10105,
      "title": "Fixer dell'Ufficio\nMolar",
      "name": "Yi Sang",
      "nameWithTitle": "Yi Sang",
      "desc": "5a Identità di Yi Sang"
    },
    {
      "id": 11105,
      "title": "Fixer dell'Ufficio\nMolar",
      "name": "Outis",
      "nameWithTitle": "Outis",
      "desc": "5a Identità di Outis"
    },
    {
      "id": 10907,
      "title": "Assoc. Dieci\nSezione 4 Sud",
      "name": "Rodion",
      "nameWithTitle": "Rodion",
      "desc": "7a Identità di Rodion"
    },
    {
      "id": 10207,
      "title": "Lobotomy E.G.O::Rimpianto",
      "name": "Faust",
      "nameWithTitle": "Faust",
      "desc": "7a Identità di Faust"
    },
    {
      "id": 10607,
      "title": "Fixer dell'Ufficio\nHook",
      "name": "Hong Lu",
      "nameWithTitle": "Hong Lu",
      "desc": "7a Identità di Hong Lu"
    },
    {
      "id": 10106,
      "title": "Agente di Pulizia\nW Corp. L3",
      "name": "Yi Sang",
      "nameWithTitle": "Yi Sang",
      "desc": "6a Identità di Yi Sang"
    },
    {
      "id": 11207,
      "title": "Primo Ufficiale dei\nPirati Twinhook",
      "name": "Gregor",
      "nameWithTitle": "Gregor",
      "desc": "7a Identità di Gregor"
    },
    {
      "id": 10406,
      "title": "Assistente Manager\nLCCB",
      "name": "Ryōshū",
      "nameWithTitle": "Ryōshū",
      "desc": "6a Identità di Ryōshū"
    },
    {
      "id": 10306,
      "title": "Sorellina\ndel Medio",
      "name": "Don Quixote",
      "nameWithTitle": "Don Quixote",
      "desc": "6a Identità di Don Quixote"
    },
    {
      "id": 10507,
      "title": "Fratellino\ndel Medio",
      "name": "Meursault",
      "nameWithTitle": "Meursault",
      "desc": "7a Identità di Meursault"
    },
    {
      "id": 10707,
      "title": "Arprioniere\ndel Pequod",
      "name": "Heathcliff",
      "nameWithTitle": "Heathcliff",
      "desc": "7a Identità di Heathcliff"
    },
    {
      "id": 10107,
      "title": "Primo Ufficiale\ndel Pequod",
      "name": "Yi Sang",
      "nameWithTitle": "Yi Sang",
      "desc": "7a Identità di Yi Sang"
    },
    {
      "id": 11008,
      "title": "Direttore Assoc. Cinq\nSezione 4 Sud",
      "name": "Sinclair",
      "nameWithTitle": "Sinclair",
      "desc": "8a Identità di Sinclair"
    },
    {
      "id": 11106,
      "title": "Assoc. Cinq\nSezione 4 Sud",
      "name": "Outis",
      "nameWithTitle": "Outis",
      "desc": "6a Identità di Outis"
    },
    {
      "id": 11107,
      "title": "Lobotomy E.G.O::Pallottola Magica",
      "name": "Outis",
      "nameWithTitle": "Outis",
      "desc": "7a Identità di Outis"
    },
    {
      "id": 10307,
      "title": "<size=95%>Lobotomy E.G.O::Lanterna</size>",
      "name": "Don Quixote",
      "nameWithTitle": "Don Quixote",
      "desc": "7a Identità di Don Quixote"
    },
    {
      "id": 10608,
      "title": "Assoc. Dieci\nSezione 4 Sud",
      "name": "Hong Lu",
      "nameWithTitle": "Hong Lu",
      "desc": "8a Identità di Hong Lu"
    },
    {
      "id": 10108,
      "title": "Assoc. Dieci\nSezione 4 Sud",
      "name": "Yi Sang",
      "nameWithTitle": "Yi Sang",
      "desc": "8a Identità di Yi Sang"
    },
    {
      "id": 10808,
      "title": "Capitano\ndel Pequod",
      "name": "Ishmael",
      "nameWithTitle": "Ishmael",
      "desc": "8a Identità di Ishmael"
    },
    {
      "id": 10508,
      "title": "Mentore dei\nDiscendenti della Spada",
      "name": "Meursault",
      "nameWithTitle": "Meursault",
      "desc": "8a Identità di Meursault"
    },
    {
      "id": 10208,
      "title": "Salsu dei\nDiscendenti della Spada",
      "name": "Faust",
      "nameWithTitle": "Faust",
      "desc": "8a Identità di Faust"
    },
    {
      "id": 10308,
      "title": "Salsu dei\nDiscendenti della Spada",
      "name": "Don Quixote",
      "nameWithTitle": "Don Quixote",
      "desc": "8a Identità di Don Quixote"
    },
    {
      "id": 11208,
      "title": "Capitano del\nClan Kurokumo",
      "name": "Gregor",
      "nameWithTitle": "Gregor",
      "desc": "8a Identità di Gregor"
    },
    {
      "id": 10908,
      "title": "Direttrice Assoc. Liu\nSettore 4 Sud",
      "name": "Rodion",
      "nameWithTitle": "Rodion",
      "desc": "8a Identità di Rodion"
    },
    {
      "id": 10407,
      "title": "Assoc. Liu\nSettore 4 Sud",
      "name": "Ryōshū",
      "nameWithTitle": "Ryōshū",
      "desc": "7a Identità di Ryōshū"
    },
    {
      "id": 10708,
      "title": "Assoc. Öufi\nSezione 3 Sud",
      "name": "Heathcliff",
      "nameWithTitle": "Heathcliff",
      "desc": "8a Identità di Heathcliff"
    },
    {
      "id": 11108,
      "title": "Capo Maggiordomo di\nWuthering Heights",
      "name": "Outis",
      "nameWithTitle": "Outis",
      "desc": "8a Identità di Outis"
    },
    {
      "id": 10509,
      "title": "Capo dei\nConigli Morti",
      "name": "Meursault",
      "nameWithTitle": "Meursault",
      "desc": "9a Identità di Meursault"
    },
    {
      "id": 11209,
      "title": "Erede della\nFamiglia Edgar",
      "name": "Gregor",
      "nameWithTitle": "Gregor",
      "desc": "9a Identità di Gregor"
    },
    {
      "id": 10209,
      "title": "Maggiordomo di\nWuthering Heights",
      "name": "Faust",
      "nameWithTitle": "Faust",
      "desc": "9a Identità di Faust"
    },
    {
      "id": 9999,
      "title": "Lo Sguardo Rosso",
      "name": "Vergilius",
      "nameWithTitle": "",
      "desc": ""
    },
    {
      "id": 10408,
      "title": "Capo Maggiordomo della\nFamiglia Edgar",
      "name": "Ryōshū",
      "nameWithTitle": "Ryōshū",
      "desc": "8a Identità di Ryōshū"
    },
    {
      "id": 10809,
      "title": "Maggiordomo della\nFamiglia Edgar",
      "name": "Ishmael",
      "nameWithTitle": "Ishmael",
      "desc": "9a Identità di Ishmael"
    },
    {
      "id": 11009,
      "title": "Fixer\ndell'Ufficio Dawn",
      "name": "Sinclair",
      "nameWithTitle": "Sinclair",
      "desc": "9a Identità di Sinclair"
    },
    {
      "id": 10109,
      "title": "Studente Puntinista\ndell'Anulare",
      "name": "Yi Sang",
      "nameWithTitle": "Yi Sang",
      "desc": "9a Identità di Yi Sang"
    },
    {
      "id": 11109,
      "title": "Studente Puntinista\ndell'Anulare",
      "name": "Outis",
      "nameWithTitle": "Outis",
      "desc": "9a Identità di Outis"
    },
    {
      "id": 10609,
      "title": "Yurodivy del\nDistretto 20",
      "name": "Hong Lu",
      "nameWithTitle": "Hong Lu",
      "desc": "9a Identità di Hong Lu"
    },
    {
      "id": 10409,
      "title": "Yurodivy del\nDistretto 20",
      "name": "Ryōshū",
      "nameWithTitle": "Ryōshū",
      "desc": "9a Identità di Ryōshū"
    },
    {
      "id": 10309,
      "title": "Membro Collezionatore\nClasse 3 di T Corp.",
      "name": "Don Quixote",
      "nameWithTitle": "Don Quixote",
      "desc": "9a Identità di Don Quixote"
    },
    {
      "id": 10909,
      "title": "Membro Collezionatore\nClasse 2 di T Corp.",
      "name": "Rodion",
      "nameWithTitle": "Rodion",
      "desc": "9a Identità di Rodion"
    },
    {
      "id": 10510,
      "title": "Direttore Assoc. Dieci\nSezione 4 Sud",
      "name": "Meursault",
      "nameWithTitle": "Meursault",
      "desc": "10a Identità di Meursault"
    },
    {
      "id": 11110,
      "title": "Capitano Squadra\ndi Pulizia di W Corp. L3",
      "name": "Outis",
      "nameWithTitle": "Outis",
      "desc": "10a Identità di Outis"
    },
    {
      "id": 10210,
      "title": "Rappresentate\nUfficio MultiCrack",
      "name": "Faust",
      "nameWithTitle": "Faust",
      "desc": "10a Identità di Faust"
    },
    {
      "id": 10709,
      "title": "Fixer\n Ufficio MultiCrack",
      "name": "Heathcliff",
      "nameWithTitle": "Heathcliff",
      "desc": "9a Identità di Heathcliff"
    },
    {
      "id": 10710,
      "title": "Caccia Infernale",
      "name": "Heathcliff",
      "nameWithTitle": "Heathcliff",
      "desc": "10a Identità di Heathcliff"
    },
    {
      "id": 10110,
      "title": "Lobotomy E.G.O::\nLamento Solenne",
      "name": "Yi Sang",
      "nameWithTitle": "Yi Sang",
      "desc": "10a Identità di Yi Sang"
    },
    {
      "id": 10410,
      "title": "Lobotomy E.G.O::\nOcchi Rossi &\nPenitenza",
      "name": "Ryōshū",
      "nameWithTitle": "Ryōshū",
      "desc": "10a Identità di Ryōshū"
    },
    {
      "id": 10910,
      "title": "Assoc. Devyat\nSezione 3 Nord",
      "name": "Rodion",
      "nameWithTitle": "Rodion",
      "desc": "10a Identità di Rodion"
    },
    {
      "id": 10810,
      "title": "Assoc. Zwei\nSezione 3 Ovest",
      "name": "Ishmael",
      "nameWithTitle": "Ishmael",
      "desc": "10a Identità di Ishmael"
    },
    {
      "id": 10511,
      "title": "Assoc. Cinq\nSezione 3 Ovest",
      "name": "Meursault",
      "nameWithTitle": "Meursault",
      "desc": "11a Identità di Meursault"
    },
    {
      "id": 11010,
      "title": "Assoc. Zwei\nSezione 3 Ovest",
      "name": "Sinclair",
      "nameWithTitle": "Sinclair",
      "desc": "10a Identità di Sinclair"
    },
    {
      "id": 11111,
      "title": "Il Barbiere\ndi La Manchaland",
      "name": "Outis",
      "nameWithTitle": "Outis",
      "desc": "11a Identità di Outis"
    },
    {
      "id": 10610,
      "title": "Fixer dell'Ufficio\nFanghunt",
      "name": "Hong Lu",
      "nameWithTitle": "Hong Lu",
      "desc": "10a Identità di Hong Lu"
    },
    {
      "id": 11210,
      "title": "Il Prete\ndi La Manchaland",
      "name": "Gregor",
      "nameWithTitle": "Gregor",
      "desc": "10a Identità di Gregor"
    },
    {
      "id": 10911,
      "title": "La Principessa\ndi La Manchaland",
      "name": "Rodion",
      "nameWithTitle": "Rodion",
      "desc": "11a Identità di Rodion"
    },
    {
      "id": 11011,
      "title": "Assoc. Devyat\nSezione 3 Nord",
      "name": "Sinclair",
      "nameWithTitle": "Sinclair",
      "desc": "11a Identità di Sinclair"
    },
    {
      "id": 10310,
      "title": "La Manager\ndi La Manchaland",
      "name": "Don Quixote",
      "nameWithTitle": "Don Quixote",
      "desc": "10a Identità di Don Quixote"
    },
    {
      "id": 10611,
      "title": "Rappresentante\ndell'Ufficio Full-Stop",
      "name": "Hong Lu",
      "nameWithTitle": "Hong Lu",
      "desc": "11a Identità di Hong Lu"
    },
    {
      "id": 10711,
      "title": "Fixer\n dell'Ufficio Full-Stop",
      "name": "Heathcliff",
      "nameWithTitle": "Heathcliff",
      "desc": "11a Identità di Heathcliff"
    },
    {
      "id": 10211,
      "title": "LCE E.G.O::\nStella\nArdente in Fiore",
      "name": "Faust",
      "nameWithTitle": "Faust",
      "desc": "11a Identità di Faust"
    },
    {
      "id": 10111,
      "title": "LCE E.G.O::\nLanterna",
      "name": "Yi Sang",
      "nameWithTitle": "Yi Sang",
      "desc": "11a Identità di Yi Sang"
    },
    {
      "id": 10811,
      "title": "Capitano del\nClan Kurokumo",
      "name": "Ishmael",
      "nameWithTitle": "Ishmael",
      "desc": "11a Identità di Ishmael"
    },
    {
      "id": 10712,
      "title": "Wakashu del\nClan Kurokumo",
      "name": "Heathcliff",
      "nameWithTitle": "Heathcliff",
      "desc": "12a Identità di Heathcliff"
    },
    {
      "id": 10112,
      "title": "Assoc. Liu\nSezione 3 Sud",
      "name": "Yi Sang",
      "nameWithTitle": "Yi Sang",
      "desc": "12a Identità di Yi Sang"
    },
    {
      "id": 10311,
      "title": "Assoc. Cinq\nSezione 3 Est",
      "name": "Don Quixote",
      "nameWithTitle": "Don Quixote",
      "desc": "11a Identità di Don Quixote"
    },
    {
      "id": 11211,
      "title": "Sopravvissuto\ndell'Ufficio Firefist",
      "name": "Gregor",
      "nameWithTitle": "Gregor",
      "desc": "11a Identità di Gregor"
    },
    {
      "id": 11112,
      "title": "Branco Heishou- Sezione Mao",
      "name": "Outis",
      "nameWithTitle": "Outis",
      "desc": "12a Identità di Outis"
    },
    {
      "id": 10411,
      "title": "Branco Heishou- Sezione Mao",
      "name": "Ryōshū",
      "nameWithTitle": "Ryōshū",
      "desc": "11a Identità di Ryōshū"
    },
    {
      "id": 11012,
      "title": "Fratellino\ndel Medio",
      "name": "Sinclair",
      "nameWithTitle": "Sinclair",
      "desc": "12a Identità di Sinclair"
    },
    {
      "id": 10612,
      "title": "Renna del 4o Branco\ndi R. Corp",
      "name": "Hong Lu",
      "nameWithTitle": "Hong Lu",
      "desc": "La 12a Identità di Hong Lu"
    }
  ]
}