﻿{
  "dataList": [
    {
      "id": 1,
      "content": "Geni Tassidermizzati"
    },
    {
      "id": 2,
      "content": "Enciclopedia delle Associazioni dei Fixer... Per Principianti!"
    },
    {
      "id": 3,
      "content": "Scartoffie Mattutine"
    },
    {
      "id": 4,
      "content": "Orario Continuato"
    },
    {
      "id": 5,
      "content": "Dolore Condiviso"
    },
    {
      "id": 6,
      "content": "F.A.F.O"
    },
    {
      "id": 7,
      "content": "Punto di Vista dell'Artista Onniscente"
    },
    {
      "id": 8,
      "content": "Ha Bisogno... di Gentilezza"
    },
    {
      "id": 9,
      "content": "Il Duo Comico"
    },
    {
      "id": 10,
      "content": "Poliziotto Buono & Poliziotto Cattivo"
    },
    {
      "id": 11,
      "content": "Puoi Distruggerlo, ma non Sconfiggerlo"
    },
    {
      "id": 12,
      "content": "Prep Time"
    },
    {
      "id": 13,
      "content": "Actually Pretty Similar"
    },
    {
      "id": 14,
      "content": "La Famiglia è Importante"
    },
    {
      "id": 15,
      "content": "Il Coraggio di Confrontare"
    },
    {
      "id": 16,
      "content": "Take A.C.T.S."
    },
    {
      "id": 17,
      "content": "Hotboxed"
    },
    {
      "id": 18,
      "content": "Wing Employees of the Month"
    },
    {
      "id": 19,
      "content": "Catena di Comando"
    },
    {
      "id": 20,
      "content": "Not-So-Solitary Gourmets"
    },
    {
      "id": 21,
      "content": "Nemico nel Passato, Amico nel Presente"
    },
    {
      "id": 22,
      "content": "Parlare Con le Spade"
    }
  ]
}
