{
  "dataList": [
    {
      "id": "railway_dungeon_save_formation",
      "content": "Salva Formazione"
    },
    {
      "id": "railway_dungeon_init_saved_stage_data",
      "content": "Reset"
    },
    {
      "id": "railway_dungeon_init_saved_stage_data_desc",
      "content": "Reset the current Station progress\nand return to the state immediately before entry?"
    },
    {
      "id": "railway_dungeon_3_reward_condition_special_ticket",
      "content": "※ Obtained by clearing the Terminus of Line 3 with <color=#cd5e00>{0}</color> Turns or less Total Turns before\n<color=#003c3e>Stagione 3: Bon Voyage</color> ends"
    },
    {
      "id": "railway_dungeon_3_banner_reward_condition_1",
      "content": "Obtained by clearing the Terminus of Refraction Railway Line 3"
    },
    {
      "id": "railway_dungeon_3_banner_reward_condition_2",
      "content": "Obtained by clearing the Terminus of Line 3 with {0} Turns or less Total Turns before Stagione 3: Bon Voyage ends"
    },
    {
      "id": "railway_dungeon_before_enter_past_node_change_formation",
      "content": "Saving your Team Loadout will completely reset any progress\nmade after your selected Rest Station.\n\nSave your Team Loadout anyway?"
    },
    {
      "id": "railway_dungeon_3_retry_popup_init",
      "content": "Return"
    },
    {
      "id": "railway_dungeon_3_boss_accumulated_turn",
      "content": "Total Turns"
    },
    {
      "id": "railway_dungeon_3_unit_recovered",
      "content": "PV and PS have been restored."
    },
    {
      "id": "railway_dungeon_3_formation_saved",
      "content": "Your Team Loadout has been saved."
    },
    {
      "id": "railway_dungeon_before_enter_past_node_battle",
      "content": "Retrying an already-cleared Station\nwill completely reset any progress\nyou have made since that Station.\n\nRetry the Station anyway?"
    }
  ]
}