{
  "dataList": [
    {
      "id": "railway_5_must_participate_all",
      "content": "Sei pregato di Schierare tutti i Peccatori.\n\n※ Ogni Peccatore deve essere Schierato per entrare nella Metro Rifrattiva Tratta 5."
    },
    {
      "id": "mainui_personality_blocked",
      "content": "Impossibile Schierare"
    },
    {
      "id": "railway5_clear_info",
      "content": "Informazioni di Servizio"
    },
    {
      "id": "railway5_clear_info_node_ui",
      "content": "Informazioni di Servizio"
    },
    {
      "id": "railway_dungeon_5_entrance_recommended_level",
      "content": "- Identità : Intreccio Livello 4, Livello 50"
    },
    {
      "id": "railway5_clear_info_clear_turn_count",
      "content": "Turni Impiegati"
    },
    {
      "id": "railway5_clear_info_ego_stock",
      "content": "Risorse Rimanenti"
    },
    {
      "id": "railway5_clear_info_selected_buffs",
      "content": "Buff Selezionati"
    },
    {
      "id": "railway_dungeon_5_reward_condition_special_ticket",
      "content": "Ottenuto dopo aver portato a termine il viaggio sulla Tratta 5 con 100 o meno Turni Totale prima che la Stagione 5: Oblio termini."
    },
    {
      "id": "railway_dungeon_5_statistics_button",
      "content": "Dettagli"
    },
    {
      "id": "railway_dungeon_5_required_condition_to_enter_format",
      "content": "※ Informazione di Servizio\n\nOgni Peccatore deve avere almeno 2 Identità per poter entrare in {0}."
    },
    {
      "id": "railway_dungeon_5_reward_condition_special_ticket_warning",
      "content": "<color=#990000>※ Non può essere più ottenuto dopo che la Stagione 5: Oblio è terminata.</color>"
    },
    {
      "id": "railway_dungeon_5_reward_condition_warning",
      "content": "※ Tutte le ricompense riscattate dopo il termine della Stagione 5: Oblio subiranno il processo di transizione da una Stagione all'altra. Qualsiasi oggetto, come <color=#990000>le Casse di ScheggieEgo A Scelta e le Casse di ScheggieEgo Casuali</color> verrà dimezzato.\n(Le Casse di ScheggieEgo—sia Casuali che A Scelta—che non vengono trasferite verranno convertite in Casse di Filo.)"
    },
    {
      "id": "railway_dungeon_5_banner_reward_condition_1",
      "content": "Ottenuto dopo aver portato a termine il viaggio sulla Metro Rifrattiva Tratta 5"
    },
    {
      "id": "railway_dungeon_5_banner_reward_condition_2",
      "content": "Ottenuto dopo aver portato a termine il viaggio sulla Tratta 5 con {0} o meno Turni Totale prima che la <color=#9a0634>Stagione 5: Oblio</color> termini."
    },
    {
      "id": "railway_5_banned_personality_exist",
      "content": "Tra le Identità Schierate ce n'è una bloccata.\n\n※ Vi ricordiamo che, nella Metro Rifrattiva Tratta 5, le Identità che hanno preso parte alla Sezione #1 non possono partecipare alla Sezione #2."
    },
    {
      "id": "railway_5_ally_buff",
      "content": "Buff"
    },
    {
      "id": "railway_5_enemy_buff",
      "content": "Prove"
    },
    {
      "id": "railway_5_section",
      "content": "Sezione #{0}"
    },
    {
      "id": "railway_5_warning_enter_node_1",
      "content": "Ricordiamo che le Identità che hanno preso parte alla Sezione #1 non possono partecipare alla Sezione #2.\n\nVuoi davvero usare queste Identità per la Sezione #1?"
    },
    {
      "id": "railway_5_select_buff_title",
      "content": "Seleziona Buff"
    },
    {
      "id": "railway_5_stage_level_warning",
      "content": "※ Livello Medio Attuale delle ID: <color=#990000>{0}</color> \n(Livello Consigliato: <color=#990000>{1}</color>)"
    }
  ]
}