{
  "dataList": [
    {
      "id": "5",
      "nameList": [
        {
          "id": "0",
          "content": "Viaggio sulla Tratta 5 in Corso"
        },
        {
          "id": "1",
          "content": "Sezione #1 : Attaccamento/Caccia/Sorgente/Nebulizzazione",
          "shortName": "Sezione #1"
        },
        {
          "id": "2",
          "content": "Sezione #2 : Sparatoria/Collera/Oblio",
          "shortName": "Sezione #2"
        },
        {
          "id": "3",
          "content": "Sezione #3 : Maternità/Alto Tradimento/Peccato di Sangue/Brama",
          "shortName": "Sezione #3"
        }
      ]
    }
  ]
}
