{
  "dataList": [
    {
      "id": "401",
      "title": "Section #1 : Banquet/Well Basin/Twisted"
    },
    {
      "id": "402",
      "title": "Station #4 : Interlude"
    },
    {
      "id": "403",
      "title": "Section #2 : Chiseling/Cloudbrume/Boneflesh"
    },
    {
      "id": "404",
      "title": "Station #8 : Interlude"
    },
    {
      "id": "405",
      "title": "Section #3 : Forgery/Dreaming"
    },
    {
      "id": "406",
      "title": "Station #11 : Interlude"
    },
    {
      "id": "407",
      "title": "Section #4 : Adamantine Wall/Feast"
    }
  ]
}