{
  "dataList": [
    {
      "id": "1001",
      "nameList": [
        {
          "id": "0",
          "content": "Imbarco Linea 1",
          "shortName": "Imbarco Linea 1"
        },
        {
          "id": "1",
          "content": "Prima Fermata: Contatto",
          "shortName": "Prima Fermata: Contatto"
        },
        {
          "id": "2",
          "content": "Stazione #2 - Restauro",
          "shortName": "Stazione #2 - Restauro"
        },
        {
          "id": "3",
          "content": "Stazione #3 - Inabissamento",
          "shortName": "Stazione #3 - Inabissamento"
        },
        {
          "id": "4",
          "content": "Stazione #4 - Riunione",
          "shortName": "Stazione #4 - Riunione"
        },
        {
          "id": "5",
          "content": "Stazione #5 - Isolamento",
          "shortName": "Stazione #5 - Isolamento"
        },
        {
          "id": "6",
          "content": "Stazione #6 - Ripresa",
          "shortName": "Stazione #6 - Ripresa"
        },
        {
          "id": "7",
          "content": "Stazione #7 - Senza testa",
          "shortName": "Stazione #7 - Senza testa"
        },
        {
          "id": "8",
          "content": "Stazione #8 - Esistenza",
          "shortName": "Stazione #8 - Esistenza"
        },
        {
          "id": "9",
          "content": "Stazione #9 - Siero",
          "shortName": "Stazione #9 - Siero"
        },
        {
          "id": "10",
          "content": "Stazione #10 - Lingua Biforcuta",
          "shortName": "Stazione #10 - Lingua Biforcuta"
        },
        {
          "id": "11",
          "content": "Stazione #11 - Energizzazione",
          "shortName": "Stazione #11 - Energizzazione"
        },
        {
          "id": "12",
          "content": "Stazione #12 - Purezza",
          "shortName": "Stazione #12 - Purezza"
        },
        {
          "id": "13",
          "content": "Ultima Fermata - Non-sé",
          "shortName": "Ultima Fermata - Non-sé"
        }
      ]
    }
  ]
}
