{
    "dataList": [
        {
            "id": "이상",
            "name": "Yi Sang",
            "nickName": "Peccatore #1"
        },
        {
            "id": "파우스트",
            "name": "Faust",
            "nickName": "Peccatrice #2"
        },
        {
            "id": "돈키호테",
            "name": "Don Quixote",
            "nickName": "Peccatrice #3"
        },
        {
            "id": "료슈",
            "name": "Ryōshū",
            "nickName": "Peccatrice #4"
        },
        {
            "id": "뫼르소",
            "name": "Meursault",
            "nickName": "Peccatore #5"
        },
        {
            "id": "홍루",
            "name": "Hong Lu",
            "nickName": "Peccatore #6"
        },
        {
            "id": "히스클리프",
            "name": "Heathcliff",
            "nickName": "Peccatore #7"
        },
        {
            "id": "이스마엘",
            "name": "Ishmael",
            "nickName": "Peccatrice #8"
        },
        {
            "id": "로쟈",
            "name": "Rodion",
            "nickName": "Peccatrice #9"
        },
        {
            "id": "싱클레어",
            "name": "Sinclair",
            "nickName": "Peccatore #11"
        },
        {
            "id": "오티스",
            "name": "Outis",
            "nickName": "Peccatrice #12"
        },
        {
            "id": "그레고르",
            "name": "Gregor",
            "nickName": "Peccatore #13"
        },
        {
            "id": "아야",
            "name": "",
            "nickName": ""
        },
        {
            "id": "유리",
            "name": "",
            "nickName": ""
        },
        {
            "id": "홉킨스",
            "name": "",
            "nickName": ""
        },
        {
            "id": "G사 직원",
            "name": "",
            "nickName": ""
        },
        {
            "id": "독백",
            "name": "",
            "nickName": ""
        },
        {
            "id": "베르길리우스",
            "name": "Vergilius",
            "nickName": "Guida"
        },
        {
            "id": "베르길리우스2",
            "name": "Vergilius",
            "nickName": "Guida"
        },
        {
            "id": "베르길리우스3",
            "name": "Vergilius",
            "nickName": "Guida"
        },
        {
            "id": "눈이붉은자",
            "name": "",
            "nickName": ""
        },
        {
            "id": "카론",
            "name": "Charon",
            "nickName": "Autista"
        },
        {
            "id": "단테",
            "name": "Dante",
            "nickName": "Manager"
        },
        {
            "id": "단테1",
            "name": "Dante",
            "nickName": "Manager"
        },
        {
            "id": "단테2",
            "name": "Dante",
            "nickName": "Manager"
        },
        {
            "id": "4구 불량배 1",
            "name": "",
            "nickName": ""
        },
        {
            "id": "4구 불량배 2",
            "name": "",
            "nickName": ""
        },
        {
            "id": "4구 불량배 3",
            "name": "",
            "nickName": ""
        },
        {
            "id": "석상머리",
            "name": "",
            "nickName": ""
        },
        {
            "id": "G사부장",
            "name": "",
            "nickName": ""
        },
        {
            "id": "화난패잔병",
            "name": "",
            "nickName": ""
        },
        {
            "id": "의아한패잔병",
            "name": "",
            "nickName": ""
        },
        {
            "id": "쓰러진아야",
            "name": "",
            "nickName": ""
        },
        {
            "id": "백설공주그림자",
            "name": "",
            "nickName": ""
        },
        {
            "id": "카지노경호원대장",
            "name": "",
            "nickName": ""
        },
        {
            "id": "각잡힌카지노경호원",
            "name": "",
            "nickName": ""
        },
        {
            "id": "세보이고싶었던콩콩파조직원",
            "name": "",
            "nickName": ""
        },
        {
            "id": "콩을싫어하는콩콩파조직원",
            "name": "",
            "nickName": ""
        },
        {
            "id": "콩콩이파보스",
            "name": "",
            "nickName": ""
        },
        {
            "id": "에피",
            "name": "",
            "nickName": ""
        },
        {
            "id": "위협적인철공회조직원",
            "name": "",
            "nickName": ""
        },
        {
            "id": "몸푸는철공회조직원",
            "name": "",
            "nickName": ""
        },
        {
            "id": "철공회보스",
            "name": "",
            "nickName": ""
        },
        {
            "id": "흥겨운마리아치조직원",
            "name": "",
            "nickName": ""
        },
        {
            "id": "경쾌한마리아치조직원",
            "name": "",
            "nickName": ""
        },
        {
            "id": "아이드",
            "name": "",
            "nickName": ""
        },
        {
            "id": "너맞아볼래매우",
            "name": "",
            "nickName": ""
        },
        {
            "id": "노예",
            "name": "",
            "nickName": ""
        },
        {
            "id": "모제스",
            "name": "Moses",
            "nickName": "LCD"
        },
        {
            "id": "에즈라",
            "name": "Ezra",
            "nickName": "LCD"
        },
        {
            "id": "소드",
            "name": "",
            "nickName": ""
        },
        {
            "id": "소냐",
            "name": "",
            "nickName": ""
        },
        {
            "id": "전당포주인",
            "name": "",
            "nickName": ""
        },
        {
            "id": "촌스러운말투의콩콩파조직원",
            "name": "",
            "nickName": ""
        },
        {
            "id": "크로머",
            "name": "",
            "nickName": ""
        },
        {
            "id": "귀도",
            "name": "",
            "nickName": ""
        },
        {
            "id": "N사심문관1",
            "name": "",
            "nickName": ""
        },
        {
            "id": "N사심문관2",
            "name": "",
            "nickName": ""
        },
        {
            "id": "N사심문관3",
            "name": "",
            "nickName": ""
        },
        {
            "id": "지크프리트",
            "name": "",
            "nickName": ""
        },
        {
            "id": "검문소경비",
            "name": "",
            "nickName": ""
        },
        {
            "id": "침식직원1",
            "name": "",
            "nickName": ""
        },
        {
            "id": "침식직원2",
            "name": "",
            "nickName": ""
        },
        {
            "id": "제복소드",
            "name": "",
            "nickName": ""
        },
        {
            "id": "제복에피",
            "name": "",
            "nickName": ""
        },
        {
            "id": "학생크로머",
            "name": "",
            "nickName": ""
        },
        {
            "id": "피묻은크로머",
            "name": "",
            "nickName": ""
        },
        {
            "id": "데미안",
            "name": "Demian",
            "nickName": ""
        },
        {
            "id": "학생데미안",
            "name": "",
            "nickName": ""
        },
        {
            "id": "늑대",
            "name": "",
            "nickName": ""
        },
        {
            "id": "표범",
            "name": "",
            "nickName": ""
        },
        {
            "id": "사자",
            "name": "",
            "nickName": ""
        },
        {
            "id": "프롤로그단테",
            "name": "",
            "nickName": ""
        },
        {
            "id": "프롤로그단테2",
            "name": "",
            "nickName": ""
        },
        {
            "id": "프롤로그파우스트",
            "name": "",
            "nickName": ""
        },
        {
            "id": "???",
            "name": "",
            "nickName": ""
        },
        {
            "id": "헤르만",
            "name": "",
            "nickName": ""
        },
        {
            "id": "피묻은귀도",
            "name": "",
            "nickName": ""
        },
        {
            "id": "다친소드",
            "name": "",
            "nickName": ""
        },
        {
            "id": "변신크로머",
            "name": "",
            "nickName": ""
        },
        {
            "id": "애프터팀상사",
            "name": "",
            "nickName": ""
        },
        {
            "id": "구보",
            "name": "",
            "nickName": ""
        },
        {
            "id": "가환",
            "name": "",
            "nickName": ""
        },
        {
            "id": "더미",
            "name": "",
            "nickName": ""
        },
        {
            "id": "더미2",
            "name": "",
            "nickName": ""
        },
        {
            "id": "크로머목소리",
            "name": "",
            "nickName": ""
        },
        {
            "id": "그레고르요리사",
            "name": "Gregor",
            "nickName": "Peccatore #13"
        },
        {
            "id": "뫼르소요리사",
            "name": "Meursault",
            "nickName": "Peccatore #5"
        },
        {
            "id": "오티스요리사",
            "name": "Outis",
            "nickName": "Peccatrice #12"
        },
        {
            "id": "료슈요리사",
            "name": "Ryōshū",
            "nickName": "Peccatrice #4"
        },
        {
            "id": "삼조",
            "name": "",
            "nickName": ""
        },
        {
            "id": "보살치킨",
            "name": "",
            "nickName": ""
        },
        {
            "id": "은봉치킨",
            "name": "",
            "nickName": ""
        },
        {
            "id": "히스클리프요리사",
            "name": "Heathcliff",
            "nickName": "Peccatore #7"
        },
        {
            "id": "뒤틀린닭1",
            "name": "",
            "nickName": ""
        },
        {
            "id": "뒤틀린닭2",
            "name": "",
            "nickName": ""
        },
        {
            "id": "뒤틀린손님1",
            "name": "",
            "nickName": ""
        },
        {
            "id": "뒤틀린손님2",
            "name": "",
            "nickName": ""
        },
        {
            "id": "뒤틀린주인",
            "name": "",
            "nickName": ""
        },
        {
            "id": "그렉료슈",
            "name": "",
            "nickName": ""
        },
        {
            "id": "뒤틀린주인카운트1",
            "name": "",
            "nickName": ""
        },
        {
            "id": "뒤틀린주인카운트2",
            "name": "",
            "nickName": ""
        },
        {
            "id": "뒤틀린주인카운트3",
            "name": "",
            "nickName": ""
        },
        {
            "id": "알폰소",
            "name": "",
            "nickName": ""
        },
        {
            "id": "동백",
            "name": "",
            "nickName": ""
        },
        {
            "id": "동랑",
            "name": "",
            "nickName": ""
        },
        {
            "id": "마리르",
            "name": "",
            "nickName": ""
        },
        {
            "id": "니코",
            "name": "",
            "nickName": ""
        },
        {
            "id": "란",
            "name": "",
            "nickName": ""
        },
        {
            "id": "K사드론들",
            "name": "",
            "nickName": ""
        },
        {
            "id": "기술해방연합기계",
            "name": "",
            "nickName": ""
        },
        {
            "id": "장미스패너1",
            "name": "",
            "nickName": ""
        },
        {
            "id": "장미스패너2",
            "name": "",
            "nickName": ""
        },
        {
            "id": "K사앰플기계",
            "name": "",
            "nickName": ""
        },
        {
            "id": "해킹당한K사앰플기계",
            "name": "",
            "nickName": ""
        },
        {
            "id": "슈렌느",
            "name": "",
            "nickName": ""
        },
        {
            "id": "K사3등급전투원",
            "name": "",
            "nickName": ""
        },
        {
            "id": "K사연구원1",
            "name": "",
            "nickName": ""
        },
        {
            "id": "K사연구원2",
            "name": "",
            "nickName": ""
        },
        {
            "id": "K사연구원3",
            "name": "",
            "nickName": ""
        },
        {
            "id": "기술해방연합1",
            "name": "",
            "nickName": ""
        },
        {
            "id": "각성기술해방연합1",
            "name": "",
            "nickName": ""
        },
        {
            "id": "동백여우각성",
            "name": "",
            "nickName": ""
        },
        {
            "id": "동백에고각성중",
            "name": "",
            "nickName": ""
        },
        {
            "id": "동백에고각성",
            "name": "",
            "nickName": ""
        },
        {
            "id": "과거동백",
            "name": "",
            "nickName": ""
        },
        {
            "id": "영지",
            "name": "",
            "nickName": ""
        },
        {
            "id": "과거구보",
            "name": "",
            "nickName": ""
        },
        {
            "id": "과거동랑",
            "name": "",
            "nickName": ""
        },
        {
            "id": "되살아난해방연합",
            "name": "",
            "nickName": ""
        },
        {
            "id": "T사기술청1",
            "name": "",
            "nickName": ""
        },
        {
            "id": "각성동랑",
            "name": "",
            "nickName": ""
        },
        {
            "id": "뒤틀린동랑",
            "name": "",
            "nickName": ""
        },
        {
            "id": "뒤틀린다친동랑",
            "name": "",
            "nickName": ""
        },
        {
            "id": "다친에고동랑",
            "name": "",
            "nickName": ""
        },
        {
            "id": "도망치던시민",
            "name": "",
            "nickName": ""
        },
        {
            "id": "파우스트와삼조",
            "name": "",
            "nickName": ""
        },
        {
            "id": "검문소경비2",
            "name": "",
            "nickName": ""
        },
        {
            "id": "기술해방연합기계2",
            "name": "",
            "nickName": ""
        },
        {
            "id": "T사기술청2",
            "name": "",
            "nickName": ""
        },
        {
            "id": "변신T사기술청",
            "name": "",
            "nickName": ""
        },
        {
            "id": "K사안내방송",
            "name": "",
            "nickName": ""
        },
        {
            "id": "옷벗은삼조",
            "name": "",
            "nickName": ""
        },
        {
            "id": "동백여우각성_먼지",
            "name": "",
            "nickName": ""
        },
        {
            "id": "동백에고각성중_먼지",
            "name": "",
            "nickName": ""
        },
        {
            "id": "동백에고각성중_다침",
            "name": "",
            "nickName": ""
        },
        {
            "id": "상이",
            "name": "",
            "nickName": ""
        },
        {
            "id": "과거이상",
            "name": "",
            "nickName": ""
        },
        {
            "id": "동백에고각성중_찔림",
            "name": "",
            "nickName": ""
        },
        {
            "id": "K사임원진1",
            "name": "",
            "nickName": ""
        },
        {
            "id": "K사임원진2",
            "name": "",
            "nickName": ""
        },
        {
            "id": "미카",
            "name": "",
            "nickName": ""
        },
        {
            "id": "올가",
            "name": "",
            "nickName": ""
        },
        {
            "id": "올가잠수복",
            "name": "",
            "nickName": ""
        },
        {
            "id": "무기레인",
            "name": "",
            "nickName": ""
        },
        {
            "id": "레인",
            "name": "",
            "nickName": ""
        },
        {
            "id": "크랩게라디오",
            "name": "",
            "nickName": ""
        },
        {
            "id": "크랩게",
            "name": "",
            "nickName": ""
        },
        {
            "id": "올가헬멧",
            "name": "",
            "nickName": ""
        },
        {
            "id": "쌍갈고리파조직원1",
            "name": "",
            "nickName": ""
        },
        {
            "id": "쌍갈고리파조직원2",
            "name": "",
            "nickName": ""
        },
        {
            "id": "쌍갈고리파조직원3",
            "name": "",
            "nickName": ""
        },
        {
            "id": "쌍갈고리파조직원4",
            "name": "",
            "nickName": ""
        },
        {
            "id": "쌍갈고리파조직원5",
            "name": "",
            "nickName": ""
        },
        {
            "id": "클럽손님",
            "name": "",
            "nickName": ""
        },
        {
            "id": "파일럿",
            "name": "",
            "nickName": ""
        },
        {
            "id": "스미",
            "name": "",
            "nickName": ""
        },
        {
            "id": "다친스미",
            "name": "",
            "nickName": ""
        },
        {
            "id": "작은형님그림자",
            "name": "",
            "nickName": ""
        },
        {
            "id": "작은형님",
            "name": "",
            "nickName": ""
        },
        {
            "id": "작은형님안경",
            "name": "",
            "nickName": ""
        },
        {
            "id": "작은형님발광",
            "name": "",
            "nickName": ""
        },
        {
            "id": "작은형님다침",
            "name": "",
            "nickName": ""
        },
        {
            "id": "작은형님책",
            "name": "",
            "nickName": ""
        },
        {
            "id": "쪽빛노인",
            "name": "",
            "nickName": ""
        },
        {
            "id": "쪽빛노인후드",
            "name": "",
            "nickName": ""
        },
        {
            "id": "쪽빛노인무기",
            "name": "",
            "nickName": ""
        },
        {
            "id": "LCCB직원백화1",
            "name": "",
            "nickName": ""
        },
        {
            "id": "LCCB직원백화2",
            "name": "",
            "nickName": ""
        },
        {
            "id": "림",
            "name": "",
            "nickName": ""
        },
        {
            "id": "작은아우",
            "name": "",
            "nickName": ""
        },
        {
            "id": "데미안마크",
            "name": "",
            "nickName": ""
        },
        {
            "id": "다친이스마엘",
            "name": "Ishmael",
            "nickName": "Peccatrice #8"
        },
        {
            "id": "다친파우스트",
            "name": "Faust",
            "nickName": "Peccatrice #2"
        },
        {
            "id": "에이해브",
            "name": "Ahab",
            "nickName": "Capitano di Pequod Town"
        },
        {
            "id": "에이해브각성",
            "name": "Ahab",
            "nickName": "Capitano di Pequod Town"
        },
        {
            "id": "에이해브다침",
            "name": "Ahab",
            "nickName": "Capitano di Pequod Town"
        },
        {
            "id": "에이해브과거",
            "name": "Ahab",
            "nickName": "Capitano del Pequod"
        },
        {
            "id": "핍과거",
            "name": "Pip",
            "nickName": "La Pequod"
        },
        {
            "id": "퀴케그",
            "name": "Queequeg",
            "nickName": "Pequod Town"
        },
        {
            "id": "퀴케그과거",
            "name": "Queequeg",
            "nickName": "La Pequod"
        },
        {
            "id": "스타벅",
            "name": "Starbuck",
            "nickName": "Pequod Town"
        },
        {
            "id": "스타벅과거",
            "name": "Starbuck",
            "nickName": "La Pequod"
        },
        {
            "id": "핍",
            "name": "Pip",
            "nickName": "Pequod Town"
        },
        {
            "id": "퀴케그가면",
            "name": "???",
            "nickName": "Pequod Town"
        },
        {
            "id": "스텁",
            "name": "Stubb",
            "nickName": "La Pequod"
        },
        {
            "id": "피쿼드호주민1",
            "name": "",
            "nickName": "Pequod Town"
        },
        {
            "id": "피쿼드호주민2",
            "name": "",
            "nickName": "Pequod Town"
        },
        {
            "id": "이스마엘과거",
            "name": "Ishmael",
            "nickName": "La Pequod"
        },
        {
            "id": "에이해브그림자",
            "name": "Ahab",
            "nickName": "Capitano di Pequod Town"
        },
        {
            "id": "이스마엘과거2",
            "name": "Ishmael",
            "nickName": ""
        },
        {
            "id": "퀴케그녹음",
            "name": "Queequeg",
            "nickName": "Pequod Town"
        },
        {
            "id": "스텁그림자",
            "name": "Stubb",
            "nickName": "La Pequod"
        },
        {
            "id": "퀴케그그림자",
            "name": "",
            "nickName": ""
        },
        {
            "id": "도미노",
            "name": "Domino",
            "nickName": "Città Nuvola"
        },
        {
            "id": "도도루",
            "name": "Dodoru",
            "nickName": "Fabbrica di Doni"
        },
        {
            "id": "화난도도루",
            "name": "Dodoru",
            "nickName": "Fabbrica di Doni"
        },
        {
            "id": "크레용",
            "name": "Crayon",
            "nickName": "Città Nuvola"
        },
        {
            "id": "산타타",
            "name": "Santata",
            "nickName": "Fabbrica di Doni"
        },
        {
            "id": "빨간노움",
            "name": "",
            "nickName": ""
        },
        {
            "id": "초록노움",
            "name": "",
            "nickName": ""
        },
        {
            "id": "검은노움",
            "name": "",
            "nickName": ""
        },
        {
            "id": "일등 항해사",
            "name": " First Mate",
            "nickName": "La Pequod"
        },
        {
            "id": "작살잡이",
            "name": "Harpooneer",
            "nickName": "La Pequod"
        },
        {
            "id": "흑운회조직원1",
            "name": "",
            "nickName": ""
        },
        {
            "id": "흑운회조직원2",
            "name": "",
            "nickName": ""
        },
        {
            "id": "검계조직원1",
            "name": "",
            "nickName": ""
        },
        {
            "id": "앵두",
            "name": "",
            "nickName": ""
        },
        {
            "id": "김삿갓",
            "name": "",
            "nickName": ""
        },
        {
            "id": "최종김삿갓",
            "name": "",
            "nickName": ""
        },
        {
            "id": "쥰",
            "name": "",
            "nickName": ""
        },
        {
            "id": "시계쥰",
            "name": "",
            "nickName": ""
        },
        {
            "id": "LCA특작팀",
            "name": "",
            "nickName": ""
        },
        {
            "id": "카이만",
            "name": "",
            "nickName": ""
        },
        {
            "id": "히스클리프꾸밈",
            "name": "Heathcliff",
            "nickName": "Peccatore #7"
        },
        {
            "id": "히스클리프헝클어짐",
            "name": "Heathcliff",
            "nickName": "Peccatore #7"
        },
        {
            "id": "어린히스클리프",
            "name": "Heathcliff",
            "nickName": "Cime Tempestose"
        },
        {
            "id": "힌들리",
            "name": "Hindley",
            "nickName": "Famiglia Earnshaw"
        },
        {
            "id": "어린힌들리",
            "name": "Hindley",
            "nickName": "Famiglia Earnshaw"
        },
        {
            "id": "린튼",
            "name": "Linton",
            "nickName": "Famiglia Edgar"
        },
        {
            "id": "어린린튼",
            "name": "Linton",
            "nickName": "Famiglia Edgar"
        },
        {
            "id": "캐서린",
            "name": "Catherine",
            "nickName": "Cime Tempestose"
        },
        {
            "id": "어린캐서린2",
            "name": "Catherine",
            "nickName": "Cime Tempestose"
        },
        {
            "id": "조세핀",
            "name": "Josephine",
            "nickName": "Cime Tempestose"
        },
        {
            "id": "넬리",
            "name": "Nelly",
            "nickName": "Capo Maggiordomo"
        },
        {
            "id": "데드레빗츠1",
            "name": "",
            "nickName": ""
        },
        {
            "id": "데드레빗츠2",
            "name": "",
            "nickName": ""
        },
        {
            "id": "데드레빗츠보스",
            "name": "",
            "nickName": ""
        },
        {
            "id": "린튼버틀러1",
            "name": "",
            "nickName": ""
        },
        {
            "id": "린튼버틀러2",
            "name": "",
            "nickName": ""
        },
        {
            "id": "T사갱단1",
            "name": "",
            "nickName": ""
        },
        {
            "id": "T사갱단2",
            "name": "",
            "nickName": ""
        },
        {
            "id": "T사시민",
            "name": "",
            "nickName": ""
        },
        {
            "id": "외우피협회F",
            "name": "",
            "nickName": ""
        },
        {
            "id": "외우피협회F2",
            "name": "",
            "nickName": ""
        },
        {
            "id": "외우피협회보스F",
            "name": "",
            "nickName": ""
        },
        {
            "id": "홍루SD",
            "name": "",
            "nickName": ""
        },
        {
            "id": "로쟈SD",
            "name": "",
            "nickName": ""
        },
        {
            "id": "언쇼",
            "name": "",
            "nickName": ""
        },
        {
            "id": "마왕히스클리프1",
            "name": "",
            "nickName": ""
        },
        {
            "id": "어린히스클리프2",
            "name": "Heathcliff",
            "nickName": "Cime Tempestose"
        },
        {
            "id": "힌들리2",
            "name": "Hindley",
            "nickName": "Famiglia Earnshaw"
        },
        {
            "id": "아세아",
            "name": "",
            "nickName": ""
        },
        {
            "id": "어린캐서린",
            "name": "Catherine",
            "nickName": "Cime Tempestose"
        },
        {
            "id": "힌들리늑대",
            "name": "Hindley",
            "nickName": "Famiglia Earnshaw"
        },
        {
            "id": "히스클리프과거",
            "name": "Heathcliff",
            "nickName": ""
        },
        {
            "id": "뒤틀린히스클리프",
            "name": "Heathcliff",
            "nickName": ""
        },
        {
            "id": "마왕캐서린",
            "name": "",
            "nickName": ""
        },
        {
            "id": "마왕히스클리프2",
            "name": "Erlking Heathcliff",
            "nickName": "Un Altro Mondo"
        },
        {
            "id": "어린린튼2",
            "name": "Linton",
            "nickName": "Famiglia Edgar"
        },
        {
            "id": "린튼2",
            "name": "Linton",
            "nickName": "Famiglia Edgar"
        },
        {
            "id": "조세핀2",
            "name": "Josephine",
            "nickName": "Cime Tempestose"
        },
        {
            "id": "마왕히스클리프말",
            "name": "Erlking Heathcliff",
            "nickName": "Un Altro Mondo"
        },
        {
            "id": "마왕히스클리프3",
            "name": "Erlking Heathcliff",
            "nickName": "Un Altro Mondo"
        },
        {
            "id": "다친넬리",
            "name": "Nelly",
            "nickName": "Capo Maggiordomo"
        },
        {
            "id": "히스클리프검정",
            "name": "Heathcliff",
            "nickName": "Peccatore #7"
        },
        {
            "id": "히스클리프다침",
            "name": "Heathcliff",
            "nickName": "Peccatore #7"
        },
        {
            "id": "N사연구원검은색",
            "name": "",
            "nickName": ""
        },
        {
            "id": "마왕히스클리프4",
            "name": "",
            "nickName": ""
        },
        {
            "id": "히스클리프2",
            "name": "Heathcliff",
            "nickName": "Peccatore #7"
        },
        {
            "id": "탐정홍루",
            "name": "Hong Lu",
            "nickName": "Peccatore #6"
        },
        {
            "id": "탐정로쟈",
            "name": "Rodion",
            "nickName": "Peccatrice #9"
        },
        {
            "id": "탐정료슈",
            "name": "Ryōshū",
            "nickName": "Peccatrice #4"
        },
        {
            "id": "T사대표",
            "name": "",
            "nickName": ""
        },
        {
            "id": "진짜T사대표",
            "name": "",
            "nickName": ""
        },
        {
            "id": "범블",
            "name": "Bumble",
            "nickName": ""
        },
        {
            "id": "T사4등급",
            "name": "",
            "nickName": ""
        },
        {
            "id": "T사사무직",
            "name": "",
            "nickName": ""
        },
        {
            "id": "시간살인마",
            "name": "The Time Ripper",
            "nickName": "Distorsione"
        },
        {
            "id": "시간살인마변신",
            "name": "The Time Ripper",
            "nickName": "Distorsione"
        },
        {
            "id": "유로지비대장",
            "name": "Yurodiviye Captain",
            "nickName": "Yurodivy del Distretto 20"
        },
        {
            "id": "유로지비멤버1",
            "name": "",
            "nickName": ""
        },
        {
            "id": "유로지비멤버2",
            "name": "",
            "nickName": ""
        },
        {
            "id": "시살동생",
            "name": "",
            "nickName": ""
        },
        {
            "id": "감속더미",
            "name": "",
            "nickName": ""
        },
        {
            "id": "돈키T3",
            "name": "",
            "nickName": ""
        },
        {
            "id": "다친유로지비대장",
            "name": "Yurodiviye Captain",
            "nickName": "Yurodivy del Distretto 20"
        },
        {
            "id": "마이",
            "name": "",
            "nickName": ""
        },
        {
            "id": "T사2등급",
            "name": "",
            "nickName": ""
        },
        {
            "id": "다친시간살인마변신",
            "name": "The Time Ripper",
            "nickName": "Distorsione"
        },
        {
            "id": "질투죄종",
            "name": "",
            "nickName": ""
        },
        {
            "id": "열차아이",
            "name": "",
            "nickName": ""
        },
        {
            "id": "카세티",
            "name": "",
            "nickName": ""
        },
        {
            "id": "카세티혈귀",
            "name": "",
            "nickName": ""
        },
        {
            "id": "북부창",
            "name": "",
            "nickName": ""
        },
        {
            "id": "북부대검",
            "name": "",
            "nickName": ""
        },
        {
            "id": "북부대검혈귀",
            "name": "",
            "nickName": ""
        },
        {
            "id": "W사정리요원",
            "name": "",
            "nickName": ""
        },
        {
            "id": "W사정리요원2",
            "name": "",
            "nickName": ""
        },
        {
            "id": "실루엣돈키호테",
            "name": "Don Quixote",
            "nickName": ""
        },
        {
            "id": "돈키호테다침",
            "name": "Don Quixote",
            "nickName": "Peccatrice #3"
        },
        {
            "id": "말쿠트",
            "name": "Malkuth",
            "nickName": ""
        },
        {
            "id": "네짜흐",
            "name": "Netzach",
            "nickName": ""
        },
        {
            "id": "호드",
            "name": "Hod",
            "nickName": ""
        },
        {
            "id": "체사라",
            "name": "Cesara",
            "nickName": "Dipartimento di Archiviazione di P Corp."
        },
        {
            "id": "알레시오",
            "name": "Alessio",
            "nickName": "Dipartimento di Archiviazione di P Corp."
        },
        {
            "id": "로메로",
            "name": "Romero",
            "nickName": "Ufficio Cacciazanne"
        },
        {
            "id": "혈귀사냥꾼",
            "name": "Bloodfiend Hunter",
            "nickName": "Ufficio Cacciazanne"
        },
        {
            "id": "까미유카메라",
            "name": "Camille",
            "nickName": "Associzione Cinq Ovest"
        },
        {
            "id": "까미유",
            "name": "Camille",
            "nickName": "Associzione Cinq Ovest"
        },
        {
            "id": "폴라",
            "name": "Paula",
            "nickName": "Associazione Zwei Ovest"
        },
        {
            "id": "가시춘",
            "name": "Jia Xichun",
            "nickName": "???"
        },
        {
            "id": "웨이",
            "name": "Wei",
            "nickName": "???"
        },
        {
            "id": "한울",
            "name": "Han-ul",
            "nickName": "Associazione Hana Nord"
        },
        {
            "id": "휴고",
            "name": "Hugo",
            "nickName": "Fixer del Nord"
        },
        {
            "id": "피주머니",
            "name": "Bloodbag",
            "nickName": "La Manchaland"
        },
        {
            "id": "불주먹",
            "name": "Delighted Fixer",
            "nickName": "Ufficio Pugno Ardente"
        },
        {
            "id": "이발사",
            "name": "The Barber",
            "nickName": "La Manchaland"
        },
        {
            "id": "라만차내레이션",
            "name": "",
            "nickName": ""
        },
        {
            "id": "이발사다침",
            "name": "The Barber",
            "nickName": "La Manchaland"
        },
        {
            "id": "이발사부하",
            "name": "",
            "nickName": "La Manchaland"
        },
        {
            "id": "기사돈키",
            "name": "Don Quixote",
            "nickName": "Avventuriera Coraggiosa"
        },
        {
            "id": "기사싱클",
            "name": "Sinclair",
            "nickName": "Cavaliere della Bianca Luna"
        },
        {
            "id": "산손",
            "name": "Sansón",
            "nickName": "???"
        },
        {
            "id": "기사산손",
            "name": "Sansón",
            "nickName": "Cavaliere della Bianca Luna"
        },
        {
            "id": "주민오티스",
            "name": "Outis",
            "nickName": "Paesana in Viaggio"
        },
        {
            "id": "주민로쟈",
            "name": "Rodion",
            "nickName": "Paesana Allevatrice di Pecore"
        },
        {
            "id": "말레고르",
            "name": "Gregor",
            "nickName": "Rocinante"
        },
        {
            "id": "곰스클리프",
            "name": "Heathcliff",
            "nickName": "Grande Orso Spaventevole"
        },
        {
            "id": "달기사실루엣",
            "name": "",
            "nickName": ""
        },
        {
            "id": "돌시네아",
            "name": "Dulcinea",
            "nickName": "La Manchaland"
        },
        {
            "id": "돌시부하1",
            "name": "",
            "nickName": "La Manchaland"
        },
        {
            "id": "돌시부하2",
            "name": "",
            "nickName": "La Manchaland"
        },
        {
            "id": "신부",
            "name": "The Priest",
            "nickName": "La Manchaland"
        },
        {
            "id": "백발가면혈귀실루엣",
            "name": "",
            "nickName": "La Manchaland"
        },
        {
            "id": "백발가면혈귀",
            "name": "",
            "nickName": "La Manchaland"
        },
        {
            "id": "혈귀료슈",
            "name": "Ryōshū",
            "nickName": "Peccatrice #4"
        },
        {
            "id": "혈귀홍루",
            "name": "Hong Lu",
            "nickName": "Peccatore #6"
        },
        {
            "id": "기사싱클2",
            "name": "Sinclair",
            "nickName": "Cavaliere della Bianca Luna"
        },
        {
            "id": "로메로다침",
            "name": "Romero",
            "nickName": "Ufficio Cacciazanne"
        },
        {
            "id": "신부다침",
            "name": "The Priest",
            "nickName": "La Manchaland"
        },
        {
            "id": "웨이다침",
            "name": "Wei",
            "nickName": ""
        },
        {
            "id": "신부부하",
            "name": "",
            "nickName": "La Manchaland"
        },
        {
            "id": "돌시네아다침",
            "name": "Dulcinea",
            "nickName": "La Manchaland"
        },
        {
            "id": "맨발돈키호테",
            "name": "Don Quixote?",
            "nickName": "???"
        },
        {
            "id": "돈키호테무표정",
            "name": "Don Quixote",
            "nickName": "Peccatrice #3"
        },
        {
            "id": "키호테",
            "name": "Don Quixote",
            "nickName": "La Manchaland"
        },
        {
            "id": "가면키호테",
            "name": "Don Quixote",
            "nickName": "La Manchaland"
        },
        {
            "id": "산초",
            "name": "Sancho",
            "nickName": "La Manchaland"
        },
        {
            "id": "옛돈키",
            "name": "Sancho",
            "nickName": "???"
        },
        {
            "id": "옛산초",
            "name": "Sancho",
            "nickName": "???"
        },
        {
            "id": "산손베르길리우스",
            "name": "Sansón",
            "nickName": "???"
        },
        {
            "id": "바리",
            "name": "Bari",
            "nickName": "Cavaliere della Bianca Luna"
        },
        {
            "id": "이발사하편",
            "name": "The Barber",
            "nickName": "La Manchaland"
        },
        {
            "id": "신부하편",
            "name": "The Priest",
            "nickName": "La Manchaland"
        },
        {
            "id": "돌시네아하편",
            "name": "Dulcinea",
            "nickName": "La Manchaland"
        },
        {
            "id": "돌시부하3",
            "name": "",
            "nickName": "La Manchaland"
        },
        {
            "id": "마을주민1",
            "name": "",
            "nickName": ""
        },
        {
            "id": "장미침식혈귀",
            "name": "",
            "nickName": "La Manchaland"
        },
        {
            "id": "장미침식까미유",
            "name": "",
            "nickName": "La Manchaland"
        },
        {
            "id": "산초피묻음",
            "name": "Sancho",
            "nickName": "La Manchaland"
        },
        {
            "id": "돈키호테피묻음",
            "name": "Don Quixote",
            "nickName": "Peccatrice #3"
        },
        {
            "id": "로시난테",
            "name": "",
            "nickName": "Don Quixote"
        },
        {
            "id": "돈키호테산초",
            "name": "Sancho",
            "nickName": "La Manchaland"
        },
        {
            "id": "이발사다침2",
            "name": "The Barber",
            "nickName": "La Manchaland"
        },
        {
            "id": "신부다침2",
            "name": "The Priest",
            "nickName": "La Manchaland"
        },
        {
            "id": "돈키호테산초2",
            "name": "Sancho",
            "nickName": "La Manchaland"
        },
        {
            "id": "키호테빛",
            "name": "Don Quixote",
            "nickName": "La Manchaland"
        },
        {
            "id": "옛산초2",
            "name": "Sancho",
            "nickName": "???"
        },
        {
            "id": "단테3",
            "name": "Dante",
            "nickName": "Manager"
        },
        {
            "id": "호엔하임",
            "name": "Hohenheim",
            "nickName": "Capo Del Gruppo di Ricerca di LCE"
        },
        {
            "id": "호엔하임과거",
            "name": "Hohenheim",
            "nickName": "???"
        },
        {
            "id": "알리사",
            "name": "Alyssa",
            "nickName": "???"
        },
        {
            "id": "마튼",
            "name": "Marton",
            "nickName": "???"
        },
        {
            "id": "호엔과거동료",
            "name": "???",
            "nickName": "???"
        },
        {
            "id": "뒤틀린호엔하임",
            "name": "Distorted Hohenheim",
            "nickName": "Capo Del Gruppo di Ricerca di LCE?"
        },
        {
            "id": "검열된직원",
            "name": "???",
            "nickName": "Squadra di Controllo, Succursale L Corp.?"
        },
        {
            "id": "검열된호엔과거동료",
            "name": "???",
            "nickName": "Squadra di Controllo, Succursale L Corp.?"
        },
        {
            "id": "호엔하임실루엣",
            "name": "???",
            "nickName": "???"
        },
        {
            "id": "후디히스",
            "name": "Heathcliff",
            "nickName": "Peccatore #7"
        },
        {
            "id": "베르길파우",
            "name": "",
            "nickName": ""
        },
        {
            "id": "혈귀목소리",
            "name": "???",
            "nickName": "???"
        },
        {
            "id": "호엔과거동료그림자",
            "name": "???",
            "nickName": "Squadra di Controllo, Succursale L Corp.?"
        },
        {
            "id": "다친베르길리우스",
            "name": "Vergilius",
            "nickName": "Guida"
        },
        {
            "id": "뉴파일럿",
            "name": "Pilot",
            "nickName": "LCCB"
        },
        {
            "id": "뉴소드",
            "name": "Saude",
            "nickName": "LCCB Manager"
        },
        {
            "id": "리카르도다침",
            "name": "Ricardo",
            "nickName": "Fratellone del Medio"
        },
        {
            "id": "사이화",
            "name": "Shi Yihua",
            "nickName": "???"
        },
        {
            "id": "경도",
            "name": "Qingtao",
            "nickName": "???"
        },
        {
            "id": "삼삼",
            "name": "Shan San",
            "nickName": "???"
        },
        {
            "id": "삼삼다침",
            "name": "Shan San",
            "nickName": "???"
        },
        {
            "id": "가치우",
            "name": "Jia Qiu",
            "nickName": "???"
        },
        {
            "id": "자로",
            "name": "Zilu",
            "nickName": "Branco Heishou - Ramo Mao"
        },
        {
            "id": "흑수묘",
            "name": "Branco Heishou - Ramo Mao",
            "nickName": "???"
        },
        {
            "id": "청소부A",
            "name": "",
            "nickName": "???"
        },
        {
            "id": "청소부B",
            "name": "",
            "nickName": "???"
        },
        {
            "id": "청소부C",
            "name": "",
            "nickName": "???"
        },
        {
            "id": "로쟈싱클",
            "name": "Rodion & Sinclair",
            "nickName": "LCB"
        },
        {
            "id": "자공",
            "name": "",
            "nickName": ""
        },
        {
            "id": "이상다침",
            "name": "Yi Sang",
            "nickName": "Peccatore #1"
        },
        {
            "id": "파우스트다침",
            "name": "Faust",
            "nickName": "Peccatrice #2"
        },
        {
            "id": "료슈다침",
            "name": "Ryōshū",
            "nickName": "Peccatrice #4"
        },
        {
            "id": "뫼르소다침",
            "name": "Meursault",
            "nickName": "Peccatore #5"
        },
        {
            "id": "홍루다침",
            "name": "Hong Lu",
            "nickName": "Peccatore #6"
        },
        {
            "id": "히스클리프다침2",
            "name": "Heathcliff",
            "nickName": "Peccatore #7"
        },
        {
            "id": "이스마엘다침",
            "name": "Ishmael",
            "nickName": "Peccatrice #8"
        },
        {
            "id": "로쟈다침",
            "name": "Rodion",
            "nickName": "Peccatrice #9"
        },
        {
            "id": "싱클레어다침",
            "name": "Sinclair",
            "nickName": "Peccatore #11"
        },
        {
            "id": "오티스다침",
            "name": "Outis",
            "nickName": "Peccatrice #12"
        },
        {
            "id": "그레고르다침",
            "name": "Gregor",
            "nickName": "Peccatore #13"
        },
        {
            "id": "베르너",
            "name": "",
            "nickName": "Il Medio"
        },
        {
            "id": "베르너다침",
            "name": "",
            "nickName": "Il Medio"
        },
        {
            "id": "이스마엘F",
            "name": "Ishmael",
            "nickName": "Peccatrice #8"
        },
        {
            "id": "그레고르F",
            "name": "Gregor",
            "nickName": "Peccatore #13"
        },
        {
            "id": "료슈F",
            "name": "Ryōshū",
            "nickName": "Peccatrice #4"
        }
    ]
}
