{
  "dataList": [
    {
      "id": "unable_to_edit",
      "content": "Cannot be Edited"
    },
    {
      "id": "start_mp_changed",
      "content": "Entry SP {1} {0}"
    },
    {
      "id": "new_season_former_global_growth_piece_to_current_piece_desc",
      "content": "A portion of the Uptie & Threadspinning only Shard (Universal) you own will be carried over to the current season."
    },
    {
      "id": "new_season_former_global_growth_piece_to_thread_desc",
      "content": "The Uptie & Threadspinning only Shards that have not been carried over are converted into Thread."
    }
  ]
}