{
  "dataList": [
    {
      "id": "mainui_shop_charge_enkephalin_tab",
      "content": "Ricarica Encefalina"
    },
    {
      "id": "mainui_shop_buy_enkephalin_box_tab",
      "content": "Compra Cassa di Encefalina"
    },
    {
      "id": "mainui_shop_buy_enkephalin_box",
      "content": "Cassa di Encefalina comprata."
    },
    {
      "id": "mainui_shop_scarce_madness",
      "content": "Non hai abbastanza Follia."
    },
    {
      "id": "mainui_shop_ask_buy_enkephalin_box",
      "content": "Vuoi comprare Casse di Encefalina?"
    },
    {
      "id": "mainui_shop_own",
      "content": "Possedute"
    },
    {
      "id": "mainui_shop_enkephalin_fulled",
      "content": "L'Encefalina è già a capacità massima."
    },
    {
      "id": "mainui_shop_ask_charge_enkephalin",
      "content": "Vuoi ricaricare l'Encefalina?"
    },
    {
      "id": "mainui_shop_charge_enkephalin",
      "content": "Encefalina carica."
    },
    {
      "id": "mainui_shop_enkephalin_number",
      "content": "Encefalina"
    },
    {
      "id": "mainui_shop_madness_tab",
      "content": "Negozio Follia"
    },
    {
      "id": "mainui_shop_package_tab",
      "content": "Pacchi"
    },
    {
      "id": "mainui_shop_only_once",
      "content": "Offerta Prima-Volta"
    },
    {
      "id": "mainui_shop_additional_give",
      "content": "Risorse Bonus"
    },
    {
      "id": "mainui_shop_not_free",
      "content": "<size=80%>Pagata</size>"
    },
    {
      "id": "mainui_shop_purchase_per_today_fulled",
      "content": "Hai raggiunto il massimo di Casse di Encefalina comprate per oggi."
    },
    {
      "id": "mainui_shop_purchase_success",
      "content": "Acquisto riuscito."
    },
    {
      "id": "mainui_shop_enkephalin_box_scarce",
      "content": "Non hai abbastanza Casse di Encefalina."
    },
    {
      "id": "mainui_shop_lunacy_scarce",
      "content": "Non hai abbastanza Follia."
    },
    {
      "id": "mainui_shop_limit_purchase_permanent",
      "content": "{0} Rimanenti"
    },
    {
      "id": "mainui_shop_limit_purchase_periodic",
      "content": "{0} Disponibili"
    },
    {
      "id": "mainui_shop_acquire_at_mailbox",
      "content": "※ Ritirabili alla cassetta."
    },
    {
      "id": "mainui_shop_purchase_product_success",
      "content": "Comprate con successo\n{0}."
    },
    {
      "id": "mainui_shop_remain_days_minutes",
      "content": "{0}G {1}O rimasti"
    },
    {
      "id": "shopui_use_enkephalin_box",
      "content": "Usa Cassa di Encefalina"
    },
    {
      "id": "shopui_use_lunacy",
      "content": "Usa Follia"
    },
    {
      "id": "shopui_no_more_purchase_chance_today",
      "content": "Raggiunto il limite di acquisto giornaliero."
    },
    {
      "id": "shopui_scarce_lunacy",
      "content": "Non hai abbastanza Follia."
    },
    {
      "id": "shopui_scarce_enkephalin_box",
      "content": "Non hai abbastanza Casse di Encefalina."
    },
    {
      "id": "shopui_scarce_enkephalin",
      "content": "Encefalina Insufficiente."
    },
    {
      "id": "shopui_make_enkephalin_module",
      "content": "Assembla Moduli di Encefalina"
    },
    {
      "id": "shopui_charge_enkephalin_about",
      "content": "Ricaricare {0} Encefalina?"
    },
    {
      "id": "shopui_recover_enkephalin_after_time",
      "content": "{1} Encefalina recuperata in {0}."
    },
    {
      "id": "shopui_ask_create_enkephalin_module",
      "content": "Vuoi assemblare dei Moduli di Encefalina?"
    },
    {
      "id": "shopui_charge_as_lunacy",
      "content": "Usa Follia"
    },
    {
      "id": "shopui_charge_as_box",
      "content": "Usa Casse"
    },
    {
      "id": "shopui_create_module",
      "content": "Moduli"
    },
    {
      "id": "remain_days",
      "content": "{0}g"
    },
    {
      "id": "remain_hours",
      "content": "{0}o"
    },
    {
      "id": "remain_minutes",
      "content": "{0}m"
    },
    {
      "id": "enkephalin_charge_finished",
      "content": "Encefalina Carica"
    },
    {
      "id": "unable_to_charge",
      "content": "Non Caricabile"
    },
    {
      "id": "lack_of_enkephalin_box",
      "content": "Casse Insufficienti"
    },
    {
      "id": "enkephalin_full",
      "content": "Encefalina Massima"
    },
    {
      "id": "purchase_limitation_full",
      "content": "Raggiunto Limite Acquisti"
    },
    {
      "id": "lack_of_lunacy",
      "content": "Follia Insufficiente"
    },
    {
      "id": "create_enkephalin_module_success",
      "content": "Modulo Assemblato"
    },
    {
      "id": "unable_to_create_enkephalin_module",
      "content": "Impossibile Assemblare Modulo"
    },
    {
      "id": "lack_of_enkephalin",
      "content": "Encefalina Insufficente"
    },
    {
      "id": "remain_days_with_number",
      "content": "{0}g rimasti"
    },
    {
      "id": "enkephalin_module",
      "content": "Modulo di Encefalina"
    },
    {
      "id": "enkephalin_box",
      "content": "Cassa di Encefalina"
    },
    {
      "id": "today_purchase_count",
      "content": "Cariche Giornaliere"
    },
    {
      "id": "lack_of_lunacy_ask_to_move_shop",
      "content": "Non hai abbastanza Follia. Vuoi andare al negozio?"
    },
    {
      "id": "remain_hours_with_number",
      "content": "{0}o rimaste"
    },
    {
      "id": "enkephalin_module_count_max",
      "content": "Moduli di Encefalina Massimi"
    },
    {
      "id": "enkephalin_module_count_max_desc",
      "content": "Impossibile Assemblare Moduli; ne hai troppi in stoccaggio."
    },
    {
      "id": "mainui_shop_lunacy_package_tab",
      "content": "Pacchi #2"
    },
    {
      "id": "mainui_shop_until_season_finished",
      "content": "Fino alla Fine della Stagione 6"
    },
    {
      "id": "mainui_shop_purchase",
      "content": "Compra"
    },
    {
      "id": "mainui_shop_popup_title",
      "content": "Negozio"
    },
    {
      "id": "paidShop_category_SPECIAL",
      "content": "Speciale"
    },
    {
      "id": "paidShop_category_PACKAGE",
      "content": "Pacchi"
    },
    {
      "id": "paidShop_category_LUNACY",
      "content": "Follia"
    },
    {
      "id": "paidShop_category_GROWTH",
      "content": "Crescita"
    },
    {
      "id": "returnpolicy_info_title",
      "content": "Polizza di Risarcimento"
    },
    {
      "id": "paidShop_Tab_LIMITED",
      "content": "Limitato"
    },
    {
      "id": "paidShop_Tab_WEEKLY",
      "content": "Settimanale"
    },
    {
      "id": "paidShop_Tab_MONTHLY",
      "content": "Mensile"
    },
    {
      "id": "paidShop_Tab_ALWAYS",
      "content": "Sempre Disponibile"
    },
    {
      "id": "go_to_mail_popup",
      "content": "Alla Cassetta"
    },
    {
      "id": "membership_remain_side_title",
      "content": "[Avviso Scadenza Pacco]"
    },
    {
      "id": "membership_remain_side_desc",
      "content": "{1} giorno/i rimasto/i per il {0}."
    },
    {
      "id": "returnpolicy_table_battlePassPackge",
      "content": "Pacco Limbus Pass"
    },
    {
      "id": "paid_runacy_lack",
      "content": "Follia Pagata Insufficiente."
    },
    {
      "id": "membership_remain_side_desc_oneDay",
      "content": "{0} scade oggi."
    },
    {
      "id": "restore_purchase_btn",
      "content": "Ripristina Acquisto"
    },
    {
      "id": "restore_purchase_no_product",
      "content": "Nessun prodotto disponibile al ripristino."
    },
    {
      "id": "restore_purchase_succeed",
      "content": "I tuoi prodotti non ritirati sono stati ripristinati."
    }
  ]
}
