{
  "dataList": [
    {
      "id": "shotcutKeyManual_confirm_popup",
      "content": "[Generale] Popup Conferma"
    },
    {
      "id": "shotcutKeyManual_skip_story",
      "content": "[Storia] Salta Dialogo"
    },
    {
      "id": "shotcutKeyManual_skip_extraction",
      "content": "[Estrazioni] Salta Animazione"
    },
    {
      "id": "shotcutKeyManual_pause_and_play",
      "content": "[Incontri] Pausa e Riprendi"
    },
    {
      "id": "shotcutKeyManual_start_battle",
      "content": "[Incontri] Inizia Fase Combatt."
    },
    {
      "id": "shotcutKeyManual_button_winning",
      "content": "[Incontri] Prob. Vitt."
    },
    {
      "id": "shotcutKeyManual_button_damage",
      "content": "Tasto Danni"
    },
    {
      "id": "shotcutKeyManual_close_popup",
      "content": "[Generale] Popup Chiudi"
    },
    {
      "id": "shotcutKeyManual_cancel_back",
      "content": "Annulla o Ritorna al Menù Precedente"
    },
    {
      "id": "shotcutKeyManual_quit_game",
      "content": "Chiudi gioco"
    },
    {
      "id": "shotcutKeyManual_move_screen",
      "content": "[Incontri] Sposta Telecamera"
    },
    {
      "id": "shotcutKeyManual_show_current_situation",
      "content": "[Incontri] Mostra Frecce Scontro"
    },
    {
      "id": "shotcutKeyManual_open_manual",
      "content": "[Generale] Apri Manuale UI"
    },
    {
      "id": "shotcutKeyManual_zoom_inout_battle",
      "content": "[Incontri] Zoom Dentro e Fuori"
    }
  ]
}