{
  "dataList": [
    {
      "id": 837101,
      "levelList": [
        {
          "level": 1,
          "name": "Allez",
          "desc": "[WhenUse] Inflict [DuelDeclaration_Camille]\n[WhenUse] Gain 5 [Breath]\n[WinDuel] Gain +2 [Breath] Count",
          "coinlist": [
            {
              "coindescs": [
                {
                  "desc": ""
                }
              ]
            }
          ]
        }
      ]
    },
    {
      "id": 837102,
      "levelList": [
        {
          "level": 1,
          "name": "Coup Droit",
          "desc": "[WhenUse] Gain 2 [Breath]",
          "coinlist": [
            {
              "coindescs": [
                {
                  "desc": "[OnSucceedAttack] Gain +2 [Breath] Count"
                },
                {
                  "desc": "[OnSucceedAttack] At 7+ Speed, inflict 3 [Burst]"
                }
              ]
            },
            {
              "coindescs": [
                {
                  "desc": "[OnSucceedAttack] Gain 3 [Breath]"
                },
                {
                  "desc": "[OnSucceedAttack] At 7+ Speed, inflict 3 [Burst]"
                }
              ]
            }
          ]
        }
      ]
    },
    {
      "id": 837103,
      "levelList": [
        {
          "level": 1,
          "name": "Fente",
          "desc": "[WhenUse] At 7+ [Breath], Coin Power +2\n[WinDuel] Gain +2 [Breath] Count",
          "coinlist": [
            {
              "coindescs": [
                {
                  "desc": "[OnSucceedAttack] Gain 3 [Breath]"
                },
                {
                  "desc": "[OnSucceedAttack] At 7+ Speed, inflict 3 [Burst] Count"
                },
                {
                  "desc": "[CriticalOnSucceedAttack] +50% Damage on Critical Hit"
                }
              ]
            }
          ]
        }
      ]
    },
    {
      "id": 837104,
      "levelList": [
        {
          "level": 1,
          "name": "Salut",
          "desc": "[WhenUse] If this unit's Speed is faster than the target's, Coin Power +1 (Coin Power +1 for every 2 Speed difference; max 3)",
          "coinlist": [
            {
              "coindescs": [
                {
                  "desc": "[OnSucceedAttack] Gain +4 [Breath] Count"
                },
                {
                  "desc": "[OnSucceedAttack] At 7+ Speed, inflict 3 [Burst] and +1 [Burst] Count"
                }
              ]
            },
            {
              "coindescs": [
                {
                  "desc": "[OnSucceedAttack] Gain 5 [Breath]"
                },
                {
                  "desc": "[OnSucceedAttack] At 7+ Speed, inflict 3 [Burst] and +1 [Burst] Count"
                }
              ]
            },
            {
              "coindescs": [
                {
                  "desc": "[OnSucceedAttack] Gain 5 [Breath]"
                },
                {
                  "desc": "[OnSucceedAttack] At 7+ Speed, inflict 3 [Burst] and +1 [Burst] Count"
                }
              ]
            },
            {
              "coindescs": [
                {
                  "desc": "[CriticalOnSucceedAttack] +100% Damage on Critical Hit"
                },
                {
                  "desc": "[OnSucceedAttack] Deal +5% damage for every [Burst] on the target (Max 50%)"
                }
              ]
            }
          ]
        }
      ]
    },
    {
      "id": 837105,
      "levelList": [
        {
          "level": 1,
          "name": "Parry",
          "desc": "[WinDuel] Deal more damage based on number of Clashes (+10% damage for every Clash, max 50%)\n[WinDuel] Gain 2 [Agility] next turn\n[DefeatDuel] Gain 2 [Binding] next turn",
          "coinlist": [
            {
              "coindescs": [
                {
                  "desc": "[OnSucceedAttack] Inflict 1 [Vulnerable] next turn"
                }
              ]
            }
          ]
        }
      ]
    },
    {
      "id": 837106,
      "levelList": [
        {
          "level": 1,
          "name": "Défensive",
          "desc": "[OnSucceedEvade] Gain 1 [Agility] next turn",
          "coinlist": [
            {
              "coindescs": [
                {
                  "desc": ""
                }
              ]
            }
          ]
        }
      ]
    },
    {
      "id": 837201,
      "levelList": [
        {
          "level": 1,
          "name": "I'll Cut You Up All Pretty!",
          "desc": "[WhenUse] If the target has 6+ [Laceration], Clash Power +1\n[WhenUse] Coin Power +1 for every 5 [Laceration] on self (max 3)",
          "coinlist": [
            {
              "coindescs": [
                {
                  "desc": "[OnSucceedAttack] Inflict 4 [Laceration]"
                },
                {
                  "desc": "[OnSucceedAttack] Reuse Coin ([BloodScissor] Stage - 1) times (max 2)"
                }
              ]
            }
          ]
        }
      ]
    },
    {
      "id": 837202,
      "levelList": [
        {
          "level": 1,
          "name": "Even Sharper",
          "desc": "[WhenUse] Consume up to 20 [BloodDinner]; gain 1 [BloodScissor] and heal 3 SP for every 10 [BloodDinner] consumed\n- If this unit failed to consume [BloodDinner] with this Skill, gain 30 [Laceration]\n[WhenUse] If the target has 6+ [Laceration], Clash Power +1\n[WhenUse] Coin Power +1 for every 5 [Laceration] on self (max 2)",
          "coinlist": [
            {
              "coindescs": [
                {
                  "desc": "[OnSucceedAttack] Inflict +2 [Laceration] Count"
                }
              ]
            },
            {
              "coindescs": [
                {
                  "desc": "[OnSucceedAttack] Inflict +2 [Laceration] Count"
                }
              ]
            }
          ]
        }
      ]
    },
    {
      "id": 837203,
      "levelList": [
        {
          "level": 1,
          "name": "SNIP!!",
          "desc": "[WhenUse] Consume up to 30 [BloodDinner]; gain 1 [BloodScissor] and heal 3 SP for every 10 [BloodDinner] consumed\n[WhenUse] If the target has [LineCutting], Clash Power +5\nHeal 5 SP on every hit against [LineCutting]",
          "coinlist": [
            {
              "coindescs": [
                {
                  "desc": "[OnSucceedAttack] Inflict 3 [Laceration]"
                }
              ]
            },
            {
              "coindescs": [
                {
                  "desc": "[OnSucceedAttack] Inflict 3 [Laceration]"
                }
              ]
            },
            {
              "coindescs": [
                {
                  "desc": "[OnSucceedAttack] Inflict +3 [Laceration] Count"
                }
              ]
            }
          ]
        }
      ]
    },
    {
      "id": 837204,
      "levelList": [
        {
          "level": 1,
          "name": "I'll Cut You Up Too!",
          "desc": "[BeforeAttack] Atk Weight +1 for every Stage of [BloodScissor] (max 2)\n[WhenUse] Consume up to 30 [BloodDinner]; gain 1 [BloodScissor] and heal 3 SP for every 10 [BloodDinner] consumed\n[WhenUse] If the target has 6+ [Laceration], Clash Power +2",
          "coinlist": [
            {
              "coindescs": [
                {
                  "desc": "[SuperCoin]"
                },
                {
                  "desc": "[OnSucceedAttack] Inflict 1 [BloodScissorScars] next turn"
                },
                {
                  "desc": "[OnSucceedAttackHead] Inflict 5 [Laceration] and +2 [Laceration] Count"
                }
              ]
            }
          ]
        }
      ]
    },
    {
      "id": 837205,
      "levelList": [
        {
          "level": 1,
          "name": "Now, It's Your Turn",
          "desc": "[WhenUse] If the target has 6+ [Laceration], Coin Power +1",
          "coinlist": [
            {},
            {
              "coindescs": [
                {
                  "desc": "[SuperCoin]"
                },
                {
                  "desc": "[OnSucceedAttack] Inflict 1 [BloodScissorScars] next turn"
                },
                {
                  "desc": "[OnSucceedAttack] Inflict [LineCutting] next turn"
                }
              ]
            }
          ]
        }
      ]
    },
    {
      "id": 837206,
      "levelList": [
        {
          "level": 1,
          "name": "I'll Cut You Together!",
          "desc": "[BeforeAttack] Atk Weight +1 for every Stage of [BloodScissor]\n[WhenUse] Consume up to 100 [BloodDinner]; gain 1 [BloodScissor] and heal 3 SP for every 10 [BloodDinner] consumed\n[WhenUse] If the target has 6+ [Laceration], Clash Power +2\n[EndSkill] Consume 10 [BloodScissor]",
          "coinlist": [
            {
              "coindescs": [
                {
                  "desc": "[SuperCoin]"
                },
                {
                  "desc": "[OnSucceedAttack] Inflict +3 [Laceration] Count"
                },
                {
                  "desc": "[WinDuelAttack] Activate the target's [Laceration] (max 10). The target loses 1 [Laceration] Count"
                }
              ]
            },
            {
              "coindescs": [
                {
                  "desc": "[SuperCoin]"
                },
                {
                  "desc": "[OnSucceedAttack] Inflict 5 [Laceration]"
                },
                {
                  "desc": "[WinDuelAttack] Activate the target's [Laceration] (max 10). The target loses 1 [Laceration] Count"
                }
              ]
            },
            {
              "coindescs": [
                {
                  "desc": "[SuperCoin]"
                },
                {
                  "desc": "[OnSucceedAttack] Inflict 5 [Laceration]"
                },
                {
                  "desc": "[WinDuelAttack] Activate the target's [Laceration] (max 10). The target loses 1 [Laceration] Count"
                }
              ]
            },
            {
              "coindescs": [
                {
                  "desc": "[OnSucceedAttack] Deal +40% damage for every [BloodScissor] Stage (max 120%)"
                },
                {
                  "desc": "[EnemyKill] If this Coin effect killed the target, heal by 50% of the damage dealt against the killed target."
                }
              ]
            }
          ]
        }
      ]
    },
    {
      "id": 837207,
      "levelList": [
        {
          "level": 1,
          "name": "How Discourteous!",
          "desc": "[DuelCounter]\n[WhenUse] Clash Power +1 for every [BloodScissor] Stage (max 3)\n[WhenUse] Coin Power +1 for every 5 [Laceration] on self (max 3)",
          "coinlist": [
            {
              "coindescs": [
                {
                  "desc": "[OnSucceedAttack] Inflict 4 [Laceration] and +4 [Laceration] Count"
                }
              ]
            }
          ]
        }
      ]
    },
    {
      "id": 837208,
      "levelList": [
        {
          "level": 1,
          "name": "I Don't Need Ugly Things!!",
          "desc": "[CantChangeTarget]\nPrioritizes targets with the least HP percentage",
          "coinlist": [
            {
              "coindescs": [
                {
                  "desc": "[OnSucceedAttack] If the target is at 30%- HP, kill the target"
                },
                {
                  "desc": "[EnemyKill] Increase [BloodDinner] by 30% of the defeated enemy's max HP"
                },
                {
                  "desc": "[EnemyKill] gain 4 [Vulnerable] next turn"
                }
              ]
            }
          ]
        }
      ]
    }
  ]
}