{
  "dataList": [
    {
      "id": 1060601,
      "levelList": [
        {
          "level": 1,
          "name": "Energy Cycle",
          "desc": "[WhenUse] Gain +2 Charge Count",
          "coinlist": [
            {
              "coindescs": [
                {
                  "desc": "[OnSucceedAttack] Gain +1 Charge Count"
                }
              ]
            },
            {
              "coindescs": [
                {
                  "desc": "[OnSucceedAttack] Gain +1 Charge Count"
                }
              ]
            }
          ]
        },
        {
          "level": 2,
          "name": "Energy Cycle",
          "desc": "[WhenUse] Gain +3 Charge Count",
          "coinlist": [
            {
              "coindescs": [
                {
                  "desc": "[OnSucceedAttack] Gain +1 Charge Count"
                }
              ]
            },
            {
              "coindescs": [
                {
                  "desc": "[OnSucceedAttack] Gain +1 Charge Count"
                }
              ]
            }
          ]
        },
        {
          "level": 4,
          "name": "Energy Cycle",
          "desc": "[WhenUse] Gain +4 Charge Count",
          "coinlist": [
            {
              "coindescs": [
                {
                  "desc": "[OnSucceedAttack] Gain +1 Charge Count"
                }
              ]
            },
            {
              "coindescs": [
                {
                  "desc": "[OnSucceedAttack] Gain +1 Charge Count"
                }
              ]
            }
          ]
        }
      ]
    },
    {
      "id": 1060602,
      "levelList": [
        {
          "level": 1,
          "name": "Cleanup Support",
          "desc": "[WhenUse] Gain +2 Charge Count\nClash Power +1 when Shielded",
          "coinlist": [
            {},
            {
              "coindescs": [
                {
                  "desc": "[OnSucceedAttackHead] At 10+ Charge Count, gain 2 <sprite name=\"ChargeForceField\"><color=#f8c200><u><link=\"ChargeForceField\">Charge Barrier</color></link></u> next turn"
                }
              ]
            }
          ]
        },
        {
          "level": 2,
          "name": "Cleanup Support",
          "desc": "[WhenUse] Gain +3 Charge Count\nClash Power +2 when Shielded",
          "coinlist": [
            {
              "coindescs": [
                {
                  "desc": "[OnSucceedAttack] Gain +3 Charge Count"
                }
              ]
            },
            {
              "coindescs": [
                {
                  "desc": "[OnSucceedAttack] At 10+ Charge Count, gain 2 <sprite name=\"ChargeForceField\"><color=#f8c200><u><link=\"ChargeForceField\">Charge Barrier</color></link></u> next turn"
                }
              ]
            }
          ]
        },
        {
          "level": 4,
          "name": "Cleanup Support",
          "desc": "[WhenUse] Gain +3 Charge Count\nClash Power +2 when Shielded",
          "coinlist": [
            {
              "coindescs": [
                {
                  "desc": "[OnSucceedAttack] Gain +3 Charge Count"
                }
              ]
            },
            {
              "coindescs": [
                {
                  "desc": "[OnSucceedAttack] At 5+ Charge Count, gain 1 <sprite name=\"ChargeForceField\"><color=#f8c200><u><link=\"ChargeForceField\">Charge Barrier</color></link></u> for every 5 Charge Count next turn (Max 4)"
                }
              ]
            }
          ]
        }
      ]
    },
    {
      "id": 1060603,
      "levelList": [
        {
          "level": 3,
          "name": "Deploy Charge Barrier",
          "desc": "[WhenUse] At 10+ Charge Count, consume all Charge Count to apply (Consumed Charge Count / 2) <sprite name=\"ChargeForceField\"><color=#f8c200><u><link=\"ChargeForceField\">Charge Barrier</color></link></u> (Rounded Down) to 2 allies with the lowest HP percentage",
          "coinlist": [
            {},
            {},
            {
              "coindescs": [
                {
                  "desc": "[OnSucceedAttack] Inflict 3 Rupture"
                },
                {
                  "desc": "[OnSucceedAttack] Gain 2 <sprite name=\"ChargeForceField\"><color=#f8c200><u><link=\"ChargeForceField\">Charge Barrier</color></link></u> next turn"
                }
              ]
            }
          ]
        },
        {
          "level": 4,
          "name": "Deploy Charge Barrier",
          "desc": "[WhenUse] At 10+ Charge Count, consume all Charge Count to apply (Consumed Charge Count / 2) <sprite name=\"ChargeForceField\"><color=#f8c200><u><link=\"ChargeForceField\">Charge Barrier</color></link></u> (Rounded Down) to 2 allies with the lowest HP percentage",
          "coinlist": [
            {},
            {},
            {
              "coindescs": [
                {
                  "desc": "[OnSucceedAttack] Inflict 5 Rupture"
                },
                {
                  "desc": "[OnSucceedAttack] Gain 2 <sprite name=\"ChargeForceField\"><color=#f8c200><u><link=\"ChargeForceField\">Charge Barrier</color></link></u> next turn"
                }
              ]
            }
          ]
        }
      ]
    },
    {
      "id": 1060604,
      "levelList": [
        {
          "level": 1,
          "name": "Blocco",
          "desc": "[WhenUse] Gain 2 <sprite name=\"ChargeForceField\"><color=#f8c200><u><link=\"ChargeForceField\">Charge Barrier</color></link></u> (3 times per turn)",
          "coinlist": [
            {}
          ]
        },
        {
          "level": 4,
          "name": "Blocco",
          "desc": "[WhenUse] Gain <style=\"highlight\">3</style> <sprite name=\"ChargeForceField\"><color=#f8c200><u><link=\"ChargeForceField\">Charge Barrier</color></link></u> (3 times per turn)",
          "coinlist": [
            {}
          ]
        }
      ]
    },
    {
      "id": 1060701,
      "levelList": [
        {
          "level": 1,
          "name": "Track",
          "desc": "",
          "coinlist": [
            {},
            {
              "coindescs": [
                {
                  "desc": "[OnSucceedAttackHead] Inflict 1 Bleed"
                },
                {
                  "desc": "[OnSucceedAttackHead] Inflict +1 Bleed Count"
                }
              ]
            }
          ]
        },
        {
          "level": 2,
          "name": "Track",
          "desc": "",
          "coinlist": [
            {},
            {
              "coindescs": [
                {
                  "desc": "[OnSucceedAttack] Inflict 1 Bleed"
                },
                {
                  "desc": "[OnSucceedAttackHead] Inflict +1 Bleed Count"
                }
              ]
            }
          ]
        },
        {
          "level": 4,
          "name": "Track",
          "desc": "At 2+ Haste, Final Power +1",
          "coinlist": [
            {},
            {
              "coindescs": [
                {
                  "desc": "[OnSucceedAttack] Inflict 1 Bleed"
                },
                {
                  "desc": "[OnSucceedAttackHead] Inflict +1 Bleed Count"
                }
              ]
            }
          ]
        }
      ]
    },
    {
      "id": 1060702,
      "levelList": [
        {
          "level": 1,
          "name": "Goin' First",
          "desc": "[WhenUse] Gain 1 Haste next turn",
          "coinlist": [
            {
              "coindescs": [
                {
                  "desc": "[OnSucceedAttackHead] Inflict 1 Bleed"
                }
              ]
            },
            {
              "coindescs": [
                {
                  "desc": "[OnSucceedAttackHead] Inflict 1 Bleed"
                }
              ]
            },
            {
              "coindescs": [
                {
                  "desc": "[OnSucceedAttack] If this unit is faster than the target, inflict Bleed Count equal to their Speed difference (Max 2)"
                }
              ]
            }
          ]
        },
        {
          "level": 2,
          "name": "Goin' First",
          "desc": "[WhenUse] Gain 2 Haste next turn",
          "coinlist": [
            {
              "coindescs": [
                {
                  "desc": "[OnSucceedAttackHead] Inflict 1 Bleed"
                }
              ]
            },
            {
              "coindescs": [
                {
                  "desc": "[OnSucceedAttackHead] Inflict 1 Bleed"
                }
              ]
            },
            {
              "coindescs": [
                {
                  "desc": "[OnSucceedAttack] If this unit is faster than the target, inflict Bleed Count equal to their Speed difference (Max 3)"
                }
              ]
            }
          ]
        },
        {
          "level": 4,
          "name": "Goin' First",
          "desc": "At 6+ Speed, Coin Power +1\n[WhenUse] Gain 2 Haste next turn",
          "coinlist": [
            {
              "coindescs": [
                {
                  "desc": "[OnSucceedAttackHead] Inflict 1 Bleed"
                }
              ]
            },
            {
              "coindescs": [
                {
                  "desc": "[OnSucceedAttackHead] Inflict 1 Bleed"
                }
              ]
            },
            {
              "coindescs": [
                {
                  "desc": "[OnSucceedAttack] If this unit is faster than the target, inflict Bleed Count equal to their Speed difference (Max 4)"
                }
              ]
            }
          ]
        }
      ]
    },
    {
      "id": 1060703,
      "levelList": [
        {
          "level": 3,
          "name": "Rampage",
          "desc": "At 8+ Speed, Coin Power +1\nDeal more damage based on target's missing HP (+0.3% damage per 1% missing HP)",
          "coinlist": [
            {
              "coindescs": [
                {
                  "desc": "[OnSucceedAttackHead] Heal 1 SP per Bleed on target (Max 5)"
                }
              ]
            },
            {},
            {
              "coindescs": [
                {
                  "desc": "[OnSucceedAttackHead] Inflict 1 Bleed"
                }
              ]
            },
            {
              "coindescs": [
                {
                  "desc": "[OnSucceedAttackHead] Inflict 2 Bleed"
                }
              ]
            }
          ]
        },
        {
          "level": 4,
          "name": "Rampage",
          "desc": "At 6+ Speed, Coin Power +1\nDeal more damage based on target's missing HP (+0.5% damage per 1% missing HP)",
          "coinlist": [
            {
              "coindescs": [
                {
                  "desc": "[OnSucceedAttackHead] Heal 1 SP per Bleed on target (Max 10)"
                }
              ]
            },
            {},
            {
              "coindescs": [
                {
                  "desc": "[OnSucceedAttack] Inflict 1 Bleed"
                }
              ]
            },
            {
              "coindescs": [
                {
                  "desc": "[OnSucceedAttack] Inflict 2 Bleed"
                }
              ]
            }
          ]
        }
      ]
    },
    {
      "id": 1060704,
      "levelList": [
        {
          "level": 1,
          "name": "Quickness",
          "desc": "[OnSucceedEvade] Gain 1 Haste next turn (3 times per turn)",
          "coinlist": [
            {}
          ]
        },
        {
          "level": 4,
          "name": "Quickness",
          "desc": "If target has 7+ Bleed, gain +2 Coin Power\n[OnSucceedEvade] Gain 1 Haste next turn (3 times per turn)",
          "coinlist": [
            {}
          ]
        }
      ]
    },
    {
      "id": 1060801,
      "levelList": [
        {
          "level": 1,
          "name": "Expend Knowledge",
          "desc": "[WhenUse] Discard 1 Skill of the highest rank in all of this unit's Skill Slots",
          "coinlist": [
            {
              "coindescs": [
                {
                  "desc": "[OnSucceedAttackHead] Inflict +1 [Sinking] Count"
                }
              ]
            }
          ]
        },
        {
          "level": 2,
          "name": "Expend Knowledge",
          "desc": "[WhenUse] Discard 1 Skill of the highest rank in all of this unit's Skill Slots\n[WhenUse] At 3+ [KnowledgeExplored], Clash Power +1",
          "coinlist": [
            {
              "coindescs": [
                {
                  "desc": "[OnSucceedAttackHead] Inflict +1 [Sinking] Count"
                },
                {
                  "desc": "[OnSucceedAttack] At 3+ [KnowledgeExplored], reuse Coin once"
                }
              ]
            }
          ]
        },
        {
          "level": 4,
          "name": "Expend Knowledge",
          "desc": "[WhenUse] Discard 1 Skill of the highest rank in all of this unit's Skill Slots\n[WhenUse] Clash Power +([KnowledgeExplored] - 1)",
          "coinlist": [
            {
              "coindescs": [
                {
                  "desc": "[OnSucceedAttackHead] Inflict +1 [Sinking] Count"
                },
                {
                  "desc": "[OnSucceedAttack] Reuse Coin ([KnowledgeExplored] - 1) times"
                }
              ]
            }
          ]
        }
      ]
    },
    {
      "id": 1060802,
      "levelList": [
        {
          "level": 1,
          "name": "Unveil",
          "desc": "[WhenUse] Randomly Discard 2 of this unit's Skills in ascending order of ranks from all of its Skill Slots",
          "coinlist": [
            {},
            {},
            {
              "coindescs": [
                {
                  "desc": "[OnSucceedAttackHead] Inflict 3 [Sinking]"
                }
              ]
            }
          ]
        },
        {
          "level": 2,
          "name": "Unveil",
          "desc": "[WhenUse] Randomly Discard 2 of this unit's Skills in ascending order of ranks from all of its Skill Slots\n[WhenUse] At 3+ [KnowledgeExplored], Coin Power +1",
          "coinlist": [
            {},
            {},
            {
              "coindescs": [
                {
                  "desc": "[OnSucceedAttack] Inflict 3 [Sinking]"
                }
              ]
            }
          ]
        },
        {
          "level": 4,
          "name": "Unveil",
          "desc": "[WhenUse] Randomly Discard 2 of this unit's Skills in ascending order of ranks from all of its Skill Slots\n[WhenUse] Coin Power +([KnowledgeExplored] - 1)",
          "coinlist": [
            {},
            {},
            {
              "coindescs": [
                {
                  "desc": "[OnSucceedAttack] Inflict 4 [Sinking]"
                }
              ]
            }
          ]
        }
      ]
    },
    {
      "id": 1060803,
      "levelList": [
        {
          "level": 3,
          "name": "Cyclical Knowledge",
          "desc": "[WhenUse] At 2+ [KnowledgeExplored], gain Coin Power equal to [KnowledgeExplored]\n[WhenUse] Deal +1.5% damage per [Sinking] on target (Max 15%)",
          "coinlist": [
            {},
            {},
            {
              "coindescs": [
                {
                  "desc": "[OnSucceedAttack] Inflict +3 [Sinking] Count"
                },
                {
                  "desc": "[EndSkill] If target is Staggered or defeated, heal 10 SP"
                }
              ]
            }
          ]
        },
        {
          "level": 4,
          "name": "Cyclical Knowledge",
          "desc": "[WhenUse] At 2+ [KnowledgeExplored], gain Coin Power equal to [KnowledgeExplored]\n[WhenUse] Deal +3% damage per [Sinking] on target (Max 30%)",
          "coinlist": [
            {},
            {},
            {
              "coindescs": [
                {
                  "desc": "[OnSucceedAttack] Inflict +4 [Sinking] Count"
                },
                {
                  "desc": "[EndSkill] If target is Staggered or defeated, heal 10 SP"
                }
              ]
            }
          ]
        }
      ]
    },
    {
      "id": 1060804,
      "levelList": [
        {
          "level": 1,
          "name": "Guiding Steps",
          "desc": "[WhenUse] Randomly Discard 2 of this unit's Skills in ascending order of ranks from all of its Skill Slots",
          "coinlist": [
            {}
          ]
        },
        {
          "level": 4,
          "name": "Guiding Steps",
          "desc": "[WhenUse] Randomly Discard 2 of this unit's Skills in ascending order of ranks from all of its Skill Slots",
          "coinlist": [
            {}
          ]
        }
      ]
    },
    {
      "id": 1060901,
      "levelList": [
        {
          "level": 1,
          "name": "Deduction Start",
          "desc": "[WhenUse] Gain +2 [Vibration] Count",
          "coinlist": [
            {
              "coindescs": [
                {
                  "desc": "[OnSucceedAttackHead] Inflict 2 [Vibration]"
                }
              ]
            },
            {
              "coindescs": [
                {
                  "desc": "[OnSucceedAttackHead] Gain +2 [Vibration] Count"
                }
              ]
            }
          ]
        },
        {
          "level": 2,
          "name": "Deduction Start",
          "desc": "[WhenUse] Gain +2 [Vibration] Count",
          "coinlist": [
            {
              "coindescs": [
                {
                  "desc": "[OnSucceedAttack] Inflict 2 [Vibration]"
                }
              ]
            },
            {
              "coindescs": [
                {
                  "desc": "[OnSucceedAttack] Gain +2 [Vibration] Count"
                }
              ]
            }
          ]
        },
        {
          "level": 4,
          "name": "Deduction Start",
          "desc": "[WhenUse] Gain +2 [Vibration] Count\n<style=\"highlight\">At 6+ [Vibration] Count, Coin Power +1</style>",
          "coinlist": [
            {
              "coindescs": [
                {
                  "desc": "[OnSucceedAttack] Inflict 2 [Vibration]"
                }
              ]
            },
            {
              "coindescs": [
                {
                  "desc": "[OnSucceedAttack] Gain +2 [Vibration] Count"
                }
              ]
            }
          ]
        }
      ]
    },
    {
      "id": 1060902,
      "levelList": [
        {
          "level": 1,
          "name": "Morph Cane Technique",
          "desc": "[WhenUse] Gain +3 [Vibration] Count",
          "coinlist": [
            {
              "coindescs": [
                {
                  "desc": "[OnSucceedAttack] Gain +3 [Vibration] Count"
                }
              ]
            },
            {
              "coindescs": [
                {
                  "desc": "[OnSucceedAttack] Inflict 2 [Vibration]"
                }
              ]
            },
            {
              "coindescs": [
                {
                  "desc": "[OnSucceedAttack] If target has 9+ [Vibration], trigger [VibrationExplosion]; then, reduce target's [Vibration] Count by 1"
                }
              ]
            }
          ]
        },
        {
          "level": 2,
          "name": "Morph Cane Technique",
          "desc": "<style=\"highlight\">[WhenUse] If target has 8+ [Vibration], Clash Power +1</style>\n[WhenUse] Gain +3 [Vibration] Count\n<style=\"highlight\">At 6+ [Vibration] Count, Coin Power +1</style>",
          "coinlist": [
            {
              "coindescs": [
                {
                  "desc": "[OnSucceedAttack] Gain +3 [Vibration] Count"
                }
              ]
            },
            {
              "coindescs": [
                {
                  "desc": "[OnSucceedAttack] Inflict <style=\"highlight\">3</style> [Vibration]"
                }
              ]
            },
            {
              "coindescs": [
                {
                  "desc": "[OnSucceedAttack] If target has <style=\"highlight\">7</style>+ [Vibration], trigger [VibrationExplosion]; then, reduce target's [Vibration] Count by 1"
                }
              ]
            }
          ]
        },
        {
          "level": 4,
          "name": "Morph Cane Technique",
          "desc": "[WhenUse] If target has <style=\"highlight\">6</style>+ [Vibration], Clash Power +1\n[WhenUse] Gain +3 [Vibration] Count\nAt <style=\"highlight\">5</style>+ [Vibration] Count, Coin Power +1",
          "coinlist": [
            {
              "coindescs": [
                {
                  "desc": "[OnSucceedAttack] Gain +3 [Vibration] Count"
                }
              ]
            },
            {
              "coindescs": [
                {
                  "desc": "[OnSucceedAttack] Inflict 3 [Vibration]<style=\"highlight\"></style>"
                }
              ]
            },
            {
              "coindescs": [
                {
                  "desc": "[OnSucceedAttack] If target has <style=\"highlight\">6</style>+ [Vibration], trigger [VibrationExplosion]; then, reduce target's [Vibration] Count by 1"
                }
              ]
            }
          ]
        }
      ]
    },
    {
      "id": 1060903,
      "levelList": [
        {
          "level": 3,
          "name": "You're the Culprit!",
          "desc": "[WhenUse] If target has 6+ [Vibration], Clash Power +1\n[WhenUse] Consume 10 [Vibration] Count on self to gain Coin Power +2",
          "coinlist": [
            {
              "coindescs": [
                {
                  "desc": "[OnSucceedAttack] If this Skill consumed [Vibration] Count on use, trigger [FusionVibration] into [VibrationEcho]"
                }
              ]
            },
            {
              "coindescs": [
                {
                  "desc": "[OnSucceedAttack] Trigger [VibrationExplosion]; then, reduce target's [Vibration] Count by 1"
                }
              ]
            },
            {},
            {
              "coindescs": [
                {
                  "desc": "[OnSucceedAttack] Trigger [VibrationExplosion]; then, reduce target's [Vibration] Count by 1\n- If this unit did not consume [Vibration] Count with Skill use, activate the above effect, then trigger [VibrationExplosion] on self"
                }
              ]
            }
          ]
        },
        {
          "level": 4,
          "name": "You're the Culprit!",
          "desc": "[WhenUse] Clash Power +1 for every <style=\"highlight\">6</style> [Vibration] on target <style=\"highlight\">(max 2)</style>\n[WhenUse] At <style=\"highlight\"> less than 15 [Vibration] Count on self</style>, consume 10 [Vibration] Count to gain Coin Power +2\n<style=\"highlight\">[WhenUse] Consume 15 [Vibration] Count on self to gain Coin Power +3</style>",
          "coinlist": [
            {
              "coindescs": [
                {
                  "desc": "[OnSucceedAttack] If this Skill consumed [Vibration] Count on use, trigger [FusionVibration] into [VibrationEcho]"
                }
              ]
            },
            {
              "coindescs": [
                {
                  "desc": "[OnSucceedAttack] Trigger [VibrationExplosion]; then, reduce target's [Vibration] Count by 1"
                }
              ]
            },
            {
              "coindescs": [
                {
                  "desc": "<style=\"highlight\">[OnSucceedAttack] If this Skill consumed 10+ [Vibration] Count on Skill Use, trigger [VibrationExplosion]; then, reduce target's [Vibration] Count by 1</style>"
                }
              ]
            },
            {
              "coindescs": [
                {
                  "desc": "<style=\"highlight\">[OnSucceedAttack] If this Skill consumed 10+ [Vibration] Count on Skill Use, trigger [VibrationExplosion]; then, reduce target's [Vibration] Count by 1\n- If this unit consumed less than 15 [Vibration] Count, trigger [VibrationExplosion] on self after activating the above effect</style>"
                }
              ]
            }
          ]
        }
      ]
    },
    {
      "id": 1060904,
      "levelList": [
        {
          "level": 1,
          "name": "Wait?!",
          "desc": "[WhenUse] Gain 2 x ([Vibration] Count on target) as Shield HP (max 7)",
          "coinlist": [
            {}
          ]
        },
        {
          "level": 4,
          "name": "Wait?!",
          "desc": "[WhenUse] Gain 2 x ([Vibration] Count on target) as Shield HP (max <style=\"highlight\">13</style>)",
          "coinlist": [
            {}
          ]
        }
      ]
    },
    {
      "id": 1061001,
      "levelList": [
        {
          "level": 1,
          "name": "Slam",
          "desc": "",
          "coinlist": [
            {
              "coindescs": [
                {
                  "desc": "[OnSucceedAttack] Inflict 1 [Burst]"
                }
              ]
            },
            {
              "coindescs": [
                {
                  "desc": ""
                }
              ]
            }
          ]
        },
        {
          "level": 2,
          "name": "Slam",
          "desc": "If target has 6+ [Burst], Coin Power +1",
          "coinlist": [
            {
              "coindescs": [
                {
                  "desc": "[OnSucceedAttack] Inflict 1 [Burst]"
                }
              ]
            },
            {
              "coindescs": [
                {
                  "desc": "[OnSucceedAttack] Inflict 1 [Burst]"
                }
              ]
            }
          ]
        },
        {
          "level": 4,
          "name": "Slam",
          "desc": "If target has 6+ [Burst], Coin Power +1",
          "coinlist": [
            {
              "coindescs": [
                {
                  "desc": "[OnSucceedAttack] Inflict 1 [Burst]"
                },
                {
                  "desc": "[OnSucceedAttackHead] Inflict 1 [Burst]"
                }
              ]
            },
            {
              "coindescs": [
                {
                  "desc": "[OnSucceedAttack] Inflict 1 [Burst]"
                },
                {
                  "desc": "[OnSucceedAttackHead] Inflict 1 [Burst]"
                }
              ]
            }
          ]
        }
      ]
    },
    {
      "id": 1061002,
      "levelList": [
        {
          "level": 1,
          "name": "Bonecrusher",
          "desc": "",
          "coinlist": [
            {
              "coindescs": [
                {
                  "desc": ""
                }
              ]
            },
            {
              "coindescs": [
                {
                  "desc": "[OnSucceedAttack] Inflict 2 [Burst]"
                }
              ]
            }
          ]
        },
        {
          "level": 2,
          "name": "Bonecrusher",
          "desc": "[WhenUse] If target has 15+ [Burst] and 3+ [Burst] Count: this Skill does not inflict [Burst] or [Burst] Count; instead, gain Coin Power +1\n[WinDuel] Inflict +1 [Burst] Count",
          "coinlist": [
            {
              "coindescs": [
                {
                  "desc": "[OnSucceedAttack] Inflict +1 [Burst] Count"
                }
              ]
            },
            {
              "coindescs": [
                {
                  "desc": "[OnSucceedAttack] Inflict 2 [Burst]"
                },
                {
                  "desc": "[OnSucceedAttack] Inflict 1 [TakeHpHealReduce] next turn"
                }
              ]
            }
          ]
        },
        {
          "level": 4,
          "name": "Bonecrusher",
          "desc": "If target has 6+ [Burst], Coin Power +1\n[WhenUse] If target has 15+ [Burst] and 3+ [Burst] Count: this Skill does not inflict [Burst] or [Burst] Count; instead, gain Coin Power +1\n- If target is a <Bloodfiend> or a <Bloodbag>, gain an additional Coin Power +1\n[WinDuel] Inflict +1 [Burst] Count",
          "coinlist": [
            {
              "coindescs": [
                {
                  "desc": "[OnSucceedAttack] Inflict +1 [Burst] Count"
                },
                {
                  "desc": "[OnSucceedAttackHead] Inflict +1 [Burst] Count"
                }
              ]
            },
            {
              "coindescs": [
                {
                  "desc": "[OnSucceedAttack] Inflict 2 [Burst]"
                },
                {
                  "desc": "[OnSucceedAttack] Inflict 2 [TakeHpHealReduce] next turn"
                }
              ]
            }
          ]
        }
      ]
    },
    {
      "id": 1061003,
      "levelList": [
        {
          "level": 3,
          "name": "A Cheerful Hunt's End",
          "desc": "[WhenUse] If target has 15+ [Burst] and 3+ [Burst] Count: this Skill does not inflict [Burst] or [Burst] Count; instead, gain Coin Power +1\n[WinDuel] Inflict +1 [Burst] Count",
          "coinlist": [
            {
              "coindescs": [
                {
                  "desc": "[OnSucceedAttackHead] Inflict 1 [Burst]"
                }
              ]
            },
            {
              "coindescs": [
                {
                  "desc": "[OnSucceedAttackHead] Inflict 2 [Burst]"
                }
              ]
            },
            {}
          ]
        },
        {
          "level": 4,
          "name": "A Cheerful Hunt's End",
          "desc": "If target has 6+ [Burst], Coin Power +1\n[WhenUse] If target has 15+ [Burst] and 3+ [Burst] Count: this Skill does not inflict [Burst] or [Burst] Count; instead, gain Coin Power +1\n- If target is a <Bloodfiend> or a <Bloodbag>, gain an additional Coin Power +1\n[WinDuel] Inflict +2 [Burst] Count",
          "coinlist": [
            {
              "coindescs": [
                {
                  "desc": "[OnSucceedAttackHead] Inflict 1 [Burst]"
                }
              ]
            },
            {
              "coindescs": [
                {
                  "desc": "[OnSucceedAttackHead] Inflict 2 [Burst]"
                }
              ]
            },
            {
              "coindescs": [
                {
                  "desc": "[OnSucceedAttack] If target has 15+ [Burst], or has less than 30% HP, Reuse this Coin (once per Skill)"
                }
              ]
            }
          ]
        }
      ]
    },
    {
      "id": 1061004,
      "levelList": [
        {
          "level": 1,
          "name": "Emergency Styptics",
          "desc": "",
          "coinlist": [
            {
              "coindescs": [
                {
                  "desc": ""
                }
              ]
            }
          ]
        },
        {
          "level": 4,
          "name": "Emergency Styptics",
          "desc": "[StartBattle] Lose 2 [Laceration] Potency on self (3 times per turn. If [Laceration] Potency drops to 0 or less, the Bleed effect expires)",
          "coinlist": [
            {
              "coindescs": [
                {
                  "desc": ""
                }
              ]
            }
          ]
        }
      ]
    },
    {
      "id": 1061101,
      "levelList": [
        {
          "level": 1,
          "name": "Take the Shot",
          "desc": "[WhenUse] Gain +2 [Breath] Count",
          "coinlist": [
            {
              "coindescs": [
                {
                  "desc": "Spend 1 [Bullet]"
                }
              ]
            },
            {
              "coindescs": [
                {
                  "desc": "Spend 1 [Bullet]"
                },
                {
                  "desc": "[OnSucceedAttack] Gain 1 [Breath]"
                }
              ]
            },
            {
              "coindescs": [
                {
                  "desc": "Spend 1 [Bullet]"
                },
                {
                  "desc": "[OnSucceedAttack] Gain 1 [Breath]"
                }
              ]
            }
          ]
        },
        {
          "level": 2,
          "name": "Take the Shot",
          "desc": "[WhenUse] Gain +2 [Breath] Count<style=\"highlight\"></style>",
          "coinlist": [
            {
              "coindescs": [
                {
                  "desc": "Spend 1 [Bullet]<style=\"highlight\"></style>"
                }
              ]
            },
            {
              "coindescs": [
                {
                  "desc": "Spend 1 [Bullet]<style=\"highlight\"></style>"
                },
                {
                  "desc": "[OnSucceedAttack] Gain <style=\"highlight\">2</style> [Breath]"
                }
              ]
            },
            {
              "coindescs": [
                {
                  "desc": "Spend 1 [Bullet]<style=\"highlight\"></style>"
                },
                {
                  "desc": "[OnSucceedAttack] Gain <style=\"highlight\">2</style> [Breath]"
                }
              ]
            }
          ]
        },
        {
          "level": 4,
          "name": "Take the Shot",
          "desc": "[WhenUse] Gain +<style=\"highlight\">3</style> [Breath] Count",
          "coinlist": [
            {
              "coindescs": [
                {
                  "desc": "Spend 1 [Bullet]<style=\"highlight\"></style>"
                }
              ]
            },
            {
              "coindescs": [
                {
                  "desc": "Spend 1 [Bullet]<style=\"highlight\"></style>"
                },
                {
                  "desc": "[OnSucceedAttack] Gain 2 [Breath]<style=\"highlight\"></style>"
                }
              ]
            },
            {
              "coindescs": [
                {
                  "desc": "Spend 1 [Bullet]<style=\"highlight\"></style>"
                },
                {
                  "desc": "[OnSucceedAttack] Gain 2 [Breath]<style=\"highlight\"></style>"
                }
              ]
            }
          ]
        }
      ]
    },
    {
      "id": 1061102,
      "levelList": [
        {
          "level": 1,
          "name": "Target Marked",
          "desc": "Base Power +1 for every [Bullet] about to be spent by this Skill\n[WhenUse] If Full-Stop Office Fixer Heathcliff is on the field, every Reson. of the highest Reson. adds 20% chance that this unit activates [CoveringFire]\n[WhenUse] Gain +1 [Breath] Count",
          "coinlist": [
            {
              "coindescs": [
                {
                  "desc": "[OnSucceedAttack] Gain 2 [Breath]"
                }
              ]
            },
            {
              "coindescs": [
                {
                  "desc": "Spend up to 3 [Bullet]"
                },
                {
                  "desc": "Deal +([Bullet] spent x 10)% damage"
                }
              ]
            },
            {
              "coindescs": [
                {
                  "desc": "[OnSucceedAttack] Inflict 1 [Reduction] next turn"
                }
              ]
            }
          ]
        },
        {
          "level": 2,
          "name": "Target Marked",
          "desc": "Base Power +1 for every [Bullet] about to be spent by this Skill\n[WhenUse] If Full-Stop Office Fixer Heathcliff is on the field, every Reson. of the highest Reson. adds 20% chance that this unit activates [CoveringFire]\n[WhenUse] Gain +<style=\"highlight\">2</style> [Breath] Count",
          "coinlist": [
            {
              "coindescs": [
                {
                  "desc": "[OnSucceedAttack] Gain 2 [Breath]<style=\"highlight\"></style>"
                }
              ]
            },
            {
              "coindescs": [
                {
                  "desc": "Spend up to 3 [Bullet]<style=\"highlight\"></style>"
                },
                {
                  "desc": "Deal +([Bullet] spent x 10)% damage<style=\"highlight\"></style>"
                }
              ]
            },
            {
              "coindescs": [
                {
                  "desc": "<style=\"highlight\">[OnSucceedAttack] Inflict 1 [Binding] next turn</style>"
                },
                {
                  "desc": "[OnSucceedAttack] Inflict 1 [Reduction] next turn<style=\"highlight\"></style>"
                }
              ]
            }
          ]
        },
        {
          "level": 4,
          "name": "Target Marked",
          "desc": "Base Power +1 for every [Bullet] about to be spent by this Skill\n[WhenUse] If Full-Stop Office Fixer Heathcliff is on the field, every Reson. of the highest Reson. adds 25% chance that this unit activates [CoveringFire]\n[WhenUse] Gain +<style=\"highlight\">3</style> [Breath] Count",
          "coinlist": [
            {
              "coindescs": [
                {
                  "desc": "[OnSucceedAttack] Gain 2 [Breath]<style=\"highlight\"></style>"
                }
              ]
            },
            {
              "coindescs": [
                {
                  "desc": "Spend up to 3 [Bullet]<style=\"highlight\"></style>"
                },
                {
                  "desc": "Deal +([Bullet] spent x 10)% damage<style=\"highlight\"></style>"
                },
                {
                  "desc": "<style=\"highlight\">+([Bullet] spent x 10)% Damage on Critical Hit</style>"
                }
              ]
            },
            {
              "coindescs": [
                {
                  "desc": "<style=\"highlight\">+20% Damage on Critical Hit</style>"
                },
                {
                  "desc": "[OnSucceedAttack] Inflict 1 [Binding] next turn<style=\"highlight\"></style>"
                },
                {
                  "desc": "[OnSucceedAttack] Inflict 1 [Reduction] next turn<style=\"highlight\"></style>"
                }
              ]
            }
          ]
        }
      ]
    },
    {
      "id": 1061103,
      "levelList": [
        {
          "level": 3,
          "name": "Full-Stop to Life",
          "desc": "Base Power +1 for every [Bullet] about to be spent by this Skill\n[WhenUse] If Full-Stop Office Fixer Heathcliff is on the field, activate [CoveringFire]\n[WhenUse] Gain 5 [Breath]",
          "coinlist": [
            {
              "coindescs": [
                {
                  "desc": "Spend 1 [Bullet]"
                },
                {
                  "desc": "Deal +([Bullet] spent x 10)% damage"
                },
                {
                  "desc": "[OnSucceedAttack] Raise the target's Stagger Threshold by 10% of damage dealt"
                }
              ]
            },
            {
              "coindescs": [
                {
                  "desc": "Spend up to 2 [Bullet]"
                },
                {
                  "desc": "Deal +([Bullet] spent x 10)% damage"
                },
                {
                  "desc": "[OnSucceedAttack] Raise the target's Stagger Threshold by 10% of damage dealt"
                }
              ]
            },
            {
              "coindescs": [
                {
                  "desc": "If target is Staggered, +30% Damage on Critical Hit"
                },
                {
                  "desc": "[OnSucceedAttack] Inflict 1 [Binding] next turn"
                },
                {
                  "desc": "[OnSucceedAttack] Inflict 1 [PenetrateTakeDamageUp]"
                }
              ]
            }
          ]
        },
        {
          "level": 4,
          "name": "Full-Stop to Life",
          "desc": "Base Power +1 for every [Bullet] about to be spent by this Skill\n[WhenUse] If Full-Stop Office Fixer Heathcliff is on the field, activate [CoveringFire]\n[WhenUse] Gain 5 [Breath]\n<style=\"highlight\">[WinDuel] Gain +2 [Breath] Count</style>",
          "coinlist": [
            {
              "coindescs": [
                {
                  "desc": "Spend 1 [Bullet]<style=\"highlight\"></style>"
                },
                {
                  "desc": "Deal +([Bullet] spent x <style=\"highlight\">15</style>)% damage"
                },
                {
                  "desc": "[OnSucceedAttack] Raise the target's Stagger Threshold by <style=\"highlight\">15</style>% of damage dealt"
                }
              ]
            },
            {
              "coindescs": [
                {
                  "desc": "Spend up to 2 [Bullet]<style=\"highlight\"></style>"
                },
                {
                  "desc": "Deal +([Bullet] spent x <style=\"highlight\">15</style>)% damage"
                },
                {
                  "desc": "[OnSucceedAttack] Raise the target's Stagger Threshold by <style=\"highlight\">15</style>% of damage dealt"
                }
              ]
            },
            {
              "coindescs": [
                {
                  "desc": "If target is Staggered, +30% Damage on Critical Hit<style=\"highlight\"></style>"
                },
                {
                  "desc": "[OnSucceedAttack] Inflict <style=\"highlight\">2</style> [Binding] next turn"
                },
                {
                  "desc": "[OnSucceedAttack] Inflict <style=\"highlight\">2</style> [PenetrateTakeDamageUp]"
                }
              ]
            }
          ]
        }
      ]
    },
    {
      "id": 1061104,
      "levelList": [
        {
          "level": 1,
          "name": "Combat Poise",
          "desc": "Turn Start: at 0 [Bullet], activate 'Beyond the Shadow' instead\n[OnSucceedEvade] Gain 1 [Breath] (3 times per turn)",
          "coinlist": [
            {
              "coindescs": [
                {
                  "desc": ""
                }
              ]
            }
          ]
        },
        {
          "level": 4,
          "name": "Combat Poise",
          "desc": "Turn Start: at 0 [Bullet], activate 'Beyond the Shadow' instead\n[OnSucceedEvade] Gain 1 [Breath] (<style=\"highlight\">5</style> times per turn)",
          "coinlist": [
            {
              "coindescs": [
                {
                  "desc": ""
                }
              ]
            }
          ]
        }
      ]
    },
    {
      "id": 1061105,
      "levelList": [
        {
          "level": 2,
          "name": "Combo: Target Marked",
          "desc": "Base Power +1 for every [Bullet] about to be spent by this Skill\n[WhenUse] Gain +2 [Breath] Count\n[DefeatDuel] Final Power +5",
          "coinlist": [
            {
              "coindescs": [
                {
                  "desc": "[OnSucceedAttack] Gain 2 [Breath]"
                }
              ]
            },
            {
              "coindescs": [
                {
                  "desc": "Spend up to 3 [Bullet]"
                },
                {
                  "desc": "Deal +([Bullet] spent x 10)% damage"
                }
              ]
            },
            {
              "coindescs": [
                {
                  "desc": "[OnSucceedAttack] Inflict 1 [Binding] next turn"
                },
                {
                  "desc": "[OnSucceedAttack] Inflict 1 [Reduction] next turn"
                }
              ]
            },
            {
              "coindescs": [
                {
                  "desc": "[SuperCoin]"
                },
                {
                  "desc": "+30% Damage on Critical Hit"
                }
              ]
            }
          ]
        },
        {
          "level": 4,
          "name": "Combo: Target Marked",
          "desc": "Base Power +1 for every [Bullet] about to be spent by this Skill\n[WhenUse] Gain +<style=\"highlight\">3</style> [Breath] Count\n[DefeatDuel] Final Power +5",
          "coinlist": [
            {
              "coindescs": [
                {
                  "desc": "[OnSucceedAttack] Gain 2 [Breath]<style=\"highlight\"></style>"
                }
              ]
            },
            {
              "coindescs": [
                {
                  "desc": "Spend up to 3 [Bullet]<style=\"highlight\"></style>"
                },
                {
                  "desc": "Deal +([Bullet] spent x 10)% damage<style=\"highlight\"></style>"
                },
                {
                  "desc": "<style=\"highlight\">+([Bullet] spent x 10)% Damage on Critical Hit</style>"
                }
              ]
            },
            {
              "coindescs": [
                {
                  "desc": "<style=\"highlight\">+20% Damage on Critical Hit</style>"
                },
                {
                  "desc": "[OnSucceedAttack] Inflict 1 [Binding] next turn<style=\"highlight\"></style>"
                },
                {
                  "desc": "[OnSucceedAttack] Inflict 1 [Reduction] next turn<style=\"highlight\"></style>"
                }
              ]
            },
            {
              "coindescs": [
                {
                  "desc": "[SuperCoin]<style=\"highlight\"></style>"
                },
                {
                  "desc": "+30% Damage on Critical Hit<style=\"highlight\"></style>"
                }
              ]
            }
          ]
        }
      ]
    },
    {
      "id": 1061106,
      "levelList": [
        {
          "level": 3,
          "name": "Combo: Full-Stop to Life",
          "desc": "Base Power +1 for every [Bullet] about to be spent by this Skill\n[WhenUse] Gain 5 [Breath]\n[DefeatDuel] Final Power +5",
          "coinlist": [
            {
              "coindescs": [
                {
                  "desc": "Spend 1 [Bullet]"
                },
                {
                  "desc": "Deal +([Bullet] spent x 10)% damage"
                },
                {
                  "desc": "[OnSucceedAttack] Raise the target's Stagger Threshold by 10% of damage dealt"
                }
              ]
            },
            {
              "coindescs": [
                {
                  "desc": "Spend up to 2 [Bullet]"
                },
                {
                  "desc": "Deal +([Bullet] spent x 10)% damage"
                },
                {
                  "desc": "[OnSucceedAttack] Raise the target's Stagger Threshold by 10% of damage dealt"
                }
              ]
            },
            {
              "coindescs": [
                {
                  "desc": "If target is Staggered, +30% Damage on Critical Hit"
                },
                {
                  "desc": "[OnSucceedAttack] Inflict 1 [Binding] next turn"
                },
                {
                  "desc": "[OnSucceedAttack] Inflict 1 [PenetrateTakeDamageUp]"
                }
              ]
            },
            {
              "coindescs": [
                {
                  "desc": "[SuperCoin]"
                },
                {
                  "desc": "+30% Damage on Critical Hit"
                },
                {
                  "desc": "Deal +(target's Pierce Res. x 50)% damage"
                }
              ]
            }
          ]
        },
        {
          "level": 4,
          "name": "Combo: Full-Stop to Life",
          "desc": "Base Power +1 for every [Bullet] about to be spent by this Skill\n[WhenUse] Gain 5 [Breath]\n<style=\"highlight\">[WinDuel] Gain +2 [Breath] Count</style>\n[DefeatDuel] Final Power +5",
          "coinlist": [
            {
              "coindescs": [
                {
                  "desc": "Spend 1 [Bullet]<style=\"highlight\"></style>"
                },
                {
                  "desc": "Deal +([Bullet] spent x <style=\"highlight\">15</style>)% damage"
                },
                {
                  "desc": "[OnSucceedAttack] Raise the target's Stagger Threshold by <style=\"highlight\">15</style>% of damage dealt"
                }
              ]
            },
            {
              "coindescs": [
                {
                  "desc": "Spend up to 2 [Bullet]<style=\"highlight\"></style>"
                },
                {
                  "desc": "Deal +([Bullet] spent x <style=\"highlight\">15</style>)% damage"
                },
                {
                  "desc": "[OnSucceedAttack] Raise the target's Stagger Threshold by <style=\"highlight\">15</style>% of damage dealt"
                }
              ]
            },
            {
              "coindescs": [
                {
                  "desc": "If target is Staggered, +30% Damage on Critical Hit<style=\"highlight\"></style>"
                },
                {
                  "desc": "[OnSucceedAttack] Inflict <style=\"highlight\">2</style> [Binding] next turn"
                },
                {
                  "desc": "[OnSucceedAttack] Inflict <style=\"highlight\">2</style> [PenetrateTakeDamageUp]"
                }
              ]
            },
            {
              "coindescs": [
                {
                  "desc": "[SuperCoin]<style=\"highlight\"></style>"
                },
                {
                  "desc": "<style=\"highlight\">+50% Damage on Critical Hit</style>"
                },
                {
                  "desc": "Deal +(target's Pierce Res. x 50)% damage<style=\"highlight\"></style>"
                }
              ]
            }
          ]
        }
      ]
    },
    {
      "id": 1061107,
      "levelList": [
        {
          "level": 1,
          "name": "Beyond the Shadow",
          "desc": "[DuelCounter]\n[WhenUse] Gain +2 [Breath] Count\n[EndBattle] [FullReload] (once per Encounter)",
          "coinlist": [
            {
              "coindescs": [
                {
                  "desc": "[OnSucceedAttack] Gain 1 [Breath]"
                }
              ]
            },
            {
              "coindescs": [
                {
                  "desc": "[OnSucceedAttack] Gain 1 [Breath]"
                }
              ]
            }
          ]
        },
        {
          "level": 4,
          "name": "Beyond the Shadow",
          "desc": "[DuelCounter]\n<style=\"highlight\">+20% Damage on Critical Hit</style>\n[WhenUse] Gain +2 [Breath] Count\n[EndBattle] [FullReload] (once per Encounter)",
          "coinlist": [
            {
              "coindescs": [
                {
                  "desc": "[OnSucceedAttack] Gain 1 [Breath]<style=\"highlight\"></style>"
                }
              ]
            },
            {
              "coindescs": [
                {
                  "desc": "[OnSucceedAttack] Gain 1 [Breath]<style=\"highlight\"></style>"
                }
              ]
            }
          ]
        }
      ]
    },
    {
      "id": 1061108,
      "levelList": [
        {
          "level": 1,
          "name": "Melee Support",
          "desc": "[WhenUse] Gain +2 [Breath] Count",
          "coinlist": [
            {
              "coindescs": [
                {
                  "desc": "[OnSucceedAttack] Gain 1 [Breath]"
                }
              ]
            },
            {
              "coindescs": [
                {
                  "desc": "[OnSucceedAttack] Gain 1 [Breath]"
                }
              ]
            }
          ]
        },
        {
          "level": 4,
          "name": "Melee Support",
          "desc": "<style=\"highlight\">+20% Damage on Critical Hit</style>\n[WhenUse] Gain +2 [Breath] Count",
          "coinlist": [
            {
              "coindescs": [
                {
                  "desc": "[OnSucceedAttack] Gain 1 [Breath]<style=\"highlight\"></style>"
                }
              ]
            },
            {
              "coindescs": [
                {
                  "desc": "[OnSucceedAttack] Gain 1 [Breath]<style=\"highlight\"></style>"
                }
              ]
            }
          ]
        }
      ]
    },
    {
      "id": 1061201,
      "levelList": [
        {
          "level": 1,
          "name": "Energy Strike",
          "desc": "At 2+ [Charge], Coin Power +1\n[WhenUse] Gain +2 [Charge] Count",
          "coinlist": [
            {},
            {
              "coindescs": [
                {
                  "desc": "[OnSucceedAttack] Inflict 1 [Sinking]"
                }
              ]
            }
          ]
        },
        {
          "level": 2,
          "name": "Energy Strike",
          "desc": "<style=\"highlight\">Deal +2% damage for every [Charge] (max 10%)</style>\nAt 2+ [Charge], Coin Power +1\n[WhenUse] Gain +2 [Charge] Count",
          "coinlist": [
            {
              "coindescs": [
                {
                  "desc": "<style=\"highlight\">[OnSucceedAttack] Gain +([Charge] + 1) [Charge] Count (max 3)</style>"
                }
              ]
            },
            {
              "coindescs": [
                {
                  "desc": "[OnSucceedAttack] Inflict 1 [Sinking]<style=\"highlight\"></style>"
                }
              ]
            }
          ]
        },
        {
          "level": 4,
          "name": "Energy Strike",
          "desc": "Deal <style=\"highlight\">+3%</style> damage for every [Charge] (max <style=\"highlight\">15%</style>)\nAt 2+ [Charge], Coin Power +1\n<style=\"highlight\">At 5+ [Charge] Count, Coin Power +1</style>\n[WhenUse] Gain +2 [Charge] Count",
          "coinlist": [
            {
              "coindescs": [
                {
                  "desc": "[OnSucceedAttack] Gain +([Charge] + 1) [Charge] Count (max <style=\"highlight\">4</style>)"
                }
              ]
            },
            {
              "coindescs": [
                {
                  "desc": "[OnSucceedAttack] Inflict 1 [Sinking]<style=\"highlight\"></style>"
                }
              ]
            }
          ]
        }
      ]
    },
    {
      "id": 1061202,
      "levelList": [
        {
          "level": 1,
          "name": "Mind Whip",
          "desc": "[WhenUse] At 5~9 [Charge] Count:\n- Gain 15 [Sinking] and raise this unit's [Charge] Count to 10\n- This Skill gains the following attributes: [CantIdentify], [WideAreaRampage], and Atk Weight +1\n[WhenUse] Consume 10 [Charge] Count to gain Coin Power +1",
          "coinlist": [
            {
              "coindescs": [
                {
                  "desc": "[OnSucceedAttack] Inflict 1 [Sinking]"
                }
              ]
            },
            {
              "coindescs": [
                {
                  "desc": "[OnSucceedAttack] Inflict 1 [Sinking]"
                }
              ]
            },
            {
              "coindescs": [
                {
                  "desc": "[OnSucceedAttack] Inflict 1 [Sinking]"
                }
              ]
            },
            {
              "coindescs": [
                {
                  "desc": "[OnSucceedAttack] Inflict +2 [Sinking] Count"
                }
              ]
            }
          ]
        },
        {
          "level": 2,
          "name": "Mind Whip",
          "desc": "<style=\"highlight\">Deal +2% damage for every [Charge] (max 10%)</style>\n[WhenUse] At 5~9 [Charge] Count:\n- Gain 15 [Sinking] and raise this unit's [Charge] Count to 10\n- This Skill gains the following attributes: [CantIdentify], [WideAreaRampage], and Atk Weight +1\n[WhenUse] Consume 10 [Charge] Count to gain Coin Power +1",
          "coinlist": [
            {
              "coindescs": [
                {
                  "desc": "[OnSucceedAttack] Inflict 1 [Sinking]<style=\"highlight\"></style>"
                },
                {
                  "desc": "<style=\"highlight\">[OnSucceedAttack] Raise Stagger Threshold by 5% of damage dealt</style>"
                }
              ]
            },
            {
              "coindescs": [
                {
                  "desc": "[OnSucceedAttack] Inflict 1 [Sinking]<style=\"highlight\"></style>"
                },
                {
                  "desc": "<style=\"highlight\">[OnSucceedAttack] Raise Stagger Threshold by 5% of damage dealt</style>"
                }
              ]
            },
            {
              "coindescs": [
                {
                  "desc": "[OnSucceedAttack] Inflict 1 [Sinking]<style=\"highlight\"></style>"
                },
                {
                  "desc": "<style=\"highlight\">[OnSucceedAttack] Raise Stagger Threshold by 5% of damage dealt</style>"
                }
              ]
            },
            {
              "coindescs": [
                {
                  "desc": "[OnSucceedAttack] Inflict +2 [Sinking] Count<style=\"highlight\"></style>"
                },
                {
                  "desc": "<style=\"highlight\">[OnSucceedAttack] Raise Stagger Threshold by 10% of damage dealt</style>"
                }
              ]
            }
          ]
        },
        {
          "level": 4,
          "name": "Mind Whip",
          "desc": "Deal <style=\"highlight\">+4%</style> damage for every [Charge] (max <style=\"highlight\">20%</style>)\n[WhenUse] At 5~9 [Charge] Count:\n- Gain <style=\"highlight\">10</style> [Sinking] and raise this unit's [Charge] Count to 10\n- This Skill gains the following attributes: [CantIdentify], [WideAreaRampage], and Atk Weight +1\n<style=\"highlight\">- [BeforeUse] At 5+ [Charge], this Skill does not gain the [CantIdentify] effect</style>\n[WhenUse] Consume 10 [Charge] Count to gain Coin Power <style=\"highlight\">+2</style>\n<style=\"highlight\">[BeforeAttack] At 8+ remaining [Charge] Count, consume 8 [Charge] Count to deal +40% damage</style>",
          "coinlist": [
            {
              "coindescs": [
                {
                  "desc": "[OnSucceedAttack] Inflict 1 [Sinking]<style=\"highlight\"></style>"
                },
                {
                  "desc": "[OnSucceedAttack] Raise Stagger Threshold by 5% of damage dealt<style=\"highlight\"></style>"
                }
              ]
            },
            {
              "coindescs": [
                {
                  "desc": "[OnSucceedAttack] Inflict 1 [Sinking]<style=\"highlight\"></style>"
                },
                {
                  "desc": "[OnSucceedAttack] Raise Stagger Threshold by 5% of damage dealt<style=\"highlight\"></style>"
                }
              ]
            },
            {
              "coindescs": [
                {
                  "desc": "[OnSucceedAttack] Inflict 1 [Sinking]<style=\"highlight\"></style>"
                },
                {
                  "desc": "[OnSucceedAttack] Raise Stagger Threshold by 5% of damage dealt<style=\"highlight\"></style>"
                }
              ]
            },
            {
              "coindescs": [
                {
                  "desc": "[OnSucceedAttack] Inflict +2 [Sinking] Count<style=\"highlight\"></style>"
                },
                {
                  "desc": "[OnSucceedAttack] Raise Stagger Threshold by 10% of damage dealt<style=\"highlight\"></style>"
                }
              ]
            }
          ]
        }
      ]
    },
    {
      "id": 1061203,
      "levelList": [
        {
          "level": 3,
          "name": "Concentration",
          "desc": "Coin Power +1 for every [Charge] (max 5)\nAt 10+ [Charge] Count, Final Power +2\n[WhenUse] Gain +5 [Charge] Count",
          "coinlist": [
            {
              "coindescs": [
                {
                  "desc": "Deal +(this Skill's Power x 5)% damage (max 100%)"
                },
                {
                  "desc": "[OnSucceedAttack] Gain +([Charge] + 1) [Charge] Count (max 6)"
                },
                {
                  "desc": "[OnSucceedAttack] Inflict 4 [Sinking] and +2 [Sinking] Count"
                }
              ]
            }
          ]
        },
        {
          "level": 4,
          "name": "Concentration",
          "desc": "<style=\"highlight\">Base Power +1</style> and Coin Power +1 for every [Charge] <style=\"highlight\">(max 5 each)</style>\nAt 10+ [Charge] Count, Final Power <style=\"highlight\">+4</style>\n[WhenUse] Gain <style=\"highlight\">+7</style> [Charge] Count",
          "coinlist": [
            {
              "coindescs": [
                {
                  "desc": "Deal +(this Skill's Power x 5)% damage (max <style=\"highlight\">150%</style>)"
                },
                {
                  "desc": "<style=\"highlight\">At 3+ [Charge], deal +20% damage for every [Charge] (max 100%)</style>"
                },
                {
                  "desc": "[OnSucceedAttack] Gain +([Charge] + <style=\"highlight\">3</style>) [Charge] Count (max <style=\"highlight\">8</style>)"
                },
                {
                  "desc": "[OnSucceedAttack] Inflict 4 [Sinking] and <style=\"highlight\">+4</style> [Sinking] Count"
                }
              ]
            }
          ]
        }
      ]
    },
    {
      "id": 1061204,
      "levelList": [
        {
          "level": 1,
          "name": "Energy Condensation",
          "desc": "[WhenUse] At 10+ [Charge] Count, Coin Power +2\n[WhenUse] Gain +3 [Charge] Count (once per turn)",
          "coinlist": [
            {}
          ]
        },
        {
          "level": 4,
          "name": "Energy Condensation",
          "desc": "[WhenUse] At 10+ [Charge] Count, Coin Power <style=\"highlight\">+4</style>\n[WhenUse] Gain +3 [Charge] Count (<style=\"highlight\">2 times</style> per turn)",
          "coinlist": [
            {}
          ]
        }
      ]
    }
  ]
}