{
  "dataList": [
    {
      "id": 835001,
      "levelList": [
        {
          "level": 1,
          "name": "Grovel Before Me",
          "desc": "[WhenUse] If the target has 4+ [Laceration], Clash Power +1",
          "coinlist": [
            {
              "coindescs": [
                {
                  "desc": "[OnSucceedAttack] Inflict 4 [Laceration]"
                }
              ]
            }
          ]
        }
      ]
    },
    {
      "id": 835002,
      "levelList": [
        {
          "level": 1,
          "name": "Pathetic One",
          "desc": "[WhenUse] If the target has 4+ [Laceration], Clash Power +1",
          "coinlist": [
            {
              "coindescs": [
                {
                  "desc": "[OnSucceedAttack] Inflict +2 [Laceration] Count"
                }
              ]
            }
          ]
        }
      ]
    },
    {
      "id": 835003,
      "levelList": [
        {
          "level": 1,
          "name": "Go... Go Away...!",
          "desc": "[WhenUse] If the target has 4+ [Laceration], Clash Power +1\n[WhenUse] Deal +5% damage for every [Laceration] Count on the target (max 20%)",
          "coinlist": [
            {},
            {
              "coindescs": [
                {
                  "desc": "[OnSucceedAttack] Inflict 8 [Laceration] and +2 [Laceration] Count"
                }
              ]
            }
          ]
        }
      ]
    },
    {
      "id": 835004,
      "levelList": [
        {
          "level": 1,
          "name": "The Parade's Prince",
          "desc": "[StartBattle] Gain Atk Weight equal to the number of targets with [Laceration] (max 5)\n[WhenUse] If the target has 4+ [Laceration], Base Power +1\n[WhenUse] If the target has 3+ [Laceration], Coin Power +1\n[DefeatDuel] Lose 1 [KeptBlood]",
          "coinlist": [
            {
              "coindescs": [
                {
                  "desc": "[OnSucceedAttack] Inflict +2 [Laceration] Count"
                }
              ]
            },
            {
              "coindescs": [
                {
                  "desc": "[OnSucceedAttack] Inflict +2 [Laceration] Count"
                }
              ]
            },
            {
              "coindescs": [
                {
                  "desc": "[OnSucceedAttack] Inflict 4 [Laceration]"
                }
              ]
            },
            {
              "coindescs": [
                {
                  "desc": "[OnSucceedAttack] Inflict 4 [Laceration]"
                }
              ]
            }
          ]
        }
      ]
    },
    {
      "id": 835005,
      "levelList": [
        {
          "level": 1,
          "name": "Blood... Blood... Blood...!",
          "desc": "[WhenUse] If the target has 8+ [Laceration], Coin Power +1\n[DefeatDuel] Lose 1 [KeptBlood]",
          "coinlist": [
            {
              "coindescs": [
                {
                  "desc": "[OnSucceedAttack] Inflict 5 [Laceration] and +3 [Laceration] Count"
                },
                {
                  "desc": "[OnSucceedAttack] If the target has 10+ [Laceration], the next Coin deals +20% damage"
                }
              ]
            },
            {
              "coindescs": [
                {
                  "desc": "[OnSucceedAttack] Gain 1 [KeptBlood]"
                },
                {
                  "desc": "[OnSucceedAttack] Inflict 1 [Binding] next turn"
                }
              ]
            }
          ]
        }
      ]
    },
    {
      "id": 835006,
      "levelList": [
        {
          "level": 1,
          "name": "Leave Me Alone...!",
          "desc": "[WhenUseEvade] Base Power +1 for every [Laceration] Count on the target (max 4)",
          "coinlist": [
            {}
          ]
        }
      ]
    },
    {
      "id": 835007,
      "levelList": [
        {
          "level": 1,
          "name": "I Am... The Prince... of the Parade...!",
          "desc": "[CantDuel]\n[WhenUse] Double the amount healed by Hardblood[TabExplain] Glaive\n[WhenUse] Reset SP to 0\n[EndSkill] Gain 10 [KeptBlood]\nDoes not get Staggered this turn; ends turn after using this Skill.",
          "coinlist": [
            {
              "coindescs": [
                {
                  "desc": "[OnSucceedAttack] Inflict 2 [Laceration] and +1 [Laceration] Count"
                }
              ]
            },
            {
              "coindescs": [
                {
                  "desc": "[OnSucceedAttack] Inflict 2 [Laceration] and +1 [Laceration] Count"
                }
              ]
            },
            {
              "coindescs": [
                {
                  "desc": "[OnSucceedAttack] Inflict 2 [Laceration] and +1 [Laceration] Count"
                }
              ]
            },
            {
              "coindescs": [
                {
                  "desc": "[OnSucceedAttack] Inflict 2 [Laceration] and +1 [Laceration] Count"
                }
              ]
            }
          ]
        }
      ]
    },
    {
      "id": 835008,
      "levelList": [
        {
          "level": 1,
          "name": "I'm... Never... Going Back...!",
          "desc": "[WhenUse] Clash Power +1 for every 5 [Laceration] on target (max 3)\n[WhenUse] If the target has 4+ [Laceration], Coin Power +1\n[WhenUse] Deal +5% damage for every [Laceration] on target (max 20%)\n[WhenUse] Double the amount healed by Hardblood[TabExplain] Glaive\n[EndSkill] Gain 10 [KeptBlood]",
          "coinlist": [
            {
              "coindescs": [
                {
                  "desc": "[OnSucceedAttack] Inflict 3 [Laceration] and +1 [Laceration] Count"
                }
              ]
            },
            {
              "coindescs": [
                {
                  "desc": "[OnSucceedAttack] Inflict 3 [Laceration] and +1 [Laceration] Count"
                }
              ]
            },
            {
              "coindescs": [
                {
                  "desc": "[OnSucceedAttack] Inflict 3 [Laceration] and +1 [Laceration] Count"
                }
              ]
            },
            {
              "coindescs": [
                {
                  "desc": "[OnSucceedAttack] Inflict 3 [Laceration] and +1 [Laceration] Count"
                }
              ]
            }
          ]
        }
      ]
    }
  ]
}