{
  "dataList": [
    {
      "id": 1010501,
      "levelList": [
        {
          "level": 1,
          "name": "Stay Calm",
          "desc": "Ottiene +3 Conteggio di [Vibration] se [Discard] questa Abilità",
          "coinlist": [
            {},
            {
              "coindescs": [
                {
                  "desc": "[OnSucceedAttackHead] Infligge +2 Conteggio di [Vibration]"
                }
              ]
            }
          ]
        },
        {
          "level": 2,
          "name": "Stay Calm",
          "desc": "Se [Discard] questa Abilità, ottiene +4 Conteggio di [Vibration]\n[WhenUse] Ottiene +2 Conteggio di [Vibration]",
          "coinlist": [
            {},
            {
              "coindescs": [
                {
                  "desc": "[OnSucceedAttack] Infligge +2 Conteggio di [Vibration]"
                }
              ]
            }
          ]
        },
        {
          "level": 4,
          "name": "Stay Calm",
          "desc": "Se [Discard] questa Abilità, ottiene +4 Conteggio di [Vibration]\n[WhenUse] Ottiene +2 Conteggio di [Vibration]\nA 5+ Conteggio di [Vibration], ottiene Potere Moneta +1",
          "coinlist": [
            {},
            {
              "coindescs": [
                {
                  "desc": "[OnSucceedAttack] Infligge +2 Conteggio di [Vibration]"
                }
              ]
            }
          ]
        }
      ]
    },
    {
      "id": 1010502,
      "levelList": [
        {
          "level": 1,
          "name": "Gamble",
          "desc": "Se [Discard] questa Abilità, ottiene +3 Conteggio di [Vibration]\n[WhenUse] [Discard] 1 Abilità di grado più basso in tutti gli Slot Abilità di quest'unità",
          "coinlist": [
            {
              "coindescs": [
                {
                  "desc": "[OnSucceedAttack] A 5+ Conteggio di [Vibration], causa [VibrationExplosion]. Abbassa il Conteggio di [Vibration] del bersaglio di 2"
                }
              ]
            }
          ]
        },
        {
          "level": 2,
          "name": "Gamble",
          "desc": "Se [Discard] questa Abilità, ottiene +4 Conteggio di [Vibration]\n[WhenUse] [Discard] 1 Abilità di grado più basso in tutti gli Slot Abilità di quest'unità",
          "coinlist": [
            {
              "coindescs": [
                {
                  "desc": "[OnSucceedAttack] Infligge +2 Conteggio di [Vibration]"
                },
                {
                  "desc": "[OnSucceedAttack] A 5+ Conteggio di [Vibration], causa [VibrationExplosion]. Abbassa il Conteggio di [Vibration] del bersaglio di 2"
                }
              ]
            }
          ]
        },
        {
          "level": 4,
          "name": "Gamble",
          "desc": "Se [Discard] questa Abilità, ottiene +4 Conteggio di [Vibration]\n[WhenUse] [Discard] 1 Abilità di grado più basso in tutti gli Slot Abilità di quest'unità",
          "coinlist": [
            {
              "coindescs": [
                {
                  "desc": "[OnSucceedAttack] Infligge +3 Conteggio di [Vibration]"
                },
                {
                  "desc": "[OnSucceedAttack] A 5+ Conteggio di [Vibration], causa [VibrationExplosion]. Abbassa il Conteggio di [Vibration] del bersaglio di 2"
                }
              ]
            }
          ]
        }
      ]
    },
    {
      "id": 1010503,
      "levelList": [
        {
          "level": 3,
          "name": "Grinding the Molars",
          "desc": "[WhenUse] [Discard] 1 Abilità di grado più basso in tutti gli Slot Abilità di quest'unità\n[WhenUse] Spende 10 Conteggio di [Vibration] per ottenere Potere Moneta +1",
          "coinlist": [
            {
              "coindescs": [
                {
                  "desc": "[OnSucceedAttack] Infligge 4 [Vibrazione]"
                },
                {
                  "desc": "[OnSucceedAttack] Se l'Abilità ha speso del Conteggio di [Vibration], causa [VibrationExplosion]"
                }
              ]
            },
            {},
            {
              "coindescs": [
                {
                  "desc": "[OnSucceedAttackHead] Infligge 2 [DefenseDown]"
                },
                {
                  "desc": "[OnSucceedAttack] Se l'Abilità ha speso del Conteggio di [Vibration], causa [VibrationExplosion]"
                }
              ]
            }
          ]
        },
        {
          "level": 4,
          "name": "Grinding the Molars",
          "desc": "[WhenUse] [Discard] 1 Abilità di grado più basso in tutti gli Slot Abilità di quest'unità\n[WhenUse] Spende 10 Conteggio di [Vibration] per ottenere Potere Moneta +2",
          "coinlist": [
            {
              "coindescs": [
                {
                  "desc": "[OnSucceedAttack] Infligge 4 [Vibrazione]"
                },
                {
                  "desc": "[OnSucceedAttack] Se l'Abilità ha speso del Conteggio di [Vibration], causa [VibrationExplosion]"
                }
              ]
            },
            {},
            {
              "coindescs": [
                {
                  "desc": "[OnSucceedAttack] Infligge 2 [DefenseDown]"
                },
                {
                  "desc": "[OnSucceedAttack] Se l'Abilità ha speso del Conteggio di [Vibration], causa [VibrationExplosion]"
                }
              ]
            }
          ]
        }
      ]
    },
    {
      "id": 1010504,
      "levelList": [
        {
          "level": 1,
          "name": "Blocco",
          "desc": "[WhenUse] [Discard] 1 Abilità di grado più basso in tutti gli Slot Abilità di quest'unità",
          "coinlist": [
            {}
          ]
        },
        {
          "level": 4,
          "name": "Blocco",
          "desc": "[WhenUse] [Discard] 1 Abilità di grado più basso in tutti gli Slot Abilità di quest'unità",
          "coinlist": [
            {}
          ]
        }
      ]
    },
    {
      "id": 1010601,
      "levelList": [
        {
          "level": 1,
          "name": "Dimensional Slit",
          "desc": "[WhenUse] Ottiene +2 Conteggio di [Charge]",
          "coinlist": [
            {
              "coindescs": [
                {
                  "desc": "[OnSucceedAttack] Ottiene +2 Conteggio di [Charge]"
                }
              ]
            }
          ]
        },
        {
          "level": 2,
          "name": "Dimensional Slit",
          "desc": "[WhenUse] Ottiene +2 Conteggio di [Charge]",
          "coinlist": [
            {
              "coindescs": [
                {
                  "desc": "[OnSucceedAttack] Ottiene +2 Conteggio di [Charge]"
                },
                {
                  "desc": "[OnSucceedAttackHead] Infligge 2 [Burst]"
                }
              ]
            }
          ]
        },
        {
          "level": 4,
          "name": "Dimensional Slit",
          "desc": "[WhenUse] Ottiene +2 Conteggio di [Charge]\nA 10+ Conteggio di [Charge], Potere Moneta +2",
          "coinlist": [
            {
              "coindescs": [
                {
                  "desc": "[OnSucceedAttack] Ottiene +2 Conteggio di [Charge]"
                },
                {
                  "desc": "[OnSucceedAttack] Infligge 2 [Burst]"
                }
              ]
            }
          ]
        }
      ]
    },
    {
      "id": 1010602,
      "levelList": [
        {
          "level": 1,
          "name": "Energy Cycle",
          "desc": "[WhenUse] Ottiene +5 Conteggio di [Charge]",
          "coinlist": [
            {
              "coindescs": [
                {
                  "desc": "[OnSucceedAttackHead] Infligge 1 [Binding] il turno successivo"
                }
              ]
            },
            {
              "coindescs": [
                {
                  "desc": "[OnSucceedAttack] Infligge 3 [Burst]"
                }
              ]
            }
          ]
        },
        {
          "level": 2,
          "name": "Energy Cycle",
          "desc": "[WhenUse] Ottiene +6 Conteggio di [Charge]\nA 10+ Conteggio di [Charge], Potere Moneta +1",
          "coinlist": [
            {
              "coindescs": [
                {
                  "desc": "[OnSucceedAttack] Infligge 1 [Binding] il turno successivo"
                }
              ]
            },
            {
              "coindescs": [
                {
                  "desc": "[OnSucceedAttack] Infligge 3 [Burst]"
                },
                {
                  "desc": "[OnSucceedAttack] A 10+ Conteggio di [Charge], infligge 3 [Burst]"
                }
              ]
            }
          ]
        },
        {
          "level": 4,
          "name": "Energy Cycle",
          "desc": "[WhenUse] Ottiene +7 Conteggio di [Charge]\nA 10+ Conteggio di [Charge], Potere Moneta +1",
          "coinlist": [
            {
              "coindescs": [
                {
                  "desc": "[OnSucceedAttack] Infligge 1 [Binding] il turno successivo"
                }
              ]
            },
            {
              "coindescs": [
                {
                  "desc": "[OnSucceedAttack] Infligge 3 [Burst]"
                },
                {
                  "desc": "[OnSucceedAttack] A 10+ Conteggio di [Charge], infligge 3 [Burst] e +2 Conteggio di [Burst]"
                }
              ]
            }
          ]
        }
      ]
    },
    {
      "id": 1010603,
      "levelList": [
        {
          "level": 3,
          "name": "Dimensional Rift",
          "desc": "[WhenUse] A meno di 15 Conteggio di [Charge], consuma 10 Conteggio di [Charge] per ottenere +1 Potere Moneta\n[WhenUse] Consuma 15 Conteggio di [Charge] per ottenere +2 Potere Moneta",
          "coinlist": [
            {
              "coindescs": [
                {
                  "desc": "[OnSucceedAttackHead] Infligge 1 [Burst]"
                }
              ]
            },
            {
              "coindescs": [
                {
                  "desc": "[OnSucceedAttackHead] Infligge 1 [Burst]"
                }
              ]
            },
            {
              "coindescs": [
                {
                  "desc": "[OnSucceedAttack] Infligge 2 [Burst] per ogni 5 Conteggio di [Charge] consumato dall'Abilità (Max 6)"
                },
                {
                  "desc": "[OnSucceedAttack] Se l'Abilità ha consumato 15 Conteggio di [Charge] all'uso, infligge 2 [DimensionRift]"
                },
                {
                  "desc": "[EnemyKill] Ottiene 3 [ChargeForceField]"
                }
              ]
            }
          ]
        },
        {
          "level": 4,
          "name": "Dimensional Rift",
          "desc": "[WhenUse] A meno di 15 Conteggio di [Charge], consuma 10 Conteggio di [Charge] per ottenere +1 Potere Moneta\n[WhenUse] Consuma 15 Conteggio di [Charge] per ottenere +2 Potere Moneta\n[BeforeAttack] If 15 Conteggio di [Charge] has been consumati, infligge +3 Conteggio di [Burst]",
          "coinlist": [
            {
              "coindescs": [
                {
                  "desc": "[OnSucceedAttackHead] Infligge 1 [Burst]"
                }
              ]
            },
            {
              "coindescs": [
                {
                  "desc": "[OnSucceedAttackHead] Infligge 1 [Burst]"
                }
              ]
            },
            {
              "coindescs": [
                {
                  "desc": "[OnSucceedAttack] Infligge 3 [Burst] per ogni 5 Conteggio di [Charge] consumato dall'Abilità (Max 9)"
                },
                {
                  "desc": "[OnSucceedAttack] Se l'Abilità ha consumato 15 Conteggio di [Charge] all'uso, infligge 2 [DimensionRift]"
                },
                {
                  "desc": "[EnemyKill] Ottiene 5 [ChargeForceField]"
                }
              ]
            }
          ]
        }
      ]
    },
    {
      "id": 1010604,
      "levelList": [
        {
          "level": 1,
          "name": "Hollow Dimension",
          "desc": "Potere di Base +1 per ogni 5 Conteggio di [Charge] (Max 2)",
          "coinlist": [
            {}
          ]
        },
        {
          "level": 4,
          "name": "Hollow Dimension",
          "desc": "Potere di Base +1 per ogni 5 Conteggio di [Charge] (Max 2)\n[OnSucceedEvade] +1 Potenza quando applica [Burst] per la prima volta con l'effetto di un'Abilità il turno successivo (Max +3 per turn)",
          "coinlist": [
            {}
          ]
        }
      ]
    },
    {
      "id": 1010701,
      "levelList": [
        {
          "level": 1,
          "name": "Impale",
          "desc": "[WhenUse] Ottiene +2 Conteggio di [Breath]",
          "coinlist": [
            {},
            {
              "coindescs": [
                {
                  "desc": "[OnSucceedAttackHead] Infligge 2 [Laceration]"
                }
              ]
            }
          ]
        },
        {
          "level": 2,
          "name": "Impale",
          "desc": "[WhenUse] Ottiene +2 Conteggio di [Breath]",
          "coinlist": [
            {},
            {
              "coindescs": [
                {
                  "desc": "[OnSucceedAttackHead] Infligge 1 [Binding] il turno successivo"
                },
                {
                  "desc": "[OnSucceedAttack] Infligge 2 [Laceration]"
                }
              ]
            }
          ]
        },
        {
          "level": 4,
          "name": "Impale",
          "desc": "[WhenUse] Ottiene +2 Conteggio di [Breath]",
          "coinlist": [
            {},
            {
              "coindescs": [
                {
                  "desc": "[OnSucceedAttack] Infligge 1 [Binding] il turno successivo"
                },
                {
                  "desc": "[OnSucceedAttack] Infligge 2 [Laceration]"
                }
              ]
            }
          ]
        }
      ]
    },
    {
      "id": 1010702,
      "levelList": [
        {
          "level": 1,
          "name": "Relentless Stabbing",
          "desc": "[WhenUse] Ottiene +2 Conteggio di [Breath]\nA 5+ [Breath], Potere di Scontro +2",
          "coinlist": [
            {
              "coindescs": [
                {
                  "desc": "[OnSucceedAttackHead] Ottiene 2 [Breath]"
                }
              ]
            },
            {
              "coindescs": [
                {
                  "desc": "[OnSucceedAttack] Infligge 1 [Laceration]"
                }
              ]
            }
          ]
        },
        {
          "level": 2,
          "name": "Relentless Stabbing",
          "desc": "[WhenUse] Ottiene +2 Conteggio di [Breath]\nA 5+ [Breath], Potere di Scontro +2",
          "coinlist": [
            {
              "coindescs": [
                {
                  "desc": "[OnSucceedAttackHead] Ottiene 2 [Breath]"
                }
              ]
            },
            {
              "coindescs": [
                {
                  "desc": "[OnSucceedAttack] Infligge 1 [Laceration]"
                },
                {
                  "desc": "[CriticalOnSucceedAttack] Riusa questa Moneta (max 1 volta)"
                }
              ]
            }
          ]
        },
        {
          "level": 4,
          "name": "Relentless Stabbing",
          "desc": "[WhenUse] Ottiene +2 Conteggio di [Breath]\nA 5+ [Breath], Potere di Scontro +3",
          "coinlist": [
            {
              "coindescs": [
                {
                  "desc": "[OnSucceedAttack] Ottiene 2 [Breath]"
                }
              ]
            },
            {
              "coindescs": [
                {
                  "desc": "[OnSucceedAttack] Infligge 1 [Laceration]"
                },
                {
                  "desc": "[CriticalOnSucceedAttack] Riusa questa Moneta (max 3 volte)"
                }
              ]
            }
          ]
        }
      ]
    },
    {
      "id": 1010703,
      "levelList": [
        {
          "level": 3,
          "name": "Ambush",
          "desc": "[WhenUse] Ottiene 5 [Breath]",
          "coinlist": [
            {
              "coindescs": [
                {
                  "desc": "[OnSucceedAttackHead] Ottiene +2 Conteggio di [Breath]"
                }
              ]
            },
            {
              "coindescs": [
                {
                  "desc": "[OnSucceedAttack] Infligge 4 [Laceration]"
                },
                {
                  "desc": "[CriticalOnSucceedAttack] Infligge +4 Conteggio di [Laceration]"
                }
              ]
            }
          ]
        },
        {
          "level": 4,
          "name": "Ambush",
          "desc": "[WhenUse] Ottiene 5 [Breath]\nA 7+ [Breath], Potere Moneta +1",
          "coinlist": [
            {
              "coindescs": [
                {
                  "desc": "[OnSucceedAttack] Ottiene +2 Conteggio di [Breath]"
                }
              ]
            },
            {
              "coindescs": [
                {
                  "desc": "[OnSucceedAttack] Infligge 4 [Laceration]"
                },
                {
                  "desc": "[CriticalOnSucceedAttack] Infligge +6 Conteggio di [Laceration]"
                }
              ]
            }
          ]
        }
      ]
    },
    {
      "id": 1010704,
      "levelList": [
        {
          "level": 1,
          "name": "Evasione",
          "desc": "",
          "coinlist": [
            {
              "coindescs": [
                {
                  "desc": ""
                }
              ]
            }
          ]
        },
        {
          "level": 4,
          "name": "Evasione",
          "desc": "",
          "coinlist": [
            {
              "coindescs": [
                {
                  "desc": ""
                }
              ]
            }
          ]
        }
      ]
    },
    {
      "id": 1010801,
      "levelList": [
        {
          "level": 1,
          "name": "Expend Knowledge",
          "desc": "Ottiene ([KnowledgeExplored] x 2% dei PV Max) Scudo se [Discard] questa Abilità\n[WhenUse] [Discard] 1 Abilità del grado più alto in tutti gli Slot Abilità di quest'unità",
          "coinlist": [
            {
              "coindescs": [
                {
                  "desc": "[OnSucceedAttackHead] Abbassa la propria Soglia di Vacillamento pari a [KnowledgeExplored]"
                }
              ]
            },
            {
              "coindescs": [
                {
                  "desc": "[OnSucceedAttackHead] Abbassa la propria Soglia di Vacillamento pari a [KnowledgeExplored]"
                }
              ]
            }
          ]
        },
        {
          "level": 2,
          "name": "Expend Knowledge",
          "desc": "Ottiene ([KnowledgeExplored] x 3% dei PV Max) Scudo se [Discard] questa Abilità\n[WhenUse] [Discard] 1 Abilità del grado più alto in tutti gli Slot Abilità di quest'unità",
          "coinlist": [
            {
              "coindescs": [
                {
                  "desc": "[OnSucceedAttack] Abbassa la propria Soglia di Vacillamento pari a [KnowledgeExplored]"
                }
              ]
            },
            {
              "coindescs": [
                {
                  "desc": "[OnSucceedAttack] Abbassa la propria Soglia di Vacillamento pari a [KnowledgeExplored]"
                }
              ]
            }
          ]
        },
        {
          "level": 4,
          "name": "Expend Knowledge",
          "desc": "Ottiene ([KnowledgeExplored] x 3% dei PV Max) Scudo se [Discard] questa Abilità\n[WhenUse] [Discard] 1 Abilità del grado più alto in tutti gli Slot Abilità di quest'unità\n[WhenUse] Se il bersaglio ha 5+ [Sinking], Potere Moneta +1",
          "coinlist": [
            {
              "coindescs": [
                {
                  "desc": "[OnSucceedAttack] Abbassa la propria Soglia di Vacillamento pari a [KnowledgeExplored]"
                }
              ]
            },
            {
              "coindescs": [
                {
                  "desc": "[OnSucceedAttack] Abbassa la propria Soglia di Vacillamento pari a [KnowledgeExplored]"
                }
              ]
            }
          ]
        }
      ]
    },
    {
      "id": 1010802,
      "levelList": [
        {
          "level": 1,
          "name": "Seal Shut",
          "desc": "Ottiene ([KnowledgeExplored] x 4% dei PV Max) Scudo se [Discard] questa Abilità\n[WhenUse] [Discard] 1 Abilità del grado più alto in tutti gli Slot Abilità di quest'unità",
          "coinlist": [
            {},
            {
              "coindescs": [
                {
                  "desc": "[OnSucceedAttackHead] Infligge [Sinking] pari a [KnowledgeExplored]"
                }
              ]
            },
            {
              "coindescs": [
                {
                  "desc": "[OnSucceedAttackHead] Infligge [Sinking] pari a [KnowledgeExplored]"
                }
              ]
            }
          ]
        },
        {
          "level": 2,
          "name": "Seal Shut",
          "desc": "Ottiene ([KnowledgeExplored] x 5% dei PV Max) Scudo se [Discard] questa Abilità\n[WhenUse] [Discard] 1 Abilità del grado più alto in tutti gli Slot Abilità di quest'unità\n[WhenUse] Ottiene +3 [Aggro] su questo Slot Abilità il turno successivo",
          "coinlist": [
            {},
            {
              "coindescs": [
                {
                  "desc": "[OnSucceedAttackHead] Infligge [Sinking] pari a [KnowledgeExplored]"
                }
              ]
            },
            {
              "coindescs": [
                {
                  "desc": "[OnSucceedAttackHead] Infligge [Sinking] pari a [KnowledgeExplored]"
                }
              ]
            }
          ]
        },
        {
          "level": 4,
          "name": "Seal Shut",
          "desc": "Ottiene ([KnowledgeExplored] x 6% dei PV Max) Scudo se [Discard] questa Abilità\n[WhenUse] [Discard] 1 Abilità del grado più alto in tutti gli Slot Abilità di quest'unità\n[WhenUse] Se il bersaglio ha 5+ [Sinking], Potere Moneta +1\n[WhenUse] Ottiene +3 [Aggro] su questo Slot Abilità il turno successivo",
          "coinlist": [
            {},
            {
              "coindescs": [
                {
                  "desc": "[OnSucceedAttack] Infligge [Sinking] pari a [KnowledgeExplored]"
                }
              ]
            },
            {
              "coindescs": [
                {
                  "desc": "[OnSucceedAttack] Infligge [Sinking] pari a [KnowledgeExplored]"
                }
              ]
            }
          ]
        }
      ]
    },
    {
      "id": 1010803,
      "levelList": [
        {
          "level": 3,
          "name": "Grace of Knowledge",
          "desc": "Ottiene ([KnowledgeExplored] x 9% dei PV Max) Scudo se [Discard] questa Abilità\n[WhenUse] Ottiene +8 [Aggro] su questo Slot Abilità il turno successivo",
          "coinlist": [
            {},
            {},
            {},
            {
              "coindescs": [
                {
                  "desc": "[OnSucceedAttack] Infligge +2 Conteggio di [Sinking]"
                }
              ]
            }
          ]
        },
        {
          "level": 4,
          "name": "Grace of Knowledge",
          "desc": "Ottiene ([KnowledgeExplored] x 12% dei PV Max) Scudo se [Discard] questa Abilità\n[WhenUse] Ottiene +10 [Aggro] su questo Slot Abilità il turno successivo\n[WhenUse] A 50%- PV, Potere Moneta +1",
          "coinlist": [
            {},
            {},
            {},
            {
              "coindescs": [
                {
                  "desc": "[OnSucceedAttack] Infligge +3 Conteggio di [Sinking]"
                }
              ]
            }
          ]
        }
      ]
    },
    {
      "id": 1010804,
      "levelList": [
        {
          "level": 1,
          "name": "Fixated Study",
          "desc": "[WhenUse] [Discard] casualmente 2 delle Abilità di questa unità in ordine di grado ascendente in tutti i suoi Slot Abilità\n[WhenUse] Ottiene +3 [Aggro] su questo Slot Abilità il turno successivo",
          "coinlist": [
            {
              "coindescs": [
                {
                  "desc": ""
                }
              ]
            }
          ]
        },
        {
          "level": 4,
          "name": "Fixated Study",
          "desc": "[WhenUse] [Discard] casualmente 2 delle Abilità di questa unità in ordine di grado ascendente in tutti i suoi Slot Abilità\n[WhenUse] Ottiene +5 [Aggro] su questo Slot Abilità il turno successivo",
          "coinlist": [
            {
              "coindescs": [
                {
                  "desc": ""
                }
              ]
            }
          ]
        }
      ]
    },
    {
      "id": 1010901,
      "levelList": [
        {
          "level": 1,
          "name": "Paint Over",
          "desc": "",
          "coinlist": [
            {},
            {
              "coindescs": [
                {
                  "desc": "[OnSucceedAttackHead] Infligge +2 Conteggio per 1 degli effetti seguenti: [Combustion], [Laceration], [Vibration], [Burst], o [Sinking]. L'effetto viene scelto casualmente."
                }
              ]
            },
            {
              "coindescs": [
                {
                  "desc": "[OnSucceedAttackHead] Infligge 2 [Laceration]"
                }
              ]
            }
          ]
        },
        {
          "level": 2,
          "name": "Paint Over",
          "desc": "",
          "coinlist": [
            {},
            {
              "coindescs": [
                {
                  "desc": "[OnSucceedAttackHead] Infligge +2 Conteggio per 1 degli effetti seguenti: [Combustion], [Laceration], [Vibration], [Burst], o [Sinking]. L'effetto viene scelto casualmente."
                }
              ]
            },
            {
              "coindescs": [
                {
                  "desc": "[OnSucceedAttack] Infligge 2 [Laceration]"
                }
              ]
            }
          ]
        },
        {
          "level": 4,
          "name": "Paint Over",
          "desc": "Se il bersaglio ha 6+ [Laceration], Potere di Scontro +1",
          "coinlist": [
            {},
            {
              "coindescs": [
                {
                  "desc": "[OnSucceedAttackHead] Infligge +2 Conteggio per 1 degli effetti seguenti: [Combustion], [Laceration], [Vibration], [Burst], o [Sinking]. L'effetto viene scelto casualmente."
                }
              ]
            },
            {
              "coindescs": [
                {
                  "desc": "[OnSucceedAttack] Infligge 2 [Laceration]"
                }
              ]
            }
          ]
        }
      ]
    },
    {
      "id": 1010902,
      "levelList": [
        {
          "level": 1,
          "name": "Sanguine Pointillism",
          "desc": "",
          "coinlist": [
            {
              "coindescs": [
                {
                  "desc": "[OnSucceedAttack] 20% di probabilità di riusare questa Moneta una volta. Un'altro +20% di probabilità di riusare questa Moneta per ogni tipo di effetto negativo sul bersaglio"
                },
                {
                  "desc": "[OnSucceedAttack] Infligge +1 Conteggio di [Laceration]"
                },
                {
                  "desc": "[OnSucceedAttack] Infligge +2 Conteggio per 1 degli effetti seguenti: [Combustion], [Laceration], [Vibration], [Burst], o [Sinking]. L'effetto viene scelto casualmente."
                }
              ]
            }
          ]
        },
        {
          "level": 2,
          "name": "Sanguine Pointillism",
          "desc": "Se il bersaglio ha 6+ [Laceration], Potere di Scontro +1",
          "coinlist": [
            {
              "coindescs": [
                {
                  "desc": "[OnSucceedAttack] 20% di probabilità di riusare questa Moneta una volta. Un'altro +20% di probabilità di riusare questa Moneta per ogni tipo di effetto negativo sul bersaglio"
                },
                {
                  "desc": "[OnSucceedAttack] Infligge +1 Conteggio di [Laceration]"
                },
                {
                  "desc": "[OnSucceedAttack] Infligge +3 Conteggio per 1 degli effetti seguenti: [Combustion], [Laceration], [Vibration], [Burst], o [Sinking]. L'effetto viene scelto casualmente."
                }
              ]
            }
          ]
        },
        {
          "level": 4,
          "name": "Sanguine Pointillism",
          "desc": "Potere di Scontro +1 per ogni 3 [Laceration] sul bersaglio (max 2)\nPotere Moneta +1 per ogni 3 Conteggio di [Laceration] sul bersaglio (max 2)",
          "coinlist": [
            {
              "coindescs": [
                {
                  "desc": "[OnSucceedAttack] 40% di probabilità di riusare questa Moneta. Un'altro +20% di probabilità di riusare questa Moneta per ogni tipo di effetto negativo sul bersaglio (2 volte max per Abilità)"
                },
                {
                  "desc": "[OnSucceedAttack] Infligge +1 Conteggio di [Laceration]"
                },
                {
                  "desc": "[OnSucceedAttack] Infligge +3 Conteggio per 1 degli effetti seguenti: [Combustion], [Laceration], [Vibration], [Burst], o [Sinking]. L'effetto viene scelto casualmente."
                }
              ]
            }
          ]
        }
      ]
    },
    {
      "id": 1010903,
      "levelList": [
        {
          "level": 3,
          "name": "Hematic Coloring",
          "desc": "Se il bersaglio ha 6+ [Laceration], Potere di Scontro +1",
          "coinlist": [
            {},
            {
              "coindescs": [
                {
                  "desc": "[OnSucceedAttack] Infligge +1 Conteggio di [Laceration]. Se il bersaglio ha 4+ tipi di effetti negativi, infligge +2 Conteggio di [Laceration] in più"
                },
                {
                  "desc": "[OnSucceedAttack] Infligge +3 Conteggio per 1 degli effetti seguenti: [Combustion], [Laceration], [Vibration], [Burst], o [Sinking]. L'effetto viene scelto casualmente."
                }
              ]
            },
            {
              "coindescs": [
                {
                  "desc": "[OnSucceedAttack] Infligge 1 [Laceration]. Se il bersaglio ha 4+ tipi di effetti negativi, infligge 2 [Laceration] in più"
                },
                {
                  "desc": "[OnSucceedAttack] Infligge 2 Potenza per 1 degli effetti seguenti: [Combustion], [Laceration], [Vibration], [Burst], o [Sinking]. L'effetto viene scelto casualmente."
                }
              ]
            },
            {
              "coindescs": [
                {
                  "desc": "Infligge +15% danni per ogni tipo di effetto negativo sul bersaglio (max 75%)"
                },
                {
                  "desc": "[EndSkill] Se il bersaglio Vacilla o viene Sconfitto, infligge 2 Potenza per 1 degli effetti seguenti su 1 nemico con meno tipi di effetti negativi: [Combustion], [Laceration], [Vibration], [Burst], [Sinking]. L'effetto viene scelto casualmente."
                }
              ]
            }
          ]
        },
        {
          "level": 4,
          "name": "Hematic Coloring",
          "desc": "Potere di Scontro +1 per ogni 3 [Laceration] sul bersaglio (max 2)\nPotere Moneta +1 per ogni 3 Conteggio di [Laceration] sul bersaglio (max 2)",
          "coinlist": [
            {},
            {
              "coindescs": [
                {
                  "desc": "[OnSucceedAttack] Infligge +1 Conteggio di [Laceration]. Se il bersaglio ha 3+ tipi di effetti negativi, infligge +2 Conteggio di [Laceration] in più"
                },
                {
                  "desc": "[OnSucceedAttack] Infligge +3 Conteggio per 1 degli effetti seguenti: [Combustion], [Laceration], [Vibration], [Burst], o [Sinking]. L'effetto viene scelto casualmente."
                }
              ]
            },
            {
              "coindescs": [
                {
                  "desc": "[OnSucceedAttack] Infligge 1 [Laceration]. Se il bersaglio ha 3+ tipi di effetti negativi, infligge 2 [Laceration] in più"
                },
                {
                  "desc": "[OnSucceedAttack] Infligge 2 Potenza per 1 degli effetti seguenti: [Combustion], [Laceration], [Vibration], [Burst], o [Sinking]. L'effetto viene scelto casualmente."
                }
              ]
            },
            {
              "coindescs": [
                {
                  "desc": "Infligge +25% danni per ogni tipo di effetto negativo sul bersaglio (max 125%)"
                },
                {
                  "desc": "[EndSkill] Se il bersaglio Vacilla o viene Sconfitto, infligge 2 Potenza per 1 degli effetti seguenti su 2 nemici con meno tipi di effetti negativi: [Combustion], [Laceration], [Vibration], [Burst], [Sinking]. L'effetto viene scelto casualmente."
                }
              ]
            }
          ]
        }
      ]
    },
    {
      "id": 1010904,
      "levelList": [
        {
          "level": 1,
          "name": "Beat the Brush",
          "desc": "Se il bersaglio ha 6+ [Laceration], Potere di Base +5",
          "coinlist": [
            {
              "coindescs": [
                {
                  "desc": ""
                }
              ]
            }
          ]
        },
        {
          "level": 4,
          "name": "Beat the Brush",
          "desc": "Potere di Base +1 per ogni 1 [Laceration] sul bersaglio (Max 10)",
          "coinlist": [
            {
              "coindescs": [
                {
                  "desc": ""
                }
              ]
            }
          ]
        }
      ]
    },
    {
      "id": 1011001,
      "levelList": [
        {
          "level": 1,
          "name": "Celebration for the Departed",
          "desc": "",
          "coinlist": [
            {
              "coindescs": [
                {
                  "desc": "Consuma 1 di [BulletLament]"
                },
                {
                  "desc": "[OnSucceedAttack] Infligge [SinkingWhite] pari a [BulletLament] consumati"
                }
              ]
            },
            {
              "coindescs": [
                {
                  "desc": "Consuma 1 di [BulletLament]"
                },
                {
                  "desc": "[OnSucceedAttack] Infligge [SinkingWhite] pari a [BulletLament] consumati"
                }
              ]
            }
          ]
        },
        {
          "level": 2,
          "name": "Celebration for the Departed",
          "desc": "Se la somma del [Sinking] e [SinkingWhite] del bersaglio è 6 o più, Potere Moneta +1\n[WinDuel] Infligge +2 Conteggio di [Sinking]",
          "coinlist": [
            {
              "coindescs": [
                {
                  "desc": "Consuma 1 di [BulletLament]"
                },
                {
                  "desc": "[OnSucceedAttack] Infligge [SinkingWhite] pari a [BulletLament] consumati"
                }
              ]
            },
            {
              "coindescs": [
                {
                  "desc": "Consuma 1 di [BulletLament]"
                },
                {
                  "desc": "[OnSucceedAttack] Infligge [SinkingWhite] pari a [BulletLament] consumati"
                }
              ]
            }
          ]
        },
        {
          "level": 4,
          "name": "Celebration for the Departed",
          "desc": "<style=\"highlight\">A 10+ [BulletLament], Potere di Scontro +1</style>\nSe la somma del [Sinking] e [SinkingWhite] del bersaglio è 6 o più, Potere Moneta +1\n[WinDuel] Infligge +2 Conteggio di [Sinking]",
          "coinlist": [
            {
              "coindescs": [
                {
                  "desc": "Consuma 1 di [BulletLament]"
                },
                {
                  "desc": "[OnSucceedAttack] Infligge [SinkingWhite] pari a [BulletLament] consumati"
                }
              ]
            },
            {
              "coindescs": [
                {
                  "desc": "Consuma 1 di [BulletLament]"
                },
                {
                  "desc": "[OnSucceedAttack] Infligge [SinkingWhite] pari a [BulletLament] consumati"
                }
              ]
            }
          ]
        }
      ]
    },
    {
      "id": 1011002,
      "levelList": [
        {
          "level": 1,
          "name": "Solemn Lament for the Living",
          "desc": "",
          "coinlist": [
            {
              "coindescs": [
                {
                  "desc": "Consuma 5 dei [BulletLament]"
                },
                {
                  "desc": "[OnSucceedAttack] Infligge [SinkingWhite] pari a [BulletLament] consumati"
                }
              ]
            },
            {
              "coindescs": [
                {
                  "desc": "Consuma 1 di [BulletLament]"
                },
                {
                  "desc": "[OnSucceedAttack] Infligge [SinkingWhite] pari a [BulletLament] consumati"
                }
              ]
            }
          ]
        },
        {
          "level": 2,
          "name": "Solemn Lament for the Living",
          "desc": "Se la somma del [Sinking] e [SinkingWhite] del bersaglio è 6 o più, Potere Moneta +1\n[WinDuel] Infligge +1 Conteggio di [Sinking]\n[EndSkill] Ottiene (Rison. più alta) di [BulletLament] (max 6)\n- Se suddetta Rison. era una Rison.-A, ottiene (Rison. più alta x 2) di [BulletLament] (max 12)",
          "coinlist": [
            {
              "coindescs": [
                {
                  "desc": "Consuma 5 dei [BulletLament]"
                },
                {
                  "desc": "[OnSucceedAttack] Infligge [SinkingWhite] pari a [BulletLament] consumati"
                }
              ]
            },
            {
              "coindescs": [
                {
                  "desc": "Consuma 1 di [BulletLament]"
                },
                {
                  "desc": "[OnSucceedAttack] Infligge [SinkingWhite] pari a [BulletLament] consumati"
                }
              ]
            }
          ]
        },
        {
          "level": 4,
          "name": "Solemn Lament for the Living",
          "desc": "A 10+ [BulletLament], Potere di Scontro +1\n<style=\"highlight\">Potere Moneta +1 per ogni 6 value</style> della somma del [Sinking] e [SinkingWhite] del bersaglio <style=\"highlight\">(max 2)</style>\n[WinDuel] Infligge +1 Conteggio di [Sinking]\n[EndSkill] Ottiene (Rison. più alta) di [BulletLament] (max 6)\n- Se suddetta Rison. era una Rison.-A, ottiene (Rison. più alta x 2) di [BulletLament] (max 12)\n- Se suddetta Rison. era una Rison.-Aon., [ReloadLament] instead",
          "coinlist": [
            {
              "coindescs": [
                {
                  "desc": "Consuma 5 dei [BulletLament]"
                },
                {
                  "desc": "[OnSucceedAttack] Infligge [SinkingWhite] pari a [BulletLament] consumati"
                }
              ]
            },
            {
              "coindescs": [
                {
                  "desc": "Consuma 1 di [BulletLament]"
                },
                {
                  "desc": "[OnSucceedAttack] Infligge [SinkingWhite] pari a [BulletLament] consumati"
                }
              ]
            }
          ]
        }
      ]
    },
    {
      "id": 1011003,
      "levelList": [
        {
          "level": 3,
          "name": "Goodbye Now, A Sorrow In You",
          "desc": "Potere di Base +1 per ogni 10 di quantità di [BulletLament] (max 2)\n[WinDuel] Infligge +3 Conteggio di [Sinking]\n[EndSkill] [ReloadLament]",
          "coinlist": [
            {
              "coindescs": [
                {
                  "desc": "Consuma 1 di [BulletLament]"
                },
                {
                  "desc": "[OnSucceedAttack] Infligge [SinkingWhite] pari a [BulletLament] consumati"
                }
              ]
            },
            {
              "coindescs": [
                {
                  "desc": "Consuma 6 di [BulletLament]"
                },
                {
                  "desc": "[OnSucceedAttack] Infligge [SinkingWhite] pari a [BulletLament] consumati"
                }
              ]
            },
            {
              "coindescs": [
                {
                  "desc": "Consuma tutti i [BulletLament] su di se"
                },
                {
                  "desc": "[OnSucceedAttack] Infligge [SinkingWhite] pari a [BulletLament] consumati"
                },
                {
                  "desc": "[OnSucceedAttack] Infligge +2% danni per ogni quantità di [BulletLament] consumati da questa Abilità"
                }
              ]
            },
            {
              "coindescs": [
                {
                  "desc": "[OnSucceedAttack] Infligge danni da Tristezza pari a \"Tutte le\" [SinkingWhite] sul bersaglio\n- \"Tutte le\" = la somma di I Vivi e I Defunti sul bersaglio"
                }
              ]
            }
          ]
        },
        {
          "level": 4,
          "name": "Goodbye Now, A Sorrow In You",
          "desc": "Potere di Base +1 per ogni <style=\"highlight\">5</style> quantità di [BulletLament] <style=\"highlight\">(max 4)</style>\nPotere Moneta +1 per ogni 6 quantità della somma del [Sinking] e [SinkingWhite] del bersaglio (max 2)\n[WinDuel] Infligge +3 Conteggio di [Sinking]\n[EndSkill] [ReloadLament]",
          "coinlist": [
            {
              "coindescs": [
                {
                  "desc": "Consuma 1 di [BulletLament]"
                },
                {
                  "desc": "[OnSucceedAttack] Infligge [SinkingWhite] pari a [BulletLament] consumati"
                }
              ]
            },
            {
              "coindescs": [
                {
                  "desc": "Consuma 6 di [BulletLament]"
                },
                {
                  "desc": "[OnSucceedAttack] Infligge [SinkingWhite] pari a [BulletLament] consumati"
                }
              ]
            },
            {
              "coindescs": [
                {
                  "desc": "Consuma tutti i [BulletLament] su di se"
                },
                {
                  "desc": "[OnSucceedAttack] Infligge [SinkingWhite] pari a [BulletLament] consumati"
                },
                {
                  "desc": "[OnSucceedAttack] Infligge +4% danni per ogni quantità di [BulletLament] consumati da questa Abilità"
                }
              ]
            },
            {
              "coindescs": [
                {
                  "desc": "[OnSucceedAttack] Infligge danni da Tristezza pari a \"Tutte le\" [SinkingWhite] sul bersaglio\n- \"Tutte le\" = la somma di I Vivi e I Defunti sul bersaglio"
                }
              ]
            }
          ]
        }
      ]
    },
    {
      "id": 1011004,
      "levelList": [
        {
          "level": 1,
          "name": "FromTheCoffinAButterflyTakesFlight",
          "desc": "[StartBattle] [ReloadLament] (una volta per turno)",
          "coinlist": [
            {
              "coindescs": [
                {
                  "desc": ""
                }
              ]
            }
          ]
        },
        {
          "level": 4,
          "name": "FromTheCoffinAButterflyTakesFlight",
          "desc": "[StartBattle] [ReloadLament] (una volta per turno)\n[StartBattle] Ottiene Scudo pari a (il totale di [SinkingWhite] sul bersaglio scelto)% PV. (max 20% per turn)",
          "coinlist": [
            {
              "coindescs": [
                {
                  "desc": ""
                }
              ]
            }
          ]
        }
      ]
    },
    {
      "id": 1011101,
      "levelList": [
        {
          "level": 1,
          "name": "Though it must be prefaced that E.G.O gears are standardized equipment,",
          "desc": "[WhenUse] Ottiene +2 [Aggro] il turno successivo\n[WhenUse] Se il bersaglio ha 15+ [Burst] e 3+ Conteggio di [Burst]: quest'Abilità non infligge [Burst] con i suoi effetti",
          "coinlist": [
            {
              "coindescs": [
                {
                  "desc": "[SuperCoin]"
                },
                {
                  "desc": "[OnSucceedAttack] Infligge 1 [Burst]"
                }
              ]
            },
            {
              "coindescs": [
                {
                  "desc": "[SuperCoin]"
                },
                {
                  "desc": "[OnSucceedAttack] Infligge 1 [Burst]"
                }
              ]
            }
          ]
        },
        {
          "level": 2,
          "name": "Though it must be prefaced that E.G.O gears are standardized equipment,",
          "desc": "[StartBattle] A Scontro Perso, ottiene Potere Finale pari al numero di Abilità che bersagliano questa unità (max 2)\n[WhenUse] Ottiene +3 [Aggro] il turno successivo\n[WhenUse] Se il bersaglio ha 15+ [Burst] e 3+ Conteggio di [Burst]: quest'Abilità non infligge [Burst] con i suoi effetti\n[DefeatDuel] [Burst] Potenza inflitta da questa Abilità +1",
          "coinlist": [
            {
              "coindescs": [
                {
                  "desc": "[SuperCoin]"
                },
                {
                  "desc": "[OnSucceedAttack] Infligge 1 [Burst]"
                }
              ]
            },
            {
              "coindescs": [
                {
                  "desc": "[SuperCoin]"
                },
                {
                  "desc": "[OnSucceedAttack] Infligge 1 [Burst]"
                }
              ]
            }
          ]
        },
        {
          "level": 4,
          "name": "Though it must be prefaced that E.G.O gears are standardized equipment,",
          "desc": "[StartBattle] A Scontro Perso, ottiene Potere Finale pari al numero di Abilità che bersagliano questa unità (max 3)\n[WhenUse] Ottiene +3 [Aggro] il turno successivo\n[WhenUse] Se il bersaglio ha 15+ [Burst] e 3+ Conteggio di [Burst]: quest'Abilità non infligge [Burst] con i suoi effetti\n[DefeatDuel] [Burst] Potenza inflitta da questa Abilità +2",
          "coinlist": [
            {
              "coindescs": [
                {
                  "desc": "[SuperCoin]"
                },
                {
                  "desc": "[OnSucceedAttack] Infligge 1 [Burst]"
                }
              ]
            },
            {
              "coindescs": [
                {
                  "desc": "[SuperCoin]"
                },
                {
                  "desc": "[OnSucceedAttack] Infligge 1 [Burst]"
                }
              ]
            }
          ]
        }
      ]
    },
    {
      "id": 1011102,
      "levelList": [
        {
          "level": 1,
          "name": "when juxtaposed with E.G.O gear from L Corp., depending on the degree of attunement to the Abnormality,",
          "desc": "[WhenUse] Ottiene +2 [Aggro] il turno successivo\n[WhenUse] Se il bersaglio ha 15+ [Burst] e 3+ Conteggio di [Burst]: quest'Abilità non infligge Conteggio di [Burst] con i suoi effetti",
          "coinlist": [
            {
              "coindescs": [
                {
                  "desc": "[SuperCoin]"
                },
                {
                  "desc": "[OnSucceedAttack] Infligge +1 Conteggio di [Burst]"
                }
              ]
            }
          ]
        },
        {
          "level": 2,
          "name": "when juxtaposed with E.G.O gear from L Corp., depending on the degree of attunement to the Abnormality,",
          "desc": "[StartBattle] A Scontro Perso, ottiene Potere Finale pari al numero di Abilità che bersagliano questa unità (max 3)\n[WhenUse] Ottiene +3 [Aggro] il turno successivo\n[WhenUse] Se il bersaglio ha 15+ [Burst] e 3+ Conteggio di [Burst]: quest'Abilità non infligge Conteggio di [Burst] con i suoi effetti\n[DefeatDuel] Conteggio di [Burst] inflitto da questa Abilità +1",
          "coinlist": [
            {
              "coindescs": [
                {
                  "desc": "[SuperCoin]"
                },
                {
                  "desc": "[OnSucceedAttack] Infligge +2 Conteggio di [Burst]"
                }
              ]
            }
          ]
        },
        {
          "level": 4,
          "name": "when juxtaposed with E.G.O gear from L Corp., depending on the degree of attunement to the Abnormality,",
          "desc": "[StartBattle] <style=\"highlight\">A Scontro Perso, ottiene (# of Skills targeting this unit x 2) Potere Finale (max 6)</style>\n[WhenUse] Ottiene +4 [Aggro] il turno successivo\n[WhenUse] Se il bersaglio ha 15+ [Burst] e 3+ Conteggio di [Burst]: quest'Abilità non infligge Conteggio di [Burst] con i suoi effetti\n[DefeatDuel] Conteggio di [Burst] inflitto da questa Abilità +2",
          "coinlist": [
            {
              "coindescs": [
                {
                  "desc": "[SuperCoin]"
                },
                {
                  "desc": "[OnSucceedAttack] Infligge +2 Conteggio di [Burst]"
                }
              ]
            }
          ]
        }
      ]
    },
    {
      "id": 1011103,
      "levelList": [
        {
          "level": 3,
          "name": "the idiosyncrasies of the source may be utilized with greater flexibility",
          "desc": "Infligge +0.5% danni per ogni 1% dei propri PV mancanti\n[StartBattle] Potere di Base +1 per ogni Abilità che bersaglia questa unità (max 2)\n[WhenUse] Ottiene 2 [GlowingLantern] (una volta per turno)\n[WhenUse] Ottiene +6 [Aggro] il turno successivo\n[WhenUse] Se il bersaglio ha 15+ [Burst] e 3+ Conteggio di [Burst], quest'Abilità non infligge [Burst] Potenza o Conteggio con i suoi effetti; invece, ottiene Potere di Base +1\n[EndSkill] Si cura di 30 PS",
          "coinlist": [
            {
              "coindescs": [
                {
                  "desc": "[OnSucceedAttack] Infligge +2 Conteggio di [Burst]"
                },
                {
                  "desc": "[OnSucceedAttack] Infligge 1 [Binding] il turno successivo"
                }
              ]
            },
            {
              "coindescs": [
                {
                  "desc": "[OnSucceedAttack] Infligge 1 [Burst]"
                }
              ]
            },
            {
              "coindescs": [
                {
                  "desc": "[OnSucceedAttack] Infligge 1 [Burst]"
                }
              ]
            }
          ]
        },
        {
          "level": 4,
          "name": "the idiosyncrasies of the source may be utilized with greater flexibility",
          "desc": "Infligge +0.8% danni per ogni 1% dei propri PV mancanti\n[StartBattle] Potere di Base +1 per ogni Abilità che bersaglia questa unità (max 3)\n[WhenUse] Ottiene 3 [GlowingLantern] (una volta per turno)\n[WhenUse] Ottiene +8 [Aggro] il turno successivo\n[WhenUse] Se il bersaglio ha 15+ [Burst] e 3+ Conteggio di [Burst], quest'Abilità non infligge [Burst] Potenza o Conteggio con i suoi effetti; invece, ottiene Potere di Base +1\n[EndSkill] Si cura di 30 PS",
          "coinlist": [
            {
              "coindescs": [
                {
                  "desc": "[OnSucceedAttack] Infligge +3 Conteggio di [Burst]"
                },
                {
                  "desc": "[OnSucceedAttack] Infligge 2 [Binding] il turno successivo"
                }
              ]
            },
            {
              "coindescs": [
                {
                  "desc": "[OnSucceedAttack] Infligge 1 [Burst]"
                }
              ]
            },
            {
              "coindescs": [
                {
                  "desc": "[OnSucceedAttack] Infligge 1 [Burst]"
                }
              ]
            }
          ]
        }
      ]
    },
    {
      "id": 1011104,
      "levelList": [
        {
          "level": 1,
          "name": "Yet, the degree to which that attunement e synchronization are achieved may resultantly allow the user to be devoured",
          "desc": "[StartBattle] Ottiene 2 [GlowingLantern] (una volta per turno)\n[WhenUse] Ottiene +6 [Aggro] il turno successivo\n[WhenUse] Se il bersaglio ha 15+ [Burst] e 3+ Conteggio di [Burst], quest'Abilità non infligge Conteggio di [Burst] con i suoi effetti; invece, ottiene Potere di Base +3",
          "coinlist": [
            {
              "coindescs": [
                {
                  "desc": "[OnSucceedAttack] Infligge +2 Conteggio di [Burst]"
                }
              ]
            }
          ]
        },
        {
          "level": 4,
          "name": "Yet, the degree to which that attunement e synchronization are achieved may resultantly allow the user to be devoured",
          "desc": "[StartBattle] Ottiene 3 [GlowingLantern] (una volta per turno)\n[WhenUse] Ottiene +8 [Aggro] il turno successivo\n[WhenUse] Se il bersaglio ha 15+ [Burst] e 3+ Conteggio di [Burst], quest'Abilità non infligge Conteggio di [Burst] con i suoi effetti; invece, ottiene Potere di Base +3",
          "coinlist": [
            {
              "coindescs": [
                {
                  "desc": "[OnSucceedAttack] Infligge +2 Conteggio di [Burst]"
                }
              ]
            }
          ]
        }
      ]
    },
    {
      "id": 1011201,
      "levelList": [
        {
          "level": 1,
          "name": "Flame Hew",
          "desc": "Se il bersaglio ha 6+ [Combustion], Potere Moneta +1",
          "coinlist": [
            {
              "coindescs": [
                {
                  "desc": "[OnSucceedAttackHead] Infligge 1 [Combustion]"
                }
              ]
            },
            {
              "coindescs": [
                {
                  "desc": "[OnSucceedAttackHead] Infligge 1 [Combustion]"
                }
              ]
            }
          ]
        },
        {
          "level": 2,
          "name": "Flame Hew",
          "desc": "Se il bersaglio ha <style=\"highlight\">3</style>+ [Combustion], Potere Moneta +1",
          "coinlist": [
            {
              "coindescs": [
                {
                  "desc": "[OnSucceedAttack] Infligge 1 [Combustion]"
                }
              ]
            },
            {
              "coindescs": [
                {
                  "desc": "[OnSucceedAttack] Infligge 1 [Combustion]"
                }
              ]
            }
          ]
        },
        {
          "level": 4,
          "name": "Flame Hew",
          "desc": "<style=\"highlight\">Potere Moneta +1 per ogni 3 [Combustion] sul bersaglio (max 2)</style>\n<style=\"highlight\">Infligge +10% danni per ogni 10 [Combustion] sul bersaglio (max 30%)</style>",
          "coinlist": [
            {
              "coindescs": [
                {
                  "desc": "[OnSucceedAttack] Infligge 1 [Combustion]"
                },
                {
                  "desc": "[OnSucceedAttackHead] Infligge 1 [Combustion]"
                }
              ]
            },
            {
              "coindescs": [
                {
                  "desc": "[OnSucceedAttack] Infligge 1 [Combustion]"
                },
                {
                  "desc": "[OnSucceedAttackHead] Infligge 1 [Combustion]"
                }
              ]
            }
          ]
        }
      ]
    },
    {
      "id": 1011202,
      "levelList": [
        {
          "level": 1,
          "name": "Frontal Assault",
          "desc": "Se il bersaglio ha 6+ [Combustion], Potere Moneta +1",
          "coinlist": [
            {
              "coindescs": [
                {
                  "desc": "[OnSucceedAttack] Infligge 2 [Combustion]"
                }
              ]
            },
            {
              "coindescs": [
                {
                  "desc": "[OnSucceedAttack] Infligge 2 [Combustion]"
                }
              ]
            },
            {
              "coindescs": [
                {
                  "desc": "[OnSucceedAttack] Se il bersaglio ha 6+ [Combustion], infligge +2 Conteggio di [Combustion] sul bersaglio"
                }
              ]
            }
          ]
        },
        {
          "level": 2,
          "name": "Frontal Assault",
          "desc": "Potere Moneta +1 per ogni 6 [Combustion] sul bersaglio (max 2)",
          "coinlist": [
            {
              "coindescs": [
                {
                  "desc": "[OnSucceedAttack] Infligge 2 [Combustion]"
                }
              ]
            },
            {
              "coindescs": [
                {
                  "desc": "[OnSucceedAttack] Infligge 2 [Combustion]"
                }
              ]
            },
            {
              "coindescs": [
                {
                  "desc": "Infligge +2.5% danni per ogni [Combustion] sul bersaglio (max 30%)"
                },
                {
                  "desc": "[OnSucceedAttack] Se il bersaglio ha 6+ [Combustion], infligge +2 Conteggio di [Combustion] sul bersaglio<style=\"highlight\"></style>"
                }
              ]
            }
          ]
        },
        {
          "level": 4,
          "name": "Frontal Assault",
          "desc": "Potere Moneta +1 per ogni 6 [Combustion] sul bersaglio (max 2)",
          "coinlist": [
            {
              "coindescs": [
                {
                  "desc": "[OnSucceedAttack] Infligge 2 [Combustion]"
                }
              ]
            },
            {
              "coindescs": [
                {
                  "desc": "[OnSucceedAttack] Infligge 2 [Combustion]"
                }
              ]
            },
            {
              "coindescs": [
                {
                  "desc": "Infligge +<style=\"highlight\">5</style>% danni per ogni [Combustion] sul bersaglio (max <style=\"highlight\">60</style>%)"
                },
                {
                  "desc": "[OnSucceedAttack] Se il bersaglio ha 6+ [Combustion], infligge +2 Conteggio di [Combustion] sul bersaglio<style=\"highlight\"></style>"
                }
              ]
            }
          ]
        }
      ]
    },
    {
      "id": 1011203,
      "levelList": [
        {
          "level": 3,
          "name": "Flow of the Sword",
          "desc": "Se il bersaglio ha 6+ [Combustion], Potere Moneta +1\nInfligge +10% danni per ogni 6 [Combustion] sul bersaglio (max 30%)\n[EndSkill] Cura di 10 PS 1 altro alleato con meno PS\n- Se questo attacco uccide il bersaglio, o se il bersaglio aveva 10+ [Combustion], cura 1 altro alleato",
          "coinlist": [
            {
              "coindescs": [
                {
                  "desc": "[OnSucceedAttack] Infligge 1 [Combustion]"
                }
              ]
            },
            {
              "coindescs": [
                {
                  "desc": "[OnSucceedAttack] Infligge 1 [Combustion]"
                }
              ]
            },
            {
              "coindescs": [
                {
                  "desc": "[OnSucceedAttack] Infligge 2 [Combustion]"
                }
              ]
            },
            {
              "coindescs": [
                {
                  "desc": "Infligge +2% danni per ogni [Combustion] sul bersaglio (max 60%)"
                },
                {
                  "desc": "[OnSucceedAttack] Infligge danni di Affinità a Ira pari alla Potenza di [Combustion] sul bersaglio. (max 30) Riduce il Conteggio di [Combustion] del bersaglio di 2"
                }
              ]
            }
          ]
        },
        {
          "level": 4,
          "name": "Flow of the Sword",
          "desc": "<style=\"highlight\">Potere Moneta +1 per ogni 6 [Combustion] sul bersaglio (max 2)</style>\nInfligge +10% danni per ogni 6 [Combustion] sul bersaglio (max 30%)\n[EndSkill] Cura di <style=\"highlight\">15</style> PS 1 altro alleato con meno PS\n- Se questo attacco uccide il bersaglio, o se il bersaglio aveva 10+ [Combustion], cura 1 altro alleato",
          "coinlist": [
            {
              "coindescs": [
                {
                  "desc": "[OnSucceedAttack] Infligge 1 [Combustion]"
                }
              ]
            },
            {
              "coindescs": [
                {
                  "desc": "[OnSucceedAttack] Infligge 1 [Combustion]"
                }
              ]
            },
            {
              "coindescs": [
                {
                  "desc": "[OnSucceedAttack] Infligge 2 [Combustion]"
                }
              ]
            },
            {
              "coindescs": [
                {
                  "desc": "Infligge +2% danni per ogni [Combustion] sul bersaglio (max 60%)"
                },
                {
                  "desc": "[OnSucceedAttack] Infligge danni di Affinità a Ira pari alla Potenza di [Combustion] sul bersaglio. (max 30) Riduce il Conteggio di [Combustion] del bersaglio di 2"
                }
              ]
            }
          ]
        }
      ]
    },
    {
      "id": 1011204,
      "levelList": [
        {
          "level": 1,
          "name": "Flame Counter",
          "desc": "[BeforeHit] Ottiene Scudo pari a [Combustion] sul bersaglio (max 10, una volta per turno)",
          "coinlist": [
            {
              "coindescs": [
                {
                  "desc": "[OnSucceedAttackHead] Infligge 1 [Combustion]\n- Se questa unità ha Scudo, infligge 1 [Combustion] in più"
                }
              ]
            },
            {
              "coindescs": [
                {
                  "desc": "[OnSucceedAttackHead] Infligge 1 [Combustion]\n- Se questa unità ha Scudo, infligge 1 [Combustion] in più"
                }
              ]
            }
          ]
        },
        {
          "level": 4,
          "name": "Flame Counter",
          "desc": "[BeforeHit] Ottiene Scudo pari a [Combustion] sul bersaglio (max 15, una volta per turno)\n[WhenUse] Se il bersaglio ha 10+ [Combustion], infligge +10% danni",
          "coinlist": [
            {
              "coindescs": [
                {
                  "desc": "[OnSucceedAttackHead] Infligge 1 [Combustion]\n- Se questa unità ha Scudo, infligge 1 [Combustion] in più"
                }
              ]
            },
            {
              "coindescs": [
                {
                  "desc": "[OnSucceedAttackHead] Infligge 1 [Combustion]\n- Se questa unità ha Scudo, infligge 1 [Combustion] in più"
                }
              ]
            }
          ]
        }
      ]
    }
  ]
}