{
  "dataList": [
    {
      "id": 857801,
      "levelList": [
        {
          "level": 1,
          "name": "Gossypium Planting",
          "desc": "[WhenUse] Inflict 3 [MRcAfBa]",
          "coinlist": [
            {
              "coindescs": [
                {
                  "desc": "[OnSucceedAttack] Inflict 3 [Laceration] and +1 [Laceration] Count"
                }
              ]
            }
          ]
        }
      ]
    },
    {
      "id": 857802,
      "levelList": [
        {
          "level": 1,
          "name": "Wound Planting",
          "desc": "",
          "coinlist": [
            {
              "coindescs": [
                {
                  "desc": "[OnSucceedAttack] Inflict +2 [Laceration] Count"
                },
                {
                  "desc": "[OnSucceedAttackHead] Inflict 4 [Laceration]"
                }
              ]
            }
          ]
        }
      ]
    },
    {
      "id": 857803,
      "levelList": [
        {
          "level": 1,
          "name": "Draining Roots",
          "desc": "[CantDuel]\nAmong targets with [MRcAfBa], attack the unit with the slowest Speed;\nDeal ([MRcAfBa] x 10)% damage",
          "coinlist": [
            {
              "coindescs": [
                {
                  "desc": "[OnSucceedAttack] Heal by ([MRcAfBa] x 5)% of damage dealt"
                }
              ]
            },
            {
              "coindescs": [
                {
                  "desc": "[OnSucceedAttack] Heal by ([MRcAfBa] x 5)% of damage dealt"
                }
              ]
            }
          ]
        }
      ]
    },
    {
      "id": 857804,
      "levelList": [
        {
          "level": 1,
          "name": "Flourishing Gossypium",
          "desc": "Attacks the target with the most [Laceration]\n[WhenUse] If the main target is the target with the most [Laceration], Base Power +5, inflict x2 the effects",
          "coinlist": [
            {
              "coindescs": [
                {
                  "desc": "[OnSucceedAttack] Inflict 2 [Binding] and 2 [ScarletTakeDamageUp] next turn"
                }
              ]
            },
            {
              "coindescs": [
                {
                  "desc": "[OnSucceedAttack] Inflict 8 [Laceration] and +4 [Laceration] Count"
                }
              ]
            }
          ]
        }
      ]
    },
    {
      "id": 857805,
      "levelList": [
        {
          "level": 1,
          "name": "Scattering Gossypium",
          "desc": "Among targets with [MRcAfBa], attack the unit with the least HP\n[WhenUse] If the main target is the target with the most [Laceration], Base Power +5\n[EndBattle] [MRcAfBb] state expires next turn.",
          "coinlist": [
            {
              "coindescs": [
                {
                  "desc": "[OnSucceedAttack] Inflict 4 [Laceration] and +2 [Laceration] Count"
                }
              ]
            },
            {
              "coindescs": [
                {
                  "desc": "[OnSucceedAttack] Inflict 4 [Laceration] and +2 [Laceration] Count"
                }
              ]
            }
          ]
        }
      ]
    },
    {
      "id": 857806,
      "levelList": [
        {
          "level": 1,
          "name": "Scattering Wind",
          "desc": "[OnSucceedEvade] Inflict 3 [Laceration] and +1 [Laceration] Count",
          "coinlist": [
            {
              "coindescs": [
                {
                  "desc": ""
                }
              ]
            }
          ]
        }
      ]
    },
    {
      "id": 857807,
      "levelList": [
        {
          "level": 1,
          "name": "Encroaching Gossypium",
          "desc": "[CantDuel]\nPrioritizes the unit with the lowest Speed\nDamage dealt by this Attack Skill is fixed to 0.\n[StartBattle] Enter [MRcAfBb] state next turn.",
          "coinlist": [
            {},
            {
              "coindescs": [
                {
                  "desc": "[OnSucceedAttack] Inflict 3 [MRcAfBa]"
                }
              ]
            }
          ]
        }
      ]
    },
    {
      "id": 857808,
      "levelList": [
        {
          "level": 1,
          "name": "Scattering Red-stained Gossypium",
          "desc": "Prioritizes the target with the most [Laceration]\n[WhenUse] If the main target is the target with the most [Laceration], Base Power +10\nIf the target has 10+ [Laceration], deal +50% damage",
          "coinlist": [
            {
              "coindescs": [
                {
                  "desc": "[OnSucceedAttack] Inflict 5 [Laceration] and +4 [Laceration] Count"
                },
                {
                  "desc": "[OnSucceedAttack] Heal HP equal to [Laceration] on target"
                }
              ]
            },
            {
              "coindescs": [
                {
                  "desc": "[OnSucceedAttack] Inflict 5 [Laceration] and +4 [Laceration] Count"
                },
                {
                  "desc": "[OnSucceedAttack] Heal HP equal to [Laceration] on target"
                }
              ]
            }
          ]
        }
      ]
    },
    {
      "id": 857701,
      "levelList": [
        {
          "level": 1,
          "name": "Flame Strike",
          "desc": "[WhenUse] Gain 1 [MRcAiBa]",
          "coinlist": [
            {
              "coindescs": [
                {
                  "desc": "[OnSucceedAttack] Inflict 3 [Combustion] and +2 [Combustion] Count"
                }
              ]
            }
          ]
        }
      ]
    },
    {
      "id": 857702,
      "levelList": [
        {
          "level": 1,
          "name": "Ardor Blossom Pinions",
          "desc": "[WhenUse] Gain 1 [MRcAiBa]",
          "coinlist": [
            {
              "coindescs": [
                {
                  "desc": "[OnSucceedAttack] Inflict 2 [CrimsonResistDown] next turn"
                }
              ]
            }
          ]
        }
      ]
    },
    {
      "id": 857703,
      "levelList": [
        {
          "level": 1,
          "name": "Spark",
          "desc": "[WinDuel] Inflict [Combustion] equal to [Combustion] on target.\n[WhenUse] Inflict +2 [Combustion] Count.",
          "coinlist": [
            {
              "coindescs": [
                {
                  "desc": "[OnSucceedAttack] If the target has 3+ [MRcAiBb], inflict +2 [Combustion] Count, 10 [Combustion], and 2 [MRcAiBc]."
                }
              ]
            },
            {
              "coindescs": [
                {
                  "desc": "[OnSucceedAttack] Inflict 6 [Combustion] and +4 [Combustion] Count"
                },
                {
                  "desc": "[OnSucceedAttack] Inflict 2 [CrimsonResistDown] next turn"
                }
              ]
            }
          ]
        }
      ]
    },
    {
      "id": 857704,
      "levelList": [
        {
          "level": 1,
          "name": "Dust Explosion",
          "desc": "[WhenUse] If target has 7+ [Combustion], this Skill gains Clash Power +2",
          "coinlist": [
            {
              "coindescs": [
                {
                  "desc": "[OnSucceedAttack] Inflict [Combustion] Count equal to the number of Wrath Affinity Skills that the Ardor Blossom Moth will use this turn"
                },
                {
                  "desc": "[OnSucceedAttackHead] Against the enemy with the lowest Speed, inflict [Combustion] Count equal to the number of Wrath Affinity Skills that the Ardor Blossom Moth will use this turn"
                }
              ]
            },
            {
              "coindescs": [
                {
                  "desc": "[OnSucceedAttack] Inflict [Combustion] equal to the number of Wrath Affinity Skills that the Ardor Blossom Moth will use this turn"
                },
                {
                  "desc": "[OnSucceedAttackHead] Against the enemy with the lowest Speed, inflict [Combustion] equal to the number of Wrath Affinity Skills that the Ardor Blossom Moth will use this turn"
                }
              ]
            }
          ]
        }
      ]
    },
    {
      "id": 857705,
      "levelList": [
        {
          "level": 1,
          "name": "Ardor Blossom Star",
          "desc": "Gain Clash Power equal to (# of Wrath Affinity Skills that the Ardor Blossom Moth will use this turn x2)\n[WhenUse] Inflict (# of Wrath Affinity Skills that the Ardor Blossom Moth will use this turn x2) [Combustion] to all enemies",
          "coinlist": [
            {
              "coindescs": [
                {
                  "desc": "[OnSucceedAttack] Inflict [Combustion] equal to the number of Wrath Affinity Skills that the Ardor Blossom Moth will use this turn"
                },
                {
                  "desc": "[OnSucceedAttackHead] Against the enemy with the lowest Speed, Inflict [Combustion] and [Combustion] Count equal to the number of Wrath Affinity Skills that the Ardor Blossom Moth will use this turn"
                }
              ]
            },
            {
              "coindescs": [
                {
                  "desc": "[OnSucceedAttack] Inflict [Combustion] equal to the number of Wrath Affinity Skills that the Ardor Blossom Moth will use this turn"
                },
                {
                  "desc": "[OnSucceedAttackHead] Against the enemy with the lowest Speed, Inflict [Combustion] and [Combustion] Count equal to the number of Wrath Affinity Skills that the Ardor Blossom Moth will use this turn"
                }
              ]
            },
            {
              "coindescs": [
                {
                  "desc": "[OnSucceedAttack] Raise Stagger Threshold by 10% of damage dealt"
                },
                {
                  "desc": "[EndSkill] Inflict 10 [Combustion] against targets that have been Staggered by this Attack."
                }
              ]
            }
          ]
        }
      ]
    },
    {
      "id": 857706,
      "levelList": [
        {
          "level": 1,
          "name": "Evade",
          "desc": "[WhenUseEvade] Inflict 4 [Combustion].\n[OnSucceedEvade] Gain 1 [MRcAiBa] next turn.",
          "coinlist": [
            {
              "coindescs": [
                {
                  "desc": ""
                }
              ]
            }
          ]
        }
      ]
    },
    {
      "id": 857712,
      "levelList": [
        {
          "level": 1,
          "name": "Stoke the Flames",
          "desc": "[CantDuel]\n[CantChangeTarget]\nDamage dealt by this Attack Skill is fixed to 0.",
          "coinlist": [
            {},
            {},
            {
              "coindescs": [
                {
                  "desc": "[OnSucceedAttack] Inflict 2 [MRcAiBb] next turn"
                }
              ]
            }
          ]
        }
      ]
    },
    {
      "id": 858501,
      "levelList": [
        {
          "level": 1,
          "name": "It Shall Penetrate",
          "desc": "",
          "coinlist": [
            {
              "coindescs": [
                {
                  "desc": "[OnSucceedAttack] Inflict 4 [Laceration]"
                },
                {
                  "desc": "[OnSucceedAttackHead] Inflict +2 [Laceration] Count"
                }
              ]
            }
          ]
        }
      ]
    },
    {
      "id": 858502,
      "levelList": [
        {
          "level": 1,
          "name": "It Shall Be Insidious",
          "desc": "[WinDuel] Double the [Vulnerable] and [Binding] inflicted by Coin effects.",
          "coinlist": [
            {
              "coindescs": [
                {
                  "desc": "[OnSucceedAttack] Inflict 4 [Laceration] and +2 [Laceration] Count"
                },
                {
                  "desc": "[OnSucceedAttackHead] Inflict 1 [Vulnerable] next turn"
                },
                {
                  "desc": "[OnSucceedAttackHead] Inflict 1 [Binding] next turn"
                }
              ]
            },
            {
              "coindescs": [
                {
                  "desc": "[OnSucceedAttack] Inflict 4 [Laceration]"
                },
                {
                  "desc": "[OnSucceedAttack] Inflict +2 [Laceration] Count"
                }
              ]
            }
          ]
        }
      ]
    },
    {
      "id": 858503,
      "levelList": [
        {
          "level": 1,
          "name": "It Shall Grip",
          "desc": "",
          "coinlist": [
            {
              "coindescs": [
                {
                  "desc": "[OnSucceedAttack] Inflict 2 [AttackDown] next turn"
                },
                {
                  "desc": "[OnSucceedAttackHead] Inflict 3 [DefenseDown] next turn"
                }
              ]
            },
            {
              "coindescs": [
                {
                  "desc": "[OnSucceedAttack] Inflict 1 [AttackDmgDown] next turn"
                },
                {
                  "desc": "[OnSucceedAttackHead] Gain 1 [AttackDmgUp] next turn"
                }
              ]
            }
          ]
        }
      ]
    },
    {
      "id": 858504,
      "levelList": [
        {
          "level": 1,
          "name": "It Shall Constrict",
          "desc": "",
          "coinlist": [
            {
              "coindescs": [
                {
                  "desc": "[OnSucceedAttack] Inflict 3 [MRcAmBb]"
                },
                {
                  "desc": "[OnSucceedAttack] Gain 1 [AttackDmgUp] next turn"
                }
              ]
            },
            {
              "coindescs": [
                {
                  "desc": "[OnSucceedAttack] Inflict 3 [MRcAmBb]"
                },
                {
                  "desc": "[OnSucceedAttack] Gain 1 [AttackDmgUp] next turn"
                }
              ]
            }
          ]
        }
      ]
    },
    {
      "id": 858505,
      "levelList": [
        {
          "level": 1,
          "name": "It Shall Shun",
          "desc": "If there is a surviving 'Grasp' unit, Final Power +5",
          "coinlist": [
            {
              "coindescs": [
                {
                  "desc": "[OnSucceedAttack] Inflict 8 [Laceration] and +3 [Laceration] Count"
                }
              ]
            },
            {
              "coindescs": [
                {
                  "desc": "[OnSucceedAttack] Deal 10 SP damage"
                },
                {
                  "desc": "[OnSucceedAttackHead] Raise Stagger Threshold by 20"
                }
              ]
            }
          ]
        }
      ]
    },
    {
      "id": 858506,
      "levelList": [
        {
          "level": 1,
          "name": "And it Shall Contempt All",
          "desc": "If there is a surviving 'Grasp' unit, Final Power +5\n[EndBattle] Remove [MRcAmBc] from all enemies",
          "coinlist": [
            {
              "coindescs": [
                {
                  "desc": "[OnSucceedAttack] Inflict 10 [Laceration] and +2 [Laceration] Count"
                }
              ]
            },
            {
              "coindescs": [
                {
                  "desc": "[OnSucceedAttack] Inflict 8 [Laceration] and +2 [Laceration] Count"
                },
                {
                  "desc": "[OnSucceedAttack] Deal 15 SP damage"
                },
                {
                  "desc": "[OnSucceedAttackHead] Raise Stagger Threshold by 30"
                }
              ]
            }
          ]
        }
      ]
    },
    {
      "id": 858507,
      "levelList": [
        {
          "level": 1,
          "name": "Evade",
          "desc": "[OnSucceedEvade] Deal 4 SP damage",
          "coinlist": [
            {
              "coindescs": [
                {
                  "desc": ""
                }
              ]
            }
          ]
        }
      ]
    },
    {
      "id": 857101,
      "levelList": [
        {
          "level": 1,
          "name": "6:5",
          "desc": "[CantDuel][CantChangeTarget]\nTake damage in the target's place. Get staggered next turn.\nInflict Marked on a random enemy without [AaCePcBa].\n[EndBattle] All Candles heal to Max HP",
          "coinlist": [
            {
              "coindescs": [
                {
                  "desc": "[OnSucceedAttack] This unit's max HP decreases by 5%."
                },
                {
                  "desc": "[OnSucceedAttack] Inflict 10 Burn on self"
                }
              ]
            },
            {
              "coindescs": [
                {
                  "desc": "[OnSucceedAttack] This unit's max HP decreases by 5%."
                },
                {
                  "desc": "[OnSucceedAttack] Inflict 10 Burn on self"
                }
              ]
            }
          ]
        }
      ]
    },
    {
      "id": 857102,
      "levelList": [
        {
          "level": 1,
          "name": "Scorn Not the Prophecy",
          "desc": "",
          "coinlist": [
            {
              "coindescs": [
                {
                  "desc": "[OnSucceedAttack] Inflict 5 [Combustion] and +2 [Combustion] Count on target"
                },
                {
                  "desc": "[OnSucceedAttack] Heal 20 HP on self"
                }
              ]
            }
          ]
        }
      ]
    },
    {
      "id": 858201,
      "levelList": [
        {
          "level": 1,
          "name": "Insidious Pallidification",
          "desc": "[StartBattle] Gain 10% of Max HP as Shield. For every Queequeg's Ego, gain additional 0.3% of Max HP as additional Shield.\nWhen attacked while Shielded, attacker loses 5 SP\nWhen attacked, use this Skill once for every 10 Queequeg's Ego",
          "coinlist": [
            {
              "coindescs": [
                {
                  "desc": "[OnSucceedAttack] Inflict 1 Bleed"
                }
              ]
            },
            {
              "coindescs": [
                {
                  "desc": "[OnSucceedAttack] Inflict 1 Bleed"
                }
              ]
            }
          ]
        }
      ]
    }
  ]
}