{
  "dataList": [
    {
      "id": 808202,
      "levelList": [
        {
          "level": 1,
          "name": "Deep Thrust",
          "coinlist": [
            {},
            {
              "coindescs": [
                {
                  "desc": "[OnSucceedAttack] Inflict 6 Bleed next turn"
                }
              ]
            }
          ]
        }
      ]
    },
    {
      "id": 808203,
      "levelList": [
        {
          "level": 1,
          "name": "The Gripping",
          "desc": "[StartBattle] Gazes into the target for the next turn",
          "coinlist": [
            {
              "coindescs": [
                {
                  "desc": ""
                }
              ]
            }
          ]
        }
      ]
    },
    {
      "id": 808204,
      "levelList": [
        {
          "level": 1,
          "name": "Cackle",
          "desc": "[WhenUse] Deal 10 PS damage",
          "coinlist": [
            {
              "coindescs": [
                {
                  "desc": "[OnSucceedAttack] Gain 1 Attack Power Up next turn"
                }
              ]
            }
          ]
        }
      ]
    },
    {
      "id": 808205,
      "levelList": [
        {
          "level": 1,
          "name": "Sin-skewering Nail",
          "coinlist": [
            {
              "coindescs": [
                {
                  "desc": "[OnSucceedAttack] Inflict 1 N Corp's Nails next turn"
                }
              ]
            },
            {
              "coindescs": [
                {
                  "desc": "[OnSucceedAttack] Inflict 1 N Corp's Nails next turn"
                }
              ]
            },
            {
              "coindescs": [
                {
                  "desc": "[OnSucceedAttack] Inflict 1 N Corp's Nails next turn"
                }
              ]
            }
          ]
        }
      ]
    },
    {
      "id": 808206,
      "levelList": [
        {
          "level": 1,
          "name": "Purify",
          "desc": "[WhenUse] If target's PV is below 30%, Skill Power +2",
          "coinlist": [
            {
              "coindescs": [
                {
                  "desc": "[OnSucceedAttack] Inflict 1 N Corp's Nails"
                }
              ]
            },
            {
              "coindescs": [
                {
                  "desc": "[OnSucceedAttack] Inflict 1 N Corp's Nails"
                }
              ]
            },
            {
              "coindescs": [
                {
                  "desc": "[OnSucceedAttack] Inflict 1 N Corp's Nails"
                }
              ]
            },
            {
              "coindescs": [
                {
                  "desc": "[OnSucceedAttack] If target has 5+ N Corp's Nails, Stagger them and remove the Nails"
                }
              ]
            }
          ]
        }
      ]
    },
    {
      "id": 808208,
      "levelList": [
        {
          "level": 1,
          "name": "I Shall Claim Your Life!",
          "desc": "[DefeatDuel] User becomes Staggered",
          "coinlist": [
            {
              "coindescs": [
                {
                  "desc": "[OnSucceedAttack] Stagger target and inflict 10 Fragile next turn"
                }
              ]
            }
          ]
        }
      ]
    },
    {
      "id": 808210,
      "levelList": [
        {
          "level": 1,
          "name": "You Are Nothing",
          "desc": "[OnSucceedEvade] Deal 5 PS damage",
          "coinlist": [
            {}
          ]
        }
      ]
    },
    {
      "id": 808301,
      "levelList": [
        {
          "level": 1,
          "name": "Protoplast's Wings",
          "coinlist": [
            {}
          ]
        }
      ]
    },
    {
      "id": 808302,
      "levelList": [
        {
          "level": 1,
          "name": "Protoplast's Wings",
          "coinlist": [
            {},
            {}
          ]
        }
      ]
    },
    {
      "id": 808303,
      "levelList": [
        {
          "level": 1,
          "name": "Innocent Flutters",
          "coinlist": [
            {
              "coindescs": [
                {
                  "desc": "[OnSucceedAttack] Inflict 1 Bind next turn"
                },
                {
                  "desc": "[OnSucceedAttack] Inflict 1 Paralyze next turn"
                }
              ]
            },
            {
              "coindescs": [
                {
                  "desc": "[OnSucceedAttack] Inflict 1 Bind next turn"
                },
                {
                  "desc": "[OnSucceedAttack] Inflict 1 Paralyze next turn"
                }
              ]
            },
            {
              "coindescs": [
                {
                  "desc": "[OnSucceedAttack] Inflict 1 Bind next turn"
                },
                {
                  "desc": "[OnSucceedAttack] Inflict 1 Paralyze next turn"
                }
              ]
            },
            {
              "coindescs": [
                {
                  "desc": "[OnSucceedAttack] Inflict 1 Bind next turn"
                },
                {
                  "desc": "[OnSucceedAttack] Inflict 1 Paralyze next turn"
                }
              ]
            }
          ]
        }
      ]
    },
    {
      "id": 808304,
      "levelList": [
        {
          "level": 1,
          "name": "Broken Wings",
          "coinlist": [
            {
              "coindescs": [
                {
                  "desc": "[OnSucceedAttack] Inflict 1 Bind next turn"
                },
                {
                  "desc": "[OnSucceedAttack] Inflict 1 Paralyze next turn"
                }
              ]
            },
            {
              "coindescs": [
                {
                  "desc": "[OnSucceedAttack] Inflict 1 Bind next turn"
                },
                {
                  "desc": "[OnSucceedAttack] Inflict 1 Paralyze next turn"
                }
              ]
            }
          ]
        }
      ]
    },
    {
      "id": 808305,
      "levelList": [
        {
          "level": 1,
          "name": "Broken Wings",
          "coinlist": [
            {
              "coindescs": [
                {
                  "desc": "[OnSucceedAttack] Inflict 1 Bind next turn"
                },
                {
                  "desc": "[OnSucceedAttack] Inflict 1 Paralyze next turn"
                }
              ]
            },
            {
              "coindescs": [
                {
                  "desc": "[OnSucceedAttack] Inflict 1 Bind next turn"
                },
                {
                  "desc": "[OnSucceedAttack] Inflict 1 Paralyze next turn"
                }
              ]
            }
          ]
        }
      ]
    },
    {
      "id": 808306,
      "levelList": [
        {
          "level": 1,
          "name": "Enraged Flutters",
          "coinlist": [
            {}
          ]
        }
      ]
    },
    {
      "id": 808307,
      "levelList": [
        {
          "level": 1,
          "name": "Noble Purification",
          "coinlist": [
            {
              "coindescs": [
                {
                  "desc": "[OnSucceedAttack] Inflict 1 Fragile next turn"
                },
                {
                  "desc": "[OnSucceedAttack] Inflict 2 Bleed next turn"
                }
              ]
            },
            {
              "coindescs": [
                {
                  "desc": "[OnSucceedAttack] Inflict 1 Fragile next turn"
                },
                {
                  "desc": "[OnSucceedAttack] Inflict 2 Bleed next turn"
                }
              ]
            },
            {
              "coindescs": [
                {
                  "desc": "[OnSucceedAttack] Inflict 1 Fragile next turn"
                },
                {
                  "desc": "[OnSucceedAttack] Inflict 2 Bleed next turn"
                }
              ]
            }
          ]
        }
      ]
    },
    {
      "id": 808308,
      "levelList": [
        {
          "level": 1,
          "name": "Honorable Grip",
          "desc": "[WhenUse] If target's PV is below 30%, +100% Damage",
          "coinlist": [
            {
              "coindescs": [
                {
                  "desc": "[OnSucceedAttackHead] If target's PV is below 30%, kill them and heal 30 PV\nGain 2 Attack Power Up next turn"
                }
              ]
            }
          ]
        }
      ]
    },
    {
      "id": 808309,
      "levelList": [
        {
          "level": 1,
          "name": "Repent!!",
          "desc": "[WhenUse] If target's PV is below 30%, +100% Damage",
          "coinlist": [
            {
              "coindescs": [
                {
                  "desc": "[OnSucceedAttack] Inflict 5 Fragile next turn"
                },
                {
                  "desc": "[OnSucceedAttack] Inflict 5 Bleed next turn"
                }
              ]
            }
          ]
        }
      ]
    },
    {
      "id": 808310,
      "levelList": [
        {
          "level": 1,
          "name": "Peerless Flesh",
          "coinlist": [
            {
              "coindescs": [
                {}
              ]
            }
          ]
        }
      ]
    },
    {
      "id": 808401,
      "levelList": [
        {
          "level": 1,
          "name": "Clap",
          "keywords": [
            "Reduction"
          ],
          "coinlist": [
            {
              "coindescs": [
                {
                  "desc": "[OnSucceedAttack] Inflict 1 Attack Power Down next turn"
                }
              ]
            }
          ]
        }
      ]
    },
    {
      "id": 808402,
      "levelList": [
        {
          "level": 1,
          "name": "Powerful Clap",
          "keywords": [
            "Reduction"
          ],
          "coinlist": [
            {
              "coindescs": [
                {
                  "desc": "[OnSucceedAttackHead] Inflict 3 Attack Power Down next turn"
                }
              ]
            }
          ]
        }
      ]
    },
    {
      "id": 808403,
      "levelList": [
        {
          "level": 1,
          "name": "Tail Whip",
          "keywords": [
            "Vulnerable"
          ],
          "coinlist": [
            {
              "coindescs": [
                {
                  "desc": "[OnSucceedAttack] Inflict 1 Fragile next turn"
                }
              ]
            },
            {
              "coindescs": [
                {
                  "desc": "[OnSucceedAttackHead] Inflict 3 Fragile next turn"
                }
              ]
            }
          ]
        }
      ]
    },
    {
      "id": 808404,
      "levelList": [
        {
          "level": 1,
          "name": "Pressing Sac",
          "keywords": [
            "Binding"
          ],
          "coinlist": [
            {
              "coindescs": [
                {
                  "desc": "[OnSucceedAttack] Inflict 3 Bind next turn"
                }
              ]
            }
          ]
        }
      ]
    },
    {
      "id": 808405,
      "levelList": [
        {
          "level": 1,
          "name": "Blood Cannon",
          "keywords": [
            "Bleeding"
          ],
          "coinlist": [
            {
              "coindescs": [
                {
                  "desc": "[OnSucceedAttack] Inflict 5 Bleed"
                },
                {
                  "desc": "[OnSucceedAttackHead] Inflict 20 Bleed"
                }
              ]
            }
          ]
        }
      ]
    },
    {
      "id": 808406,
      "levelList": [
        {
          "level": 1,
          "name": "Clotting",
          "keywords": [
            "Bleeding"
          ],
          "desc": "",
          "coinlist": [
            {
              "coindescs": [
                {
                  "desc": "[OnSucceedAttackHead] Inflict 30 Bleed"
                }
              ]
            }
          ]
        }
      ]
    },
    {
      "id": 808501,
      "levelList": [
        {
          "level": 1,
          "name": "Claw",
          "coinlist": [
            {
              "coindescs": [
                {
                  "desc": "[OnSucceedAttack] Inflict 2 Bleed next turn"
                }
              ]
            }
          ]
        }
      ]
    },
    {
      "id": 808502,
      "levelList": [
        {
          "level": 1,
          "name": "Constant Voltage",
          "coinlist": [
            {
              "coindescs": [
                {
                  "desc": "[OnSucceedAttack] Inflict 1 Rupture next turn"
                }
              ]
            }
          ]
        }
      ]
    },
    {
      "id": 808503,
      "levelList": [
        {
          "level": 1,
          "name": "Electromotive Pursuit",
          "coinlist": [
            {
              "coindescs": [
                {
                  "desc": "[OnSucceedAttack] Inflict 1 Rupture next turn"
                }
              ]
            },
            {
              "coindescs": [
                {
                  "desc": "[OnSucceedAttackHead] Inflict 4 Rupture next turn"
                }
              ]
            }
          ]
        }
      ]
    },
    {
      "id": 808504,
      "levelList": [
        {
          "level": 1,
          "name": "Howl",
          "coinlist": [
            {
              "coindescs": [
                {
                  "desc": "[OnSucceedAttack] Inflict 2 Bind next turn"
                },
                {
                  "desc": "[OnSucceedAttackHead] Inflict 4 Defense Power Down"
                }
              ]
            }
          ]
        }
      ]
    },
    {
      "id": 808505,
      "levelList": [
        {
          "level": 1,
          "name": "Electrified Howl",
          "coinlist": [
            {
              "coindescs": [
                {
                  "desc": "[OnSucceedAttackHead] Inflict 3 Rupture next turn"
                }
              ]
            }
          ]
        }
      ]
    },
    {
      "id": 808506,
      "levelList": [
        {
          "level": 1,
          "name": "Lightning Rod",
          "coinlist": [
            {
              "coindescs": [
                {
                  "desc": "[OnSucceedAttack] Inflict 2 Rupture next turn"
                },
                {
                  "desc": "[OnSucceedAttackHead] Inflict 5 Rupture next turn"
                }
              ]
            },
            {
              "coindescs": [
                {
                  "desc": ""
                }
              ]
            }
          ]
        }
      ]
    },
    {
      "id": 808507,
      "levelList": [
        {
          "level": 1,
          "name": "Red Bolts",
          "coinlist": [
            {
              "coindescs": [
                {
                  "desc": "[OnSucceedAttack] Inflict 10 Rupture next turn"
                }
              ]
            },
            {
              "coindescs": [
                {
                  "desc": ""
                }
              ]
            }
          ]
        }
      ]
    },
    {
      "id": 808508,
      "levelList": [
        {
          "level": 1,
          "name": "Howl",
          "coinlist": [
            {
              "coindescs": [
                {
                  "desc": "[OnSucceedAttack] Inflict 2 Bind next turn"
                },
                {
                  "desc": "[OnSucceedAttackHead] Inflict 4 Defense Power Down"
                }
              ]
            }
          ]
        }
      ]
    },
    {
      "id": 808601,
      "levelList": [
        {
          "level": 1,
          "name": "Bite",
          "desc": "[WhenUse] Gain 2 Self-charge\n[DefeatDuel] Lose 1 Self-charge",
          "coinlist": [
            {
              "coindescs": [
                {
                  "desc": "[OnSucceedAttack] Inflict 3 Bleed and +2 Bleed Count"
                }
              ]
            }
          ]
        }
      ]
    },
    {
      "id": 808602,
      "levelList": [
        {
          "level": 1,
          "name": "Tail Poke",
          "desc": "[WhenUse] Gain 2 Self-charge\n[DefeatDuel] Lose 1 Self-charge",
          "coinlist": [
            {
              "coindescs": [
                {
                  "desc": "[OnSucceedAttack] Inflict 3 Bleed and +2 Bleed Count"
                }
              ]
            },
            {
              "coindescs": [
                {
                  "desc": "[OnSucceedAttack] Inflict 2 Bind next turn"
                }
              ]
            }
          ]
        }
      ]
    },
    {
      "id": 808603,
      "levelList": [
        {
          "level": 1,
          "name": "Wrapping Coil",
          "desc": "[WhenUse] Gain 2 Self-charge\n[DefeatDuel] Lose 1 Self-charge",
          "coinlist": [
            {
              "coindescs": [
                {
                  "desc": "[OnSucceedAttack] Inflict 2 Fragile"
                },
                {
                  "desc": "[OnSucceedAttackHead] Inflict 2 Bind next turn"
                }
              ]
            }
          ]
        }
      ]
    },
    {
      "id": 808604,
      "levelList": [
        {
          "level": 1,
          "name": "Electric Load",
          "desc": "[WhenUse] Gain 1 Self-charge\nDeal +10% damage to targets with Paralyze",
          "coinlist": [
            {},
            {
              "coindescs": [
                {
                  "desc": "[OnSucceedAttack] Inflict 3 Paralyze"
                }
              ]
            }
          ]
        }
      ]
    },
    {
      "id": 808605,
      "levelList": [
        {
          "level": 1,
          "name": "Electric Release",
          "desc": "[WhenUse] Gain 1 Self-charge\nDeal +10% damage to targets with Paralyze",
          "coinlist": [
            {},
            {},
            {
              "coindescs": [
                {
                  "desc": "[OnSucceedAttack] Inflict 3 Paralyze"
                }
              ]
            }
          ]
        }
      ]
    },
    {
      "id": 808606,
      "levelList": [
        {
          "level": 1,
          "name": "Electric Discharge",
          "desc": "[WhenUse] Gain 1 Self-charge\nDeal +20% damage to targets with Paralyze",
          "coinlist": [
            {
              "coindescs": [
                {
                  "desc": "[OnSucceedAttack] Inflict 2 Fragile"
                }
              ]
            },
            {
              "coindescs": [
                {
                  "desc": "[OnSucceedAttack] Inflict 5 Paralyze"
                }
              ]
            }
          ]
        }
      ]
    },
    {
      "id": 808607,
      "levelList": [
        {
          "level": 1,
          "name": "High-voltage Electric Discharge",
          "desc": "At 11+ Self-charge, deal +10% Damage for each Count of Self-charge over 10\nSpend all Self-charge",
          "coinlist": [
            {
              "coindescs": [
                {
                  "desc": "[OnSucceedAttack] Inflict 2 Fragile"
                }
              ]
            },
            {
              "coindescs": [
                {
                  "desc": "[OnSucceedAttack] If target has Capacitor, deal 40% of damage dealt as fixed damage"
                },
                {
                  "desc": "[OnSucceedAttack] Inflict 3 Paralyze and 1 Capacitor"
                }
              ]
            }
          ]
        }
      ]
    },
    {
      "id": 808608,
      "levelList": [
        {
          "level": 1,
          "name": "Coil Up",
          "desc": "If this skill is on a slot, gain Shield by the head's current PV",
          "coinlist": [
            {}
          ]
        }
      ]
    },
    {
      "id": 808609,
      "levelList": [
        {
          "level": 1,
          "name": "Wriggling Head",
          "desc": "Targets the enemy with the least PV\n[WhenUse] Spend 2 Self-charge\n[DefeatDuel] Lose 2 Self-charge",
          "coinlist": [
            {},
            {
              "coindescs": [
                {
                  "desc": "[OnSucceedAttack] Inflict 3 Paralyze"
                }
              ]
            }
          ]
        }
      ]
    },
    {
      "id": 808610,
      "levelList": [
        {
          "level": 1,
          "name": "Wriggling Tail",
          "desc": "Targets the enemy with the least PV\n[WhenUse] Spend 2 Self-charge\n[DefeatDuel] Lose 3 Self-charge",
          "coinlist": [
            {},
            {},
            {
              "coindescs": [
                {
                  "desc": "[OnSucceedAttack] Inflict 3 Paralyze"
                }
              ]
            }
          ]
        }
      ]
    },
    {
      "id": 808701,
      "levelList": [
        {
          "level": 1,
          "name": "Gloomy Moan",
          "desc": "",
          "coinlist": [
            {
              "coindescs": [
                {
                  "desc": "[OnSucceedAttack] Inflict 3 Sinking"
                }
              ]
            }
          ]
        }
      ]
    },
    {
      "id": 808702,
      "levelList": [
        {
          "level": 1,
          "name": "Raging Withdrawal",
          "desc": "",
          "coinlist": [
            {
              "coindescs": [
                {
                  "desc": "[OnSucceedAttack] Inflict +2 Sinking Count"
                }
              ]
            },
            {
              "coindescs": [
                {
                  "desc": "[OnSucceedAttack] Inflict 3 Sinking"
                }
              ]
            }
          ]
        }
      ]
    },
    {
      "id": 808703,
      "levelList": [
        {
          "level": 1,
          "name": "Sorrowful Recoil",
          "desc": "",
          "coinlist": [
            {
              "coindescs": [
                {
                  "desc": "[OnSucceedAttack] Inflict +3 Rupture Count"
                }
              ]
            },
            {
              "coindescs": [
                {
                  "desc": "[OnSucceedAttack] Inflict 2 Rupture"
                }
              ]
            }
          ]
        }
      ]
    },
    {
      "id": 808704,
      "levelList": [
        {
          "level": 1,
          "name": "Sorrowful Torrent",
          "desc": "",
          "coinlist": [
            {
              "coindescs": [
                {
                  "desc": "[OnSucceedAttack] Inflict +2 Rupture Count"
                }
              ]
            },
            {
              "coindescs": [
                {
                  "desc": "[OnSucceedAttack] Inflict 3 Rupture"
                },
                {
                  "desc": "[OnSucceedAttackHead] Inflict 2 Rupture"
                }
              ]
            }
          ]
        }
      ]
    },
    {
      "id": 808705,
      "levelList": [
        {
          "level": 1,
          "name": "Cries Seeking Something",
          "desc": "[WhenUse] Spawn an Old Umbrella next turn",
          "coinlist": [
            {
              "coindescs": [
                {
                  "desc": "[OnSucceedAttack] Inflict 5 Sinking"
                },
                {
                  "desc": "[OnSucceedAttackHead] Deal +15% damage for each Old Umbrella"
                }
              ]
            }
          ]
        }
      ]
    },
    {
      "id": 808706,
      "levelList": [
        {
          "level": 1,
          "name": "Waiting",
          "desc": "[StartBattle] All enemies lose 20 PS",
          "coinlist": [
            {}
          ]
        }
      ]
    },
    {
      "id": 808801,
      "levelList": [
        {
          "level": 1,
          "name": "Scattering Sorrow",
          "desc": "[EndSkill] Inflict +2 Rupture Count and +2 Sinking Count to all enemies",
          "coinlist": [
            {}
          ]
        }
      ]
    },
    {
      "id": 808901,
      "levelList": [
        {
          "level": 1,
          "name": "Entangling Talisman",
          "desc": "[WhenUse] Inflict 2 Entangled Curse Talisman",
          "coinlist": [
            {
              "coindescs": [
                {
                  "desc": "[OnSucceedAttack] Inflict 2 Rupture and +2 Rupture Count next turn"
                }
              ]
            }
          ]
        }
      ]
    },
    {
      "id": 808902,
      "levelList": [
        {
          "level": 1,
          "name": "Cumulating Curse",
          "desc": "[WhenUse] Inflict 1 Entangled Curse Talisman",
          "coinlist": [
            {
              "coindescs": [
                {
                  "desc": "[OnSucceedAttack] Inflict Entangled Curse Talisman by target's Entangled Curse Talisman"
                }
              ]
            },
            {
              "coindescs": [
                {
                  "desc": "[OnSucceedAttackHead] Inflict 5 Rupture next turn"
                }
              ]
            },
            {
              "coindescs": [
                {
                  "desc": "[OnSucceedAttackHead] Inflict 2 Rupture and +2 Rupture Count next turn"
                }
              ]
            }
          ]
        }
      ]
    },
    {
      "id": 808903,
      "levelList": [
        {
          "level": 1,
          "name": "So That No One Will Cry",
          "desc": "[EndBattle] Remove all Reattached Curse Talisman",
          "coinlist": [
            {},
            {},
            {},
            {},
            {
              "coindescs": [
                {
                  "desc": "[OnSucceedAttack] Inflict 5 Paralyze next turn"
                },
                {
                  "desc": "[OnSucceedAttackHead] Inflict 5 Bind next turn"
                }
              ]
            }
          ]
        }
      ]
    },
    {
      "id": 808904,
      "levelList": [
        {
          "level": 1,
          "name": "Transferring Talisman",
          "desc": "[WhenUse] Remove all Entangled Curse Talisman from target; Gain the same amount of Reattached Curse Talisman",
          "coinlist": [
            {}
          ]
        }
      ]
    },
    {
      "id": 808905,
      "levelList": [
        {
          "level": 1,
          "name": "Proliferating Curse",
          "desc": "[WhenUse] Inflict Entangled Curse Talisman by target's Entangled Curse Talisman",
          "coinlist": [
            {}
          ]
        }
      ]
    },
    {
      "id": 809001,
      "levelList": [
        {
          "level": 1,
          "name": "Wanna Get Drunk?",
          "desc": "In a clash, give 1 Morale Boost",
          "coinlist": [
            {
              "coindescs": [
                {
                  "desc": "[OnSucceedAttack] Inflict 5 Tremor and +2 Tremor Count"
                }
              ]
            }
          ]
        }
      ]
    },
    {
      "id": 809002,
      "levelList": [
        {
          "level": 1,
          "name": "Let's Share the Drink!",
          "desc": "In a clash, give 2 Morale Boost\n[WhenUse] Heal 5% PV",
          "coinlist": [
            {
              "coindescs": [
                {
                  "desc": "[OnSucceedAttack] Inflict 2 Bind next turn"
                }
              ]
            }
          ]
        }
      ]
    },
    {
      "id": 809003,
      "levelList": [
        {
          "level": 1,
          "name": "This is All I Got!",
          "desc": "In a clash, give 2 Morale Boost\nPrioritizes enemies with Tremor",
          "coinlist": [
            {},
            {
              "coindescs": [
                {
                  "desc": "[OnSucceedAttack] Trigger Tremor Burst by target's Tremor Count"
                }
              ]
            }
          ]
        }
      ]
    },
    {
      "id": 809004,
      "levelList": [
        {
          "level": 1,
          "name": "I'll Have This!",
          "desc": "[CantDuel]\nCannot be redirected\nPrioritizes enemies with Morale Boost\nIf target has no Tipsy, Clash Power +5",
          "coinlist": [
            {
              "coindescs": [
                {
                  "desc": "[OnSucceedAttack] If target has Morale Boost, deal +10% damage for each Count"
                },
                {
                  "desc": "[OnSucceedAttack] If target has Tipsy, deal 0 damage, and user loses 50 PV"
                },
                {
                  "desc": "[OnSucceedAttack] Remove all Morale Boost or Tipsy"
                }
              ]
            }
          ]
        }
      ]
    },
    {
      "id": 809005,
      "levelList": [
        {
          "level": 1,
          "name": "I'll Have This!",
          "desc": "Prioritizes enemies with Morale Boost\nIf target has no Tipsy, Clash Power +5",
          "coinlist": [
            {
              "coindescs": [
                {
                  "desc": "[OnSucceedAttack] If target has Morale Boost, deal +100% damage for each Count"
                },
                {
                  "desc": "[OnSucceedAttack] If target has Tipsy, deal 0 damage, and user loses 50 PV"
                },
                {
                  "desc": "[OnSucceedAttack] Remove all Morale Boost or Tipsy"
                }
              ]
            }
          ]
        }
      ]
    },
    {
      "id": 809006,
      "levelList": [
        {
          "level": 1,
          "name": "Not This Time!",
          "desc": "Prioritizes Fairy Wine",
          "coinlist": [
            {
              "coindescs": [
                {
                  "desc": "[OnSucceedAttack] If this attacks Fairy Wine, heal 10% PV next turn, and gain 2 Attack Power Up, 2 Haste, and 2 Protection"
                }
              ]
            }
          ]
        }
      ]
    },
    {
      "id": 809007,
      "levelList": [
        {
          "level": 1,
          "name": "You Like This Brew?",
          "desc": "[WhenUse] Gain 1 Bind next turn",
          "coinlist": [
            {}
          ]
        }
      ]
    },
    {
      "id": 809101,
      "levelList": [
        {
          "level": 1,
          "name": "Fairy Wine",
          "desc": "[WhenUse] Convert opponent's Morale Boost into Tipsy",
          "coinlist": [
            {}
          ]
        }
      ]
    },
    {
      "id": 809201,
      "levelList": [
        {
          "level": 1,
          "name": "Skim Wounds",
          "desc": "",
          "coinlist": [
            {
              "coindescs": [
                {
                  "desc": "[OnSucceedAttack] If target has Bleed, inflict 1 Paralyze"
                },
                {
                  "desc": "[OnSucceedAttack] Inflict +3 Bleed Count"
                },
                {
                  "desc": "[OnSucceedAttack] If target has 2+ Bleed Count, inflict 5 Bleed"
                }
              ]
            }
          ]
        }
      ]
    },
    {
      "id": 809202,
      "levelList": [
        {
          "level": 1,
          "name": "Entangled Injury",
          "desc": "",
          "coinlist": [
            {
              "coindescs": [
                {
                  "desc": "[OnSucceedAttack] If target has Bleed, inflict 1 Bind next turn"
                },
                {
                  "desc": "[OnSucceedAttack] Inflict 3 Bleed"
                }
              ]
            }
          ]
        }
      ]
    },
    {
      "id": 809203,
      "levelList": [
        {
          "level": 1,
          "name": "Smeared Flesh",
          "desc": "",
          "coinlist": [
            {
              "coindescs": [
                {
                  "desc": "[OnSucceedAttack] Inflict 3 Bleed"
                },
                {
                  "desc": "[OnSucceedAttack] If target has Bleed, heal 20 PV"
                }
              ]
            },
            {
              "coindescs": [
                {
                  "desc": "[OnSucceedAttack] If target has 2+ Bleed Count, inflict 5 Bleed"
                }
              ]
            }
          ]
        }
      ]
    },
    {
      "id": 809204,
      "levelList": [
        {
          "level": 1,
          "name": "Casting Shade",
          "desc": "[WhenUse] Spawn a Giant Clover next turn\n[WhenUse] Deal +5% damage per Bleed Count\n[DefeatDuel] The Giant Clover spawns with 70% PV",
          "coinlist": [
            {
              "coindescs": [
                {
                  "desc": "[OnSucceedAttack] Remove all Bleed Count"
                }
              ]
            }
          ]
        }
      ]
    },
    {
      "id": 809205,
      "levelList": [
        {
          "level": 1,
          "name": "Churning",
          "desc": "",
          "coinlist": [
            {
              "coindescs": [
                {
                  "desc": "[OnSucceedAttack] Heal by 1% of Max PV per target's Bleed\nRemove all Bleed Count"
                }
              ]
            }
          ]
        }
      ]
    },
    {
      "id": 809401,
      "levelList": [
        {
          "level": 1,
          "name": "Sprout",
          "desc": ""
        }
      ]
    },
    {
      "id": 809402,
      "levelList": [
        {
          "level": 1,
          "name": "Golden Fruit",
          "coinlist": [
            {
              "coindescs": [
                {
                  "desc": "[DefeatDuel] Take 20 damage"
                },
                {
                  "desc": "[DefeatDuel] Lose 1 Golden Sheen"
                }
              ]
            }
          ]
        }
      ]
    },
    {
      "id": 809403,
      "levelList": [
        {
          "level": 1,
          "name": "Solid Gold",
          "coinlist": [
            {}
          ]
        }
      ]
    },
    {
      "id": 809501,
      "levelList": [
        {
          "level": 1,
          "name": "Absorb Nutrients",
          "coinlist": [
            {},
            {
              "coindescs": [
                {
                  "desc": "[OnSucceedAttack] Core heals 3 PV"
                }
              ]
            },
            {}
          ]
        }
      ]
    },
    {
      "id": 809502,
      "levelList": [
        {
          "level": 1,
          "name": "Deteriorating Flesh",
          "coinlist": [
            {
              "coindescs": [
                {
                  "desc": "[OnSucceedAttack] Inflict +3 Bleed Count next turn"
                },
                {
                  "desc": "[OnSucceedAttack] Inflict 2 Fragile next turn"
                }
              ]
            }
          ]
        }
      ]
    },
    {
      "id": 809503,
      "levelList": [
        {
          "level": 1,
          "name": "Entangle",
          "coinlist": [
            {},
            {
              "coindescs": [
                {
                  "desc": "[OnSucceedAttack] Core heals 10 PV"
                },
                {
                  "desc": "[OnSucceedAttack] Inflict 5 Bleed next turn"
                }
              ]
            }
          ]
        }
      ]
    },
    {
      "id": 809601,
      "levelList": [
        {
          "level": 1,
          "name": "Ram",
          "desc": "",
          "coinlist": [
            {
              "coindescs": [
                {
                  "desc": "[OnSucceedAttack] Inflict 3 Burn"
                }
              ]
            },
            {
              "coindescs": [
                {
                  "desc": "[OnSucceedAttack] Inflict 3 Burn"
                }
              ]
            }
          ]
        }
      ]
    },
    {
      "id": 809602,
      "levelList": [
        {
          "level": 1,
          "name": "Pin Down",
          "desc": "",
          "coinlist": [
            {
              "coindescs": [
                {
                  "desc": "[OnSucceedAttack] Inflict +3 Burn Count"
                }
              ]
            }
          ]
        }
      ]
    },
    {
      "id": 809603,
      "levelList": [
        {
          "level": 1,
          "name": "Charge In",
          "desc": "",
          "coinlist": [
            {
              "coindescs": [
                {
                  "desc": "[OnSucceedAttack] Inflict 2 Burn"
                },
                {
                  "desc": "[OnSucceedAttack] Raise Stagger Threshold by 20% of damage dealt"
                }
              ]
            },
            {
              "coindescs": [
                {
                  "desc": "[OnSucceedAttack] Inflict 2 Burn"
                },
                {
                  "desc": "[OnSucceedAttack] Raise Stagger Threshold by 20% of damage dealt"
                }
              ]
            },
            {
              "coindescs": [
                {
                  "desc": "[OnSucceedAttack] Inflict 2 Burn"
                },
                {
                  "desc": "[OnSucceedAttack] Raise Stagger Threshold by 20% of damage dealt"
                }
              ]
            }
          ]
        }
      ]
    },
    {
      "id": 809604,
      "levelList": [
        {
          "level": 1,
          "name": "Overflowing Sorrow",
          "desc": "[DefeatDuel] Gain 1 Unresolved Sorrow",
          "coinlist": [
            {
              "coindescs": [
                {
                  "desc": "[OnSucceedAttack] Target loses 15 PS"
                },
                {
                  "desc": "[OnSucceedAttack] Raise Stagger Threshold by 50% of damage dealt"
                }
              ]
            }
          ]
        }
      ]
    },
    {
      "id": 809605,
      "levelList": [
        {
          "level": 1,
          "name": "Heated Cries",
          "desc": "[WinDuel] Gain 1 Haste and 1 Attack Power Up next turn",
          "coinlist": [
            {
              "coindescs": [
                {
                  "desc": "[OnSucceedAttack] Inflict 1 Wavering Emotions"
                },
                {
                  "desc": "[OnSucceedAttack] Inflict +3 Sinking Count"
                }
              ]
            }
          ]
        }
      ]
    },
    {
      "id": 809606,
      "levelList": [
        {
          "level": 1,
          "name": "Heated Screams",
          "desc": "[WinDuel] Gain 1 Haste and 1 Attack Power Up next turn",
          "coinlist": [
            {
              "coindescs": [
                {
                  "desc": "[OnSucceedAttack] Inflict 1 Wavering Emotions"
                },
                {
                  "desc": "[OnSucceedAttack] Inflict 2 Sinking"
                }
              ]
            },
            {
              "coindescs": [
                {
                  "desc": "[OnSucceedAttack] Inflict 1 Wavering Emotions"
                },
                {
                  "desc": "[OnSucceedAttack] Inflict 2 Sinking"
                }
              ]
            }
          ]
        }
      ]
    }
  ]
}