{
  "dataList": [
    {
      "id": 2060411,
      "levelList": [
        {
          "level": 1,
          "name": "Soda",
          "abName": "Wellcheers",
          "desc": "",
          "coinlist": [
            {
              "coindescs": [
                {
                  "desc": "[EndSkillHead] Cura 2 alleati con la minore percentuale di PV di 10 PV"
                },
                {
                  "desc": "[EndSkillTail] Cura di 10 PS a due alleati con i PS minori"
                }
              ]
            }
          ]
        },
        {
          "level": 3,
          "name": "Soda",
          "abName": "Wellcheers",
          "desc": "",
          "coinlist": [
            {
              "coindescs": [
                {
                  "desc": "[EndSkillHead] Cura 2 alleati con la minore percentuale di PV per 12 PV"
                },
                {
                  "desc": "[EndSkillTail] Cura di 12 PS a 2 alleati con i PS minori"
                },
                {
                  "desc": "[CriticalEndSkill] Cura l'alleato con la percentuale di PV minore per 6 PV; Cura di 6 PS all'alleato con i PS minori"
                }
              ]
            }
          ]
        },
        {
          "level": 4,
          "name": "Soda",
          "abName": "Wellcheers",
          "desc": "",
          "coinlist": [
            {
              "coindescs": [
                {
                  "desc": "[EndSkillHead] Cura 2 alleati con la minore percentuale di PV di 15 PV"
                },
                {
                  "desc": "[EndSkillTail] Cura di 15 PS a 2 alleati con i PS minori"
                },
                {
                  "desc": "[CriticalEndSkill] Cura l'alleato con la percentuale di PV minore per 8 PV; Cura di 8 PS all'alleato con i PS minori"
                }
              ]
            }
          ]
        }
      ]
    },
    {
      "id": 2060421,
      "levelList": [
        {
          "level": 1,
          "name": "Soda",
          "abName": "Wellcheers",
          "desc": "[CantIdentify] Bersaglia l'unità con i PV minori",
          "coinlist": [
            {
              "coindescs": [
                {
                  "desc": "[OnSucceedAttackHead] Infligge 1 [Binding] il turno successivo"
                },
                {
                  "desc": "[OnSucceedAttack] Infligge 3 [Vibration]"
                }
              ]
            }
          ]
        },
        {
          "level": 3,
          "name": "Soda",
          "abName": "Wellcheers",
          "desc": "[CantIdentify] Bersaglia l'unità con i PV minori",
          "coinlist": [
            {
              "coindescs": [
                {
                  "desc": "[OnSucceedAttackHead] Infligge 1 [Binding] il turno successivo"
                },
                {
                  "desc": "[OnSucceedAttack] Infligge 4 [Vibration]"
                }
              ]
            }
          ]
        },
        {
          "level": 4,
          "name": "Soda",
          "abName": "Wellcheers",
          "desc": "[CantIdentify] Bersaglia l'unità con i PV minori",
          "coinlist": [
            {
              "coindescs": [
                {
                  "desc": "[OnSucceedAttack] Infligge 1 [Binding] il turno successivo"
                },
                {
                  "desc": "[OnSucceedAttack] Infligge 5 [Vibration]"
                }
              ]
            }
          ]
        }
      ]
    },
    {
      "id": 2060511,
      "levelList": [
        {
          "level": 1,
          "name": "Corrosione Infestata",
          "abName": "Perla Vagante",
          "desc": "",
          "coinlist": [
            {
              "coindescs": [
                {
                  "desc": "[OnSucceedAttack] Infligge [Burst] pari a (Rison. Gola /2)"
                },
                {
                  "desc": "[OnSucceedAttack] Infligge 2 [Binding] il turno successivo"
                }
              ]
            }
          ]
        },
        {
          "level": 3,
          "name": "Corrosione Infestata",
          "abName": "Perla Vagante",
          "desc": "[BeforeAttack] A 50%- PV, Peso Attacco +1",
          "coinlist": [
            {
              "coindescs": [
                {
                  "desc": "[OnSucceedAttack] Infligge [Burst] pari a (Rison. Gola /2)"
                },
                {
                  "desc": "[OnSucceedAttackHead] Infligge 2 [ShamrockTakeDamageUp] il turno successivo"
                },
                {
                  "desc": "[OnSucceedAttack] Infligge 2 [Binding] il turno successivo<style=\"highlight\"></style>"
                }
              ]
            }
          ]
        },
        {
          "level": 4,
          "name": "Corrosione Infestata",
          "abName": "Perla Vagante",
          "desc": "[BeforeAttack] A 50%- PV, Peso Attacco +1;\nA 25%- PV, ottiene un'ulteriore Peso Attacco +1",
          "coinlist": [
            {
              "coindescs": [
                {
                  "desc": "[OnSucceedAttack] Infligge [Burst] pari a (Rison. Gola /2)"
                },
                {
                  "desc": "[OnSucceedAttack] Infligge 2 [ShamrockTakeDamageUp] il turno successivo"
                },
                {
                  "desc": "[OnSucceedAttack] Infligge 2 [Binding] il turno successivo<style=\"highlight\"></style>"
                }
              ]
            }
          ]
        }
      ]
    },
    {
      "id": 2060521,
      "levelList": [
        {
          "level": 1,
          "name": "Corrosione Infestata",
          "abName": "Perla Vagante",
          "desc": "[CantIdentify]\nBersaglia l'alleato con i PV minori",
          "coinlist": [
            {
              "coindescs": [
                {
                  "desc": "[OnSucceedAttack] Infligge Conteggio [Burst] pari a (Rison. Gola /3)"
                },
                {
                  "desc": "[OnSucceedAttack] Si cura del 20% del danno inflitto"
                },
                {
                  "desc": "[OnSucceedAttack] Infligge 2 [Binding] il turno successivo"
                }
              ]
            }
          ]
        },
        {
          "level": 3,
          "name": "Corrosione Infestata",
          "abName": "Perla Vagante",
          "desc": "[CantIdentify]\nBersaglia l'alleato con i PV minori\n[BeforeAttack] A 50%- PV, Peso Attacco +1",
          "coinlist": [
            {
              "coindescs": [
                {
                  "desc": "[OnSucceedAttack] Infligge Conteggio [Burst] pari a (Rison. Gola /3)"
                },
                {
                  "desc": "[OnSucceedAttack] Si cura del 30% del danno inflitto"
                },
                {
                  "desc": "[OnSucceedAttack] Infligge 2 [Binding] il turno successivo"
                }
              ]
            }
          ]
        },
        {
          "level": 4,
          "name": "Corrosione Infestata",
          "abName": "Perla Vagante",
          "desc": "[CantIdentify]\nBersaglia l'alleato con i PV minori\n[BeforeAttack] A 50%- PV, Peso Attacco +1\nA 25%- PV, ottiene un'ulteriore Peso Attacco +1",
          "coinlist": [
            {
              "coindescs": [
                {
                  "desc": "[OnSucceedAttack] Infligge Conteggio [Burst] pari a (Rison. Gola /3)"
                },
                {
                  "desc": "[OnSucceedAttack] Si cura del 50% del danno inflitto"
                },
                {
                  "desc": "[OnSucceedAttack] Infligge 2 [Binding] il turno successivo"
                }
              ]
            }
          ]
        }
      ]
    },
    {
      "id": 2060611,
      "levelList": [
        {
          "level": 1,
          "name": "Pianto Greve",
          "abName": "Rana Piagnucolante",
          "desc": "Se il bersaglio ha [Vibration], infligge +((somma di Potenza e Conteggio [Vibration] sul bersaglio)/2)% danni (max 20%)",
          "coinlist": [
            {
              "coindescs": [
                {
                  "desc": "[OnSucceedAttack] Infligge 3 [Vibration]"
                },
                {
                  "desc": "[OnSucceedAttack] Innesca [VibrationExplosion]; infine, riduce Conteggio [Vibration] del bersaglio di 1"
                }
              ]
            }
          ]
        },
        {
          "level": 3,
          "name": "Pianto Greve",
          "abName": "Rana Piagnucolante",
          "desc": "Se il bersaglio ha [Vibration], infligge +(5 + (somma di Potenza e Conteggio [Vibration] sul bersaglio)/2)% danni (max <style=\"highlight\">25%</style>)\n<style=\"highlight\">- A 4+ Rison. più alta, infligge invece +(5 + (somma di Potenza e Conteggio [Vibration] sul bersaglio)/2)% danni (max 35%)</style>",
          "coinlist": [
            {
              "coindescs": [
                {
                  "desc": "[OnSucceedAttack] Infligge 3 [Vibration] e <style=\"highlight\">+2 Conteggio [Vibration]</style>"
                },
                {
                  "desc": "<style=\"highlight\">[OnSucceedAttack] Innesca [Switch_Vibration] in [VibrationEcho]</style>"
                },
                {
                  "desc": "[OnSucceedAttack] Innesca [VibrationExplosion]; infine, riduce Conteggio [Vibration] del bersaglio di 1<style=\"highlight\"></style>"
                }
              ]
            }
          ]
        },
        {
          "level": 4,
          "name": "Pianto Greve",
          "abName": "Rana Piagnucolante",
          "desc": "Se il bersaglio ha [Vibration], infligge +(<style=\"highlight\">5 +</style> (somma di Potenza e Conteggio [Vibration] sul bersaglio)/2)% danni (max <style=\"highlight\">30%</style>)\n- A 4+ Rison. più alta, infligge invece +(<style=\"highlight\">7.5 +</style> (somma di Potenza e Conteggio [Vibration] sul bersaglio)/<style=\"highlight\">1.5</style>)% danni (max <style=\"highlight\">40%</style>)",
          "coinlist": [
            {
              "coindescs": [
                {
                  "desc": "[OnSucceedAttack] Infligge 3 [Vibration] e <style=\"highlight\">+3</style> Conteggio [Vibration]"
                },
                {
                  "desc": "[OnSucceedAttack] Innesca [Switch_Vibration] in [VibrationEcho]<style=\"highlight\"></style>"
                },
                {
                  "desc": "[OnSucceedAttack] Innesca [VibrationExplosion]; infine, riduce Conteggio [Vibration] del bersaglio di 1<style=\"highlight\"></style>"
                }
              ]
            }
          ]
        }
      ]
    },
    {
      "id": 2060621,
      "levelList": [
        {
          "level": 1,
          "name": "Pianto Greve",
          "abName": "Rana Piagnucolante",
          "desc": "[CantIdentify]\nBersaglia casualmente\nSe il bersaglio ha [Vibration], infligge +((somma di Potenza e Conteggio [Vibration] sul bersaglio)/2)% danni (max 25%)\n- A 4+ Rison. più alta, aumenta il numero massimo precedente a (max 35%)",
          "coinlist": [
            {
              "coindescs": [
                {
                  "desc": "[OnSucceedAttack] Infligge 3 [Vibration] e +3 Conteggio [Vibration]"
                },
                {
                  "desc": "[OnSucceedAttack] Innesca [VibrationExplosion]; infine, riduce Conteggio [Vibration] del bersaglio di 1"
                }
              ]
            }
          ]
        },
        {
          "level": 3,
          "name": "Pianto Greve",
          "abName": "Rana Piagnucolante",
          "desc": "[CantIdentify]\nBersaglia casualmente\nSe il bersaglio ha [Vibration], infligge +((somma di Potenza e Conteggio [Vibration] sul bersaglio)/2)% danni (max <style=\"highlight\">30%</style>)\n- A 4+ Rison. più alta, <style=\"highlight\">infligge invece +(5 + (somma di Potenza e Conteggio [Vibration] sul bersaglio)/2)% danni (max 40%)</style>",
          "coinlist": [
            {
              "coindescs": [
                {
                  "desc": "[OnSucceedAttack] Infligge 3 [Vibration] e +3 Conteggio [Vibration]<style=\"highlight\"></style>"
                },
                {
                  "desc": "<style=\"highlight\">[OnSucceedAttack] Innesca [Switch_Vibration] in [VibrationEcho]</style>"
                },
                {
                  "desc": "[OnSucceedAttack] Innesca [VibrationExplosion]; infine, riduce Conteggio [Vibration] del bersaglio di 1<style=\"highlight\"></style>"
                },
                {
                  "desc": "<style=\"highlight\">[OnSucceedAttack] Innesca [VibrationExplosion]; infine, riduce Conteggio [Vibration] del bersaglio di 1</style>"
                }
              ]
            }
          ]
        },
        {
          "level": 4,
          "name": "Pianto Greve",
          "abName": "Rana Piagnucolante",
          "desc": "[CantIdentify]\nBersaglia casualmente\nSe il bersaglio ha [Vibration], infligge +(<style=\"highlight\">5</style> + (somma di Potenza e Conteggio [Vibration] sul bersaglio)/2)% danni (max <style=\"highlight\">40%</style>)\n- A 4+ Rison. più alta, infligge invece +(<style=\"highlight\">7.5</style> + (somma di Potenza e Conteggio [Vibration] sul bersaglio)/<style=\"highlight\">1.5</style>)% danni (max <style=\"highlight\">50%</style>)",
          "coinlist": [
            {
              "coindescs": [
                {
                  "desc": "[OnSucceedAttack] Infligge <style=\"highlight\">6</style> [Vibration] e <style=\"highlight\">+6</style> Conteggio [Vibration]"
                },
                {
                  "desc": "[OnSucceedAttack] Innesca [Switch_Vibration] in [VibrationEcho]<style=\"highlight\"></style>"
                },
                {
                  "desc": "[OnSucceedAttack] Innesca [VibrationExplosion]; infine, riduce Conteggio [Vibration] del bersaglio di 1<style=\"highlight\"></style>"
                },
                {
                  "desc": "[OnSucceedAttack] Innesca [VibrationExplosion]; infine, riduce Conteggio [Vibration] del bersaglio di 1<style=\"highlight\"></style>"
                }
              ]
            }
          ]
        }
      ]
    },
    {
      "id": 2060711,
      "levelList": [
        {
          "level": 1,
          "name": "Lazo",
          "abName": "Rosa Cacciatrice",
          "desc": "Potere Moneta +1 per ogni 7 [Burst] sul bersaglio (max 2)",
          "coinlist": [
            {
              "coindescs": [
                {
                  "desc": ""
                }
              ]
            },
            {
              "coindescs": [
                {
                  "desc": "[OnSucceedAttack] Infligge 2 [Snare]"
                }
              ]
            },
            {
              "coindescs": [
                {
                  "desc": "[OnSucceedAttack] Infligge +1 Conteggio [Burst] per ogni 2 Rison. Gola (max 3)"
                }
              ]
            },
            {
              "coindescs": [
                {
                  "desc": "[OnSucceedAttack] Infligge 1 [Laceration]"
                },
                {
                  "desc": "[OnSucceedAttack] Infligge 1 [Burst]"
                }
              ]
            }
          ]
        },
        {
          "level": 3,
          "name": "Lazo",
          "abName": "Rosa Cacciatrice",
          "desc": "<style=\"highlight\">Se la somma della Velocità di quest'unità e del bersaglio è 6 o più, Potere Moneta +1</style>\nPotere Moneta +1 per ogni 7 [Burst] sul bersaglio (max 2)\n<style=\"highlight\">[BeforeAttack] Ottiene 2 [Agility] il turno successivo",
          "coinlist": [
            {
              "coindescs": [
                {
                  "desc": ""
                }
              ]
            },
            {
              "coindescs": [
                {
                  "desc": "[OnSucceedAttack] Infligge 2 [Snare]<style=\"highlight\"></style>"
                }
              ]
            },
            {
              "coindescs": [
                {
                  "desc": "[OnSucceedAttack] Infligge +1 Conteggio [Burst] per ogni 2 Rison. Gola (max 3)<style=\"highlight\"></style>"
                }
              ]
            },
            {
              "coindescs": [
                {
                  "desc": "<style=\"highlight\">[OnSucceedAttack] Infligge casualmente [Laceration] pari a (Velocità di quest'unità/2) tra i bersagli (max 3)</style>"
                },
                {
                  "desc": "<style=\"highlight\">[OnSucceedAttack] Infligge casualmente [Burst] pari a (Velocità di quest'unità/2) tra i bersagli (max 3)</style>"
                }
              ]
            }
          ]
        },
        {
          "level": 4,
          "name": "Lazo",
          "abName": "Rosa Cacciatrice",
          "desc": "Se la somma della Velocità di quest'unità e del bersaglio è 6 o più, Potere Moneta +1\nPotere Moneta +1 per ogni 7 [Burst] sul bersaglio (max 2)\n[BeforeAttack] Ottiene 2 [Agility] il turno successivo<style=\"highlight\"></style>",
          "coinlist": [
            {
              "coindescs": [
                {
                  "desc": ""
                }
              ]
            },
            {
              "coindescs": [
                {
                  "desc": "[OnSucceedAttack] Infligge 2 [Snare]<style=\"highlight\"></style>"
                }
              ]
            },
            {
              "coindescs": [
                {
                  "desc": "<style=\"highlight\">[OnSucceedAttack] Infligge 2 [TakeHpHealReduce] il turno successivo</style>"
                },
                {
                  "desc": "[OnSucceedAttack] Infligge +1 Conteggio [Burst] per ogni 2 Rison. Gola (max 3)<style=\"highlight\"></style>"
                }
              ]
            },
            {
              "coindescs": [
                {
                  "desc": "<style=\"highlight\">[OnSucceedAttack] Infligge casualmente [Laceration] pari a (Velocità di quest'unità/2) tra i bersagli (max 7)</style>"
                },
                {
                  "desc": "<style=\"highlight\">[OnSucceedAttack] Infligge casualmente [Burst] pari a (Velocità di quest'unità/2) tra i bersagli (max 7)</style>"
                }
              ]
            }
          ]
        }
      ]
    },
    {
      "id": 2060721,
      "levelList": [
        {
          "level": 1,
          "name": "Lazo",
          "abName": "Rosa Cacciatrice",
          "desc": "[CantIdentify]\nBersaglia casualmente\nPotere Moneta +1 per ogni 7 [Burst] sul bersaglio (max 2)",
          "coinlist": [
            {
              "coindescs": [
                {
                  "desc": "[OnSucceedAttack] Infligge 3 [Snare]"
                }
              ]
            },
            {
              "coindescs": [
                {
                  "desc": "[OnSucceedAttack] Infligge +2 Conteggio [Laceration]"
                },
                {
                  "desc": "[OnSucceedAttack] Infligge +2 Conteggio [Burst]"
                }
              ]
            },
            {
              "coindescs": [
                {
                  "desc": "[OnSucceedAttack] Infligge +1% danni per ogni [Laceration] sul bersaglio (Max 20%)"
                },
                {
                  "desc": "[OnSucceedAttack] Infligge +1% danni per ogni [Burst] sul bersaglio (Max 20%)"
                }
              ]
            }
          ]
        },
        {
          "level": 3,
          "name": "Lazo",
          "abName": "Rosa Cacciatrice",
          "desc": "[CantIdentify]\nBersaglia casualmente\n<style=\"highlight\">Se la somma della Velocità di quest'unità e del bersaglio è 6 o più, Potere Moneta +1</style>\nPotere Moneta +1 per ogni 7 [Burst] sul bersaglio (max 2)\n<style=\"highlight\">[BeforeAttack] Ottiene 2 [Agility] il turno successivo</style>",
          "coinlist": [
            {
              "coindescs": [
                {
                  "desc": "[OnSucceedAttack] Infligge 3 [Snare]<style=\"highlight\"></style>"
                }
              ]
            },
            {
              "coindescs": [
                {
                  "desc": "[OnSucceedAttack] Infligge +2 Conteggio [Laceration]<style=\"highlight\"></style>"
                },
                {
                  "desc": "[OnSucceedAttack] Infligge +2 Conteggio [Burst]<style=\"highlight\"></style>"
                }
              ]
            },
            {
              "coindescs": [
                {
                  "desc": "[OnSucceedAttack] Infligge +1% danni per ogni [Laceration] sul bersaglio <style=\"highlight\">(max 30%)</style>"
                },
                {
                  "desc": "[OnSucceedAttack] Infligge +1% danni per ogni [Burst] sul bersaglio <style=\"highlight\">(max 30%)</style>"
                }
              ]
            }
          ]
        },
        {
          "level": 4,
          "name": "Lazo",
          "abName": "Rosa Cacciatrice",
          "desc": "[CantIdentify]\nTargets randomly\nSe la somma della Velocità di quest'unità e del bersaglio è 6 o più, Potere Moneta +1\nPotere Moneta +1 per ogni 7 [Burst] sul bersaglio (max 2)\n[BeforeAttack] Ottiene 2 [Agility] il turno successivo\n<style=\"highlight\">[BeforeAttack] A 4+ Rison. Gola o Lussuria, ottiene +1 Peso Attacco</style>",
          "coinlist": [
            {
              "coindescs": [
                {
                  "desc": "[OnSucceedAttack] Infligge 3 [Snare]<style=\"highlight\"></style>"
                }
              ]
            },
            {
              "coindescs": [
                {
                  "desc": "<style=\"highlight\">[OnSucceedAttack] Infligge 3 [TakeHpHealReduce] il turno successivo</style>"
                },
                {
                  "desc": "[OnSucceedAttack] Infligge +2 Conteggio [Laceration]<style=\"highlight\"></style>"
                },
                {
                  "desc": "[OnSucceedAttack] Infligge +2 Conteggio [Burst]<style=\"highlight\"></style>"
                }
              ]
            },
            {
              "coindescs": [
                {
                  "desc": "[OnSucceedAttack] Infligge +1% danni per ogni [Laceration] sul bersaglio (max 30%)<style=\"highlight\"></style>"
                },
                {
                  "desc": "[OnSucceedAttack] Infligge +1% danni per ogni [Burst] sul bersaglio (max 30%)<style=\"highlight\"></style>"
                }
              ]
            }
          ]
        }
      ]
    },
    {
      "id": 2060811,
      "levelList": [
        {
          "level": 1,
          "name": "Lacrime del Sangue Immondo - Principio [始]",
          "abName": "Yinglong",
          "desc": "[CantDuel]\nIgnores the target's Defense Skill\nThis Skill does not hit an enemy\n[EndSkill] Gain [DragonLance]",
          "coinlist": [
            {
              "coindescs": [
                {
                  "desc": "This unit takes fixed damage by this Skill's Final Power\n- This damage does not Stagger or reduce this unit's PV below 1"
                }
              ]
            }
          ]
        },
        {
          "level": 3,
          "name": "Lacrime del Sangue Immondo - Principio [始]",
          "abName": "Yinglong",
          "desc": "[CantDuel]\nIgnores the target's Defense Skill\nThis Skill does not hit an enemy\n[EndSkill] Gain [DragonLance]<style=\"highlight\"></style>",
          "coinlist": [
            {
              "coindescs": [
                {
                  "desc": "This unit takes fixed damage by this Skill's Final Power\n- This damage does not Stagger or reduce this unit's PV below 1<style=\"highlight\"></style>"
                }
              ]
            }
          ]
        },
        {
          "level": 4,
          "name": "Lacrime del Sangue Immondo - Principio [始]",
          "abName": "Yinglong",
          "desc": "[CantDuel]\nIgnores the target's Defense Skill\nThis Skill does not hit an enemy\n[EndSkill] Gain [DragonLance]<style=\"highlight\"></style>",
          "coinlist": [
            {
              "coindescs": [
                {
                  "desc": "This unit takes fixed damage by this Skill's Final Power\n- This damage does not Stagger or reduce this unit's PV below 1<style=\"highlight\"></style>"
                }
              ]
            }
          ]
        }
      ]
    },
    {
      "id": 2060812,
      "levelList": [
        {
          "level": 1,
          "name": "Lacrime del Sangue Immondo - La Fine [終]",
          "abName": "Yinglong",
          "desc": "This Skill does not consume E.G.O Resources\n[CantDuel]\nDeal +2% damage for every [DragonLance] on self (max 6%)\nDeal +4% damage for every [CondensedBlood] on self (max 20%)\n[WhenUse] If main target has 5+ [Burst], Coin Power +1\n[WhenUse] At 3+ [CondensedBlood], Atk Weight +1 and Base Power +1\n[EndSkill] Remove [DragonLance] and [CondensedBlood] from self, then dies",
          "coinlist": [
            {
              "coindescs": [
                {
                  "desc": "[OnSucceedAttack] Inflict +3 [Burst] Count"
                }
              ]
            },
            {
              "coindescs": [
                {
                  "desc": "[OnSucceedAttack] Inflict 2 [Burst]"
                }
              ]
            },
            {
              "coindescs": [
                {
                  "desc": "[OnSucceedAttack] Inflict 2 [Burst]"
                }
              ]
            },
            {
              "coindescs": [
                {
                  "desc": "[OnSucceedAttack] Inflict 2 [Burst]"
                }
              ]
            }
          ]
        },
        {
          "level": 3,
          "name": "Lacrime del Sangue Immondo - La Fine [終]",
          "abName": "Yinglong",
          "desc": "This Skill does not consume E.G.O Resources\n[CantDuel]\nDeal <style=\"highlight\">+3%</style> damage for every [DragonLance] on self (max <style=\"highlight\">9%</style>)\nDeal <style=\"highlight\">+6%</style> damage for every [CondensedBlood] on self (max <style=\"highlight\">30%</style>)\n<style=\"highlight\">[WhenUse] Coin Power +1 for every 5 [Burst] on main target (max 2)</style>\n[WhenUse] At 3+ [CondensedBlood], Atk Weight +1 and Base Power +1\n<style=\"highlight\">- At 4+ [CondensedBlood], Atk Weight +2 and Base Power +2 instead</style>\n[EndSkill] Remove [DragonLance] and [CondensedBlood] from self, then dies",
          "coinlist": [
            {
              "coindescs": [
                {
                  "desc": "[OnSucceedAttack] Inflict +3 [Burst] Count<style=\"highlight\"></style>"
                }
              ]
            },
            {
              "coindescs": [
                {
                  "desc": "[OnSucceedAttack] Inflict 2 [Burst]<style=\"highlight\"></style>"
                }
              ]
            },
            {
              "coindescs": [
                {
                  "desc": "[OnSucceedAttack] Inflict 2 [Burst]<style=\"highlight\"></style>"
                }
              ]
            },
            {
              "coindescs": [
                {
                  "desc": "[OnSucceedAttack] Inflict 2 [Burst]<style=\"highlight\"></style>"
                }
              ]
            }
          ]
        },
        {
          "level": 4,
          "name": "Lacrime del Sangue Immondo - La Fine [終]",
          "abName": "Yinglong",
          "desc": "This Skill does not consume E.G.O Resources\n[CantDuel]\nDeal +3% damage for every [DragonLance] on self (max 9%)\nDeal +6% damage for every [CondensedBlood] on self (max 30%)\n[WhenUse] Coin Power +1 for every 5 [Burst] on main target (max <style=\"highlight\">3</style>)\n[WhenUse] At 3+ [CondensedBlood], Atk Weight +1 and Base Power +1\n- At 4+ [CondensedBlood], Atk Weight +2 and Base Power +2 instead\n<style=\"highlight\">- At 5+ [CondensedBlood], Atk Weight +3 and Base Power +3 instead</style>\n[EndSkill] Remove [DragonLance] and [CondensedBlood] from self, then dies",
          "coinlist": [
            {
              "coindescs": [
                {
                  "desc": "[OnSucceedAttack] Inflict +3 [Burst] Count<style=\"highlight\"></style>"
                }
              ]
            },
            {
              "coindescs": [
                {
                  "desc": "[OnSucceedAttack] Inflict 2 [Burst]<style=\"highlight\"></style>"
                }
              ]
            },
            {
              "coindescs": [
                {
                  "desc": "[OnSucceedAttack] Inflict 2 [Burst]<style=\"highlight\"></style>"
                }
              ]
            },
            {
              "coindescs": [
                {
                  "desc": "[OnSucceedAttack] Inflict 2 [Burst]<style=\"highlight\"></style>"
                }
              ]
            }
          ]
        }
      ]
    },
    {
      "id": 2060821,
      "levelList": [
        {
          "level": 1,
          "name": "Lacrime del Sangue Immondo - Principio [始]",
          "abName": "Yinglong",
          "desc": "[CantIdentify]\nTargets Randomly\n[BeforeAttack] At 4+ highest Reson., Atk Weight +1\n[BeforeAttack] -2 Base Power for every Cracked Coin (max -8)\n[EndSkill] Gain [DragonLance]",
          "coinlist": [
            {
              "coindescs": [
                {
                  "desc": "[SuperCoin]<style=\"highlight\"></style>"
                },
                {
                  "desc": "[OnSucceedAttack] Inflict +2 [Burst] Count<style=\"highlight\"></style>"
                }
              ]
            },
            {
              "coindescs": [
                {
                  "desc": "[SuperCoin]<style=\"highlight\"></style>"
                }
              ]
            },
            {
              "coindescs": [
                {
                  "desc": "[SuperCoin]<style=\"highlight\"></style>"
                }
              ]
            },
            {
              "coindescs": [
                {
                  "desc": "[SuperCoin]<style=\"highlight\"></style>"
                }
              ]
            }
          ]
        },
        {
          "level": 3,
          "name": "Lacrime del Sangue Immondo - Principio [始]",
          "abName": "Yinglong",
          "desc": "[CantIdentify]\nTargets Randomly\n[BeforeAttack] At 4+ highest Reson., Atk Weight +1\n[BeforeAttack] -2 Base Power for every Cracked Coin (max -8)\n[EndSkill] Gain [DragonLance]<style=\"highlight\"></style>",
          "coinlist": [
            {
              "coindescs": [
                {
                  "desc": "[SuperCoin]<style=\"highlight\"></style>"
                },
                {
                  "desc": "[OnSucceedAttack] Inflict +2 [Burst] Count<style=\"highlight\"></style>"
                }
              ]
            },
            {
              "coindescs": [
                {
                  "desc": "[SuperCoin]<style=\"highlight\"></style>"
                },
                {
                  "desc": "[OnSucceedAttack] Inflict 1 [Burst]<style=\"highlight\"></style>"
                }
              ]
            },
            {
              "coindescs": [
                {
                  "desc": "[SuperCoin]<style=\"highlight\"></style>"
                },
                {
                  "desc": "[OnSucceedAttack] Inflict 1 [Burst]<style=\"highlight\"></style>"
                }
              ]
            },
            {
              "coindescs": [
                {
                  "desc": "[SuperCoin]<style=\"highlight\"></style>"
                },
                {
                  "desc": "[OnSucceedAttack] Inflict 1 [Burst]<style=\"highlight\"></style>"
                }
              ]
            }
          ]
        },
        {
          "level": 4,
          "name": "Lacrime del Sangue Immondo - Principio [始]",
          "abName": "Yinglong",
          "desc": "[CantIdentify]\nTargets Randomly\n[BeforeAttack] At 4+ highest Reson., Atk Weight +1\n<style=\"highlight\">- At 6+ highest Reson., Atk Weight +2 instead</style>\n[BeforeAttack] -2 Base Power for every Cracked Coin (max -8)\n[EndSkill] Gain [DragonLance]",
          "coinlist": [
            {
              "coindescs": [
                {
                  "desc": "[SuperCoin]<style=\"highlight\"></style>"
                },
                {
                  "desc": "[OnSucceedAttack] Inflict +2 [Burst] Count<style=\"highlight\"></style>"
                }
              ]
            },
            {
              "coindescs": [
                {
                  "desc": "[SuperCoin]<style=\"highlight\"></style>"
                },
                {
                  "desc": "[OnSucceedAttack] Inflict 1 [Burst]<style=\"highlight\"></style>"
                }
              ]
            },
            {
              "coindescs": [
                {
                  "desc": "[SuperCoin]<style=\"highlight\"></style>"
                },
                {
                  "desc": "[OnSucceedAttack] Inflict 1 [Burst]<style=\"highlight\"></style>"
                }
              ]
            },
            {
              "coindescs": [
                {
                  "desc": "[SuperCoin]<style=\"highlight\"></style>"
                },
                {
                  "desc": "[OnSucceedAttack] Inflict 1 [Burst]<style=\"highlight\"></style>"
                }
              ]
            }
          ]
        }
      ]
    }
  ]
}
