{
  "dataList": [
    {
      "id": 836301,
      "levelList": [
        {
          "level": 1,
          "name": "Understanding",
          "desc": "If the target has 10- PS, Clash Power +1\n[WhenUse] Gain 1 [VioletUnderstand]",
          "coinlist": [
            {
              "coindescs": [
                {
                  "desc": "[OnSucceedAttack] Inflict 1 [MentalCrack]"
                }
              ]
            }
          ]
        }
      ]
    },
    {
      "id": 836302,
      "levelList": [
        {
          "level": 1,
          "name": "Perception",
          "desc": "If the target has 10- PS, Clash Power +1\n[WhenUse] Gain 2 [VioletUnderstand]",
          "coinlist": [
            {
              "coindescs": [
                {
                  "desc": "[OnSucceedAttack] Inflict 1 [VioletTakeDamageUp]"
                }
              ]
            },
            {
              "coindescs": [
                {
                  "desc": "[OnSucceedAttack] Inflict 1 [MentalCrack]"
                }
              ]
            }
          ]
        }
      ]
    },
    {
      "id": 836303,
      "levelList": [
        {
          "level": 1,
          "name": "Salvation",
          "desc": "If the target has 10- PS, Clash Power +1\n[WhenUse] Gain 1 [VioletUnderstand]",
          "coinlist": [
            {
              "coindescs": [
                {
                  "desc": "[OnSucceedAttack] Inflict 1 [VioletTakeDamageUp]"
                }
              ]
            },
            {
              "coindescs": [
                {
                  "desc": "[OnSucceedAttack] Inflict 1 [MentalCrack]"
                }
              ]
            }
          ]
        }
      ]
    },
    {
      "id": 836304,
      "levelList": [
        {
          "level": 1,
          "name": "What is Incomprehensible",
          "desc": "[WhenUse] Gain 2 [VioletUnderstand]",
          "coinlist": [
            {
              "coindescs": [
                {
                  "desc": ""
                }
              ]
            }
          ]
        }
      ]
    },
    {
      "id": 836305,
      "levelList": [
        {
          "level": 1,
          "name": "Decay",
          "desc": "[CantDuel]\n[EndSkill] Dies",
          "coinlist": [
            {
              "coindescs": [
                {
                  "desc": "[OnSucceedAttack] Inflict 2 [VioletTakeDamageUp] next turn"
                },
                {
                  "desc": "[OnSucceedAttack] Deal 10~14 PS damage"
                }
              ]
            }
          ]
        }
      ]
    },
    {
      "id": 836601,
      "levelList": [
        {
          "level": 1,
          "name": "Mercy",
          "desc": "If the target has 20- PS, Clash Power +1",
          "coinlist": [
            {
              "coindescs": [
                {
                  "desc": "[OnSucceedAttack] Inflict 1 [VioletTakeDamageUp]"
                }
              ]
            },
            {
              "coindescs": [
                {
                  "desc": "[OnSucceedAttack] Inflict 1 [MentalCrack]"
                }
              ]
            }
          ]
        }
      ]
    },
    {
      "id": 836602,
      "levelList": [
        {
          "level": 1,
          "name": "Love",
          "desc": "If the target has 20- PS, Clash Power +1",
          "coinlist": [
            {
              "coindescs": [
                {
                  "desc": "[OnSucceedAttack] Inflict 1 [VioletTakeDamageUp]"
                }
              ]
            },
            {
              "coindescs": [
                {
                  "desc": "[OnSucceedAttack] Inflict 1 [MentalCrack]"
                }
              ]
            }
          ]
        }
      ]
    },
    {
      "id": 836603,
      "levelList": [
        {
          "level": 1,
          "name": "Flickering Glyphs of Understanding",
          "desc": "[CantDuel]",
          "coinlist": [
            {
              "coindescs": [
                {
                  "desc": "[OnSucceedAttack] Inflict 1 [MentalCrack]"
                }
              ]
            },
            {
              "coindescs": [
                {
                  "desc": "[OnSucceedAttack] Inflict 1 [MentalCrack]"
                }
              ]
            }
          ]
        }
      ]
    },
    {
      "id": 836604,
      "levelList": [
        {
          "level": 1,
          "name": "Flickering Glyphs of Understanding",
          "desc": "If the target has 20- PS, Clash Power +1",
          "coinlist": [
            {
              "coindescs": [
                {
                  "desc": "[OnSucceedAttack] Inflict 2 [VioletTakeDamageUp]"
                }
              ]
            },
            {
              "coindescs": [
                {
                  "desc": "[OnSucceedAttack] Inflict 1 [MentalCrack]"
                }
              ]
            }
          ]
        }
      ]
    },
    {
      "id": 836605,
      "levelList": [
        {
          "level": 1,
          "name": "What is Incomprehensible",
          "desc": "[WhenUse] Gain 2 [Protection]",
          "coinlist": [
            {
              "coindescs": [
                {
                  "desc": ""
                }
              ]
            }
          ]
        }
      ]
    },
    {
      "id": 836606,
      "levelList": [
        {
          "level": 1,
          "name": "Rushing Arms of Rest",
          "desc": "[CantDuel]",
          "coinlist": [
            {
              "coindescs": [
                {
                  "desc": "[OnSucceedAttack] Deal 100 PV damage"
                }
              ]
            }
          ]
        }
      ]
    }
  ]
}