{
  "dataList": [
    {
      "id": 2050511,
      "levelList": [
        {
          "level": 1,
          "name": "Rimpianto",
          "abName": "Assassino Dimenticato",
          "desc": "[BeforeAttack] Rimuove 1 effetto negativo rimovibile applicato a sé",
          "coinlist": [
            {
              "coindescs": [
                {
                  "desc": "[OnSucceedAttack] Infligge +2 Conteggio [Vibration]; Infligge un ulteriore (Rison-A Ira /3) Conteggio [Vibration]"
                },
                {
                  "desc": "[OnSucceedAttack] Innesca [VibrationExplosion]"
                }
              ]
            }
          ]
        },
        {
          "level": 3,
          "name": "Rimpianto",
          "abName": "Assassino Dimenticato",
          "desc": "[BeforeAttack] Rimuove 1 effetto negativo rimovibile applicato a sé",
          "coinlist": [
            {
              "coindescs": [
                {
                  "desc": "[OnSucceedAttack] Infligge +2 Conteggio [Vibration]; Infligge un ulteriore (Rison-A Ira /3) Conteggio [Vibration]"
                },
                {
                  "desc": "[OnSucceedAttack] Innesca [VibrationExplosion]\nSe il bersaglio non ha una Soglia di Vacillamento durante l'innesco di [VibrationExplosion],\ninfligge danno da Ira pari al (6 + 2x(Rison-A Ira))% di quanto è stata alzata la Soglia di Vacillamento"
                }
              ]
            }
          ]
        },
        {
          "level": 4,
          "name": "Rimpianto",
          "abName": "Assassino Dimenticato",
          "desc": "[BeforeAttack] Rimuove 2 effetti negativi rimovibili applicato a sé",
          "coinlist": [
            {
              "coindescs": [
                {
                  "desc": "[OnSucceedAttack] Infligge +3 Conteggio [Vibration]; Infligge un ulteriore (Rison-A Ira /3) Conteggio [Vibration]"
                },
                {
                  "desc": "[OnSucceedAttack] Innesca [VibrationExplosion]\nSe il bersaglio non ha una Soglia di Vacillamento durante l'innesco di [VibrationExplosion],\ninfligge danno da Ira pari al (12 + 3x(Rison-A Ira))% di quanto è stata alzata la Soglia di Vacillamento"
                }
              ]
            }
          ]
        }
      ]
    },
    {
      "id": 2050521,
      "levelList": [
        {
          "level": 1,
          "name": "Rimpianto",
          "abName": "Assassino Dimenticato",
          "desc": "[CantIdentify]\nBersaglia casualmente\n[BeforeAttack] Se quest'unità ha un effetto negativo su di sé, Peso Attacco +1",
          "coinlist": [
            {
              "coindescs": [
                {
                  "desc": "[OnSucceedAttack] Innesca [VibrationExplosion]\nLa quantità di Soglia di Vacillamento che aumenta in base a [VibrationExplosion] incrementa del 30% di [Vibration] sul bersaglio.\nRiduce Conteggio [Vibration] di 1."
                },
                {
                  "desc": "[EndSkill] Ottiene 3 [Binding] e 1 [HitResultUp] il turno successivo"
                }
              ]
            }
          ]
        },
        {
          "level": 3,
          "name": "Rimpianto",
          "abName": "Assassino Dimenticato",
          "desc": "[CantIdentify]\nBersaglia casualmente\n[BeforeAttack] Se quest'unità ha un effetto negativo su di sé, Peso Attacco +1",
          "coinlist": [
            {
              "coindescs": [
                {
                  "desc": "[OnSucceedAttack] Innesca [VibrationExplosion]\nLa quantità di Soglia di Vacillamento che aumenta in base a [VibrationExplosion] incrementa del 40% di [Vibration] sul bersaglio.\nSe il bersaglio non ha una Soglia di Vacillamento durante l'innesco di [VibrationExplosion],\ninfligge danno da Ira pari al (6 + 2x(Rison-A Ira))% di quanto è stata alzata la Soglia di Vacillamento\nRiduce Conteggio [Vibration] di 1"
                },
                {
                  "desc": "[EndSkill] Ottiene 3 [Binding] e 1 [HitResultUp] il turno successivo"
                }
              ]
            }
          ]
        },
        {
          "level": 4,
          "name": "Rimpianto",
          "abName": "Assassino Dimenticato",
          "desc": "[CantIdentify]\nBersaglia casualmente\n[BeforeAttack] Se quest'unità ha un effetto negativo su di sé, Peso Attacco +2",
          "coinlist": [
            {
              "coindescs": [
                {
                  "desc": "[OnSucceedAttack] Innesca [VibrationExplosion]\nLa quantità di Soglia di Vacillamento che aumenta in base a [VibrationExplosion] incrementa del 40% di [Vibration] sul bersaglio.\nSe il bersaglio non ha una Soglia di Vacillamento durante l'innesco di [VibrationExplosion],\ninfligge danno da Ira pari al (12 + 3x(Rison-A Ira))%di quanto è stata alzata la Soglia di Vacillamento\nRiduce Conteggio [Vibration] di 1"
                },
                {
                  "desc": "[EndSkill] Ottiene 3 [Binding] e 1 [HitResultUp] il turno successivo"
                }
              ]
            }
          ]
        }
      ]
    },
    {
      "id": 2050611,
      "levelList": [
        {
          "level": 1,
          "name": "Strillo Elettrico",
          "abName": "Pecora Elettrica Sognante",
          "desc": "[BeforeAttack] Ottiene +8 Conteggio [Charge]\n[EndSkill] Applica +8 Conteggio [Charge] ad 1 altro alleato con il Conteggio [Charge] minore\n- Il numero degli alleati a cui viene applicato quest'effetto aumenta di (Rison. Invidia più alta - 2) (max 3)",
          "coinlist": [
            {
              "coindescs": [
                {
                  "desc": "[OnSucceedAttack] Inflict 3 [Burst]"
                }
              ]
            }
          ]
        },
        {
          "level": 3,
          "name": "Strillo Elettrico",
          "abName": "Pecora Elettrica Sognante",
          "desc": "[BeforeAttack] Ottiene +8 Conteggio [Charge]\n[EndSkill] Applica +8 Conteggio [Charge] ad 1 altro alleato con il Conteggio [Charge] minore\n- Il numero degli alleati a cui viene applicato quest'effetto aumenta di (Rison. Invidia più alta - 2) (max 4)\n- A 4+ (Rison. Invidia più alta), applica 1 [VioletDamageUp] a sé e agli alleati a cui è stato applicato l'effetto precedente",
          "coinlist": [
            {
              "coindescs": [
                {
                  "desc": "[OnSucceedAttack] Infligge 3 [Burst]"
                }
              ]
            }
          ]
        },
        {
          "level": 4,
          "name": "Strillo Elettrico",
          "abName": "Pecora Elettrica Sognante",
          "desc": "[BeforeAttack] Ottiene +12 Conteggio [Charge]\n[EndSkill] Applica +8 Conteggio [Charge] ad 1 altro alleato con il Conteggio [Charge] minore\n- Il numero degli alleati a cui viene applicato quest'effetto aumenta di (Rison. Invidia più alta - 2) (max <style=\"highlight\">5</style>)\n- A 4+ (Rison. Invidia più alta), applica 1 [VioletDamageUp] a sé e agli alleati a cui è stato applicato l'effetto precedente\n<style=\"highlight\">- A 6+ (Rison. Invidia più alta), applica 1 [VioletDamageUp] a sé e agli alleati a cui è stato applicato l'effetto precedente</style>",
          "coinlist": [
            {
              "coindescs": [
                {
                  "desc": "[OnSucceedAttack] Infligge 3 [Burst]"
                }
              ]
            }
          ]
        }
      ]
    },
    {
      "id": 2050621,
      "levelList": [
        {
          "level": 1,
          "name": "Strillo Elettrico",
          "abName": "Pecora Elettrica Sognante",
          "desc": "[CantIdentify]\nBersaglia casualmente\n[BeforeAttack] Ottiene Peso Attacco pari a (Rison. Invidia più alta - 2) (max 2)\n[BeforeAttack] Se quest'unità ha 10+ Conteggio [Charge], spende fino a 20 Conteggio [Charge] Count; infligge +2% danni per ogni Conteggio [Charge] consumato (max 40%)",
          "coinlist": [
            {
              "coindescs": [
                {
                  "desc": "[OnSucceedAttack] Infligge 1 [Paralysis]"
                },
                {
                  "desc": "[OnSucceedAttack] Infligge 3 [Burst]"
                }
              ]
            }
          ]
        },
        {
          "level": 3,
          "name": "Strillo Elettrico",
          "abName": "Pecora Elettrica Sognante",
          "desc": "[CantIdentify]\nBersaglia casualmente\n[BeforeAttack] Ottiene Peso Attacco pari a (Rison. Invidia più alta - 2) (max <style=\"highlight\">3</style>)\n[BeforeAttack] Se quest'unità ha 10+ Conteggio [Charge], spende fino a 20 Conteggio [Charge] Count; infligge +<style=\"highlight\">2.5</style>% danni per ogni Conteggio [Charge] consumato (max <style=\"highlight\">50</style>%)",
          "coinlist": [
            {
              "coindescs": [
                {
                  "desc": "[OnSucceedAttack] Infligge 1 [Paralysis]"
                },
                {
                  "desc": "[OnSucceedAttack] Infligge 3 [Burst]"
                }
              ]
            }
          ]
        },
        {
          "level": 4,
          "name": "Strillo Elettrico",
          "abName": "Pecora Elettrica Sognante",
          "desc": "[CantIdentify]\nBersaglia casualmente\n[BeforeAttack]Ottiene Peso Attacco pari a (Rison. Invidia più alta - 2) (max 3)\n<style=\"highlight\">[BeforeAttack] A 10+ Conteggio [Charge], applica gli effetti di 'Sul Colpo' due volte</style>\n[BeforeAttack] Se quest'unità ha 10+ Conteggio [Charge], spende fino a 20 Conteggio [Charge] Count; infligge +<style=\"highlight\">3</style>% danni per ogni Conteggio [Charge] consumato (max <style=\"highlight\">60</style>%)",
          "coinlist": [
            {
              "coindescs": [
                {
                  "desc": "[OnSucceedAttack] Infligge 1 [Paralysis]"
                },
                {
                  "desc": "[OnSucceedAttack] Infligge 3 [Burst]"
                }
              ]
            }
          ]
        }
      ]
    },
    {
      "id": 2050711,
      "levelList": [
        {
          "level": 1,
          "name": "Mircalla Bramante",
          "abName": "Quattrocento Rose",
          "desc": "[EndSkill] Per 3 turni, perde 10 PS a Fine Turno",
          "coinlist": [
            {
              "coindescs": [
                {
                  "desc": "[OnSucceedAttack] Infligge 2 [Laceration]"
                }
              ]
            },
            {
              "coindescs": [
                {
                  "desc": "[OnSucceedAttack] Infligge 2 [Laceration]"
                }
              ]
            },
            {
              "coindescs": [
                {
                  "desc": "[SuperCoin]"
                },
                {
                  "desc": "[WinDuelAttack] Infligge +2 Conteggio [RoseWedge]"
                },
                {
                  "desc": "[OnSucceedAttack] Infligge +1 Conteggio [RoseWedge]"
                }
              ]
            },
            {
              "coindescs": [
                {
                  "desc": "[SuperCoin]"
                },
                {
                  "desc": "[WinDuelAttack] Attiva [Laceration] sul bersaglio una volta (il bersaglio perde 1 Conteggio [Laceration])"
                }
              ]
            }
          ]
        },
        {
          "level": 3,
          "name": "Mircalla Bramante",
          "abName": "Quattrocento Rose",
          "desc": "<style=\"highlight\">Se il bersaglio ha 6+ [Laceration], Potere Moneta +1</style>\n[EndSkill] Per 3 turni, perde 10 PS a Fine Turno",
          "coinlist": [
            {
              "coindescs": [
                {
                  "desc": "[OnSucceedAttack] Infligge 2 [Laceration]<style=\"highlight\"></style>"
                },
                {
                  "desc": "<style=\"highlight\">[OnSucceedAttack] A 4+ Rison. più alta, attiva [Laceration] sul bersaglio una volta (il bersaglio perde 1 Conteggio [Laceration])</style>"
                }
              ]
            },
            {
              "coindescs": [
                {
                  "desc": "[OnSucceedAttack] Infligge 2 [Laceration]<style=\"highlight\"></style>"
                },
                {
                  "desc": "<style=\"highlight\">[OnSucceedAttack] A 4+ Rison. più alta, attiva [Laceration] sul bersaglio una volta (il bersaglio perde 1 Conteggio [Laceration])</style>"
                }
              ]
            },
            {
              "coindescs": [
                {
                  "desc": "[SuperCoin]"
                },
                {
                  "desc": "[WinDuelAttack] Infligge +2 Conteggio [RoseWedge]<style=\"highlight\"></style>"
                },
                {
                  "desc": "[OnSucceedAttack] Infligge +1 Conteggio [RoseWedge]<style=\"highlight\"></style>"
                }
              ]
            },
            {
              "coindescs": [
                {
                  "desc": "[SuperCoin]"
                },
                {
                  "desc": "[WinDuelAttack] Attiva [Laceration] sul bersaglio <style=\"highlight\">(1 + (Rison. più alta/2)) volte. (3 volte max; il bersaglio perde Conteggio [Laceration] pari al numero di quante volte [Laceration] è stata attivata)"
                }
              ]
            }
          ]
        },
        {
          "level": 4,
          "name": "Mircalla Bramante",
          "abName": "Quattrocento Rose",
          "desc": "<style=\"highlight\">Potere Moneta +1 per ogni 6 [Laceration] sul bersaglio (max 2)</style>\n[EndSkill] Per 3 turni, perde 10 PS a Fine Turno",
          "coinlist": [
            {
              "coindescs": [
                {
                  "desc": "[OnSucceedAttack] Infligge 2 [Laceration]<style=\"highlight\"></style>"
                },
                {
                  "desc": "[OnSucceedAttack] A 4+ Rison. più alta, attiva [Laceration] sul bersaglio una volta (il bersaglio perde 1 Conteggio [Laceration])<style=\"highlight\"></style>"
                }
              ]
            },
            {
              "coindescs": [
                {
                  "desc": "[OnSucceedAttack] Infligge 2 [Laceration]<style=\"highlight\"></style>"
                },
                {
                  "desc": "[OnSucceedAttack] A 4+ Rison. più alta, attiva [Laceration] sul bersaglio una volta (il bersaglio perde 1 Conteggio [Laceration])<style=\"highlight\"></style>"
                }
              ]
            },
            {
              "coindescs": [
                {
                  "desc": "[SuperCoin]"
                },
                {
                  "desc": "[WinDuelAttack] Infligge +2 Conteggio [RoseWedge]<style=\"highlight\"></style>"
                },
                {
                  "desc": "[OnSucceedAttack] Infligge +<style=\"highlight\">2</style> Conteggio [RoseWedge]"
                }
              ]
            },
            {
              "coindescs": [
                {
                  "desc": "[SuperCoin]"
                },
                {
                  "desc": "[WinDuelAttack] Attiva [Laceration] sul bersaglio (1 + (Rison. più alta/2)) volte. (3 volte max; il bersaglio perde Conteggio [Laceration] pari al numero di quante volte [Laceration] è stata attivata)<style=\"highlight\"></style>"
                },
                {
                  "desc": "<style=\"highlight\">[EnemyKill] Se il danno inflitto supera i PV rimanenti del nemico, infligge il danno in eccesso come danno fisso tra tutti i nemici. (min 1)</style>"
                }
              ]
            }
          ]
        }
      ]
    },
    {
      "id": 2050721,
      "levelList": [
        {
          "level": 1,
          "name": "Mircalla Bramante",
          "abName": "Quattrocento Rose",
          "desc": "[CantIdentify]\nBersaglia casualmente\n[WhenUse] Consuma fino al 10% dei PV Max di quest'unità e infligge (PV consumati / 2) danni a tutti i nemici ed alleati\n- Con meno del 50% dei PV Max su quest'unità, infligge ed attiva invece 5 [Laceration] su tutti gli alleati una volta (perde 1 Conteggio [Laceration]). Si cura di PV pari alla quantità di danno da [Laceration] inflitto agli alleati",
          "coinlist": [
            {
              "coindescs": [
                {
                  "desc": "[OnSucceedAttack] Infligge 2 [Laceration] su sé e sul bersaglio"
                }
              ]
            },
            {
              "coindescs": [
                {
                  "desc": "[OnSucceedAttack] Infligge 2 [Laceration] su sé e sul bersaglio"
                }
              ]
            },
            {
              "coindescs": [
                {
                  "desc": "[SuperCoin]"
                },
                {
                  "desc": "[WinDuelAttack] Infligge +2 Conteggio [RoseWedge]"
                },
                {
                  "desc": "[OnSucceedAttack] Infligge +1 Conteggio [RoseWedge]"
                },
                {
                  "desc": "- Se il bersaglio non ha [RoseWedge], infligge 4 Potenza [RoseWedge] addizionale"
                }
              ]
            },
            {
              "coindescs": [
                {
                  "desc": "[SuperCoin]"
                },
                {
                  "desc": "[WinDuelAttack] Attiva [Laceration] sul bersaglio una volta 1 [Laceration] Count)"
                }
              ]
            }
          ]
        },
        {
          "level": 3,
          "name": "Mircalla Bramante",
          "abName": "Quattrocento Rose",
          "desc": "[CantIdentify]\nBersaglia casualmente\n<style=\"highlight\">A 6+ (somma di [Laceration] su sé e sul bersaglio), Potere Moneta +1</style>\n[WhenUse] Consuma fino al 10% dei PV Max di quest'unità e infligge (PV consumati / 2) danni a tutti i nemici ed alleati\n- Con meno del 50% dei PV Max su quest'unità, infligge ed attiva invece 5 [Laceration] su tutti gli alleati una volta (perde 1 Conteggio [Laceration]). Si cura di PV pari alla quantità di danno da [Laceration] inflitto agli alleati",
          "coinlist": [
            {
              "coindescs": [
                {
                  "desc": "[OnSucceedAttack] Infligge <style=\"highlight\">3</style> [Laceration] su sé e sul bersaglio"
                }
              ]
            },
            {
              "coindescs": [
                {
                  "desc": "[OnSucceedAttack] Infligge <style=\"highlight\">3</style> [Laceration] su sé e sul bersaglio"
                }
              ]
            },
            {
              "coindescs": [
                {
                  "desc": "[SuperCoin]"
                },
                {
                  "desc": "[WinDuelAttack] Infligge +2 Conteggio [RoseWedge]<style=\"highlight\"></style>"
                },
                {
                  "desc": "[OnSucceedAttack] Infligge +1 Conteggio [RoseWedge]<style=\"highlight\"></style>"
                },
                {
                  "desc": "- Se il bersaglio non ha [RoseWedge], infligge 4 Potenza [RoseWedge] addizionale<style=\"highlight\"></style>"
                }
              ]
            },
            {
              "coindescs": [
                {
                  "desc": "[SuperCoin]"
                },
                {
                  "desc": "[WinDuelAttack] Attiva [Laceration] <style=\"highlight\">(1 + (highest Reson./2)) volte. (3 volte max; il bersaglio perde Conteggio [Laceration] pari al numero delle volte che è stato attivato)</style>"
                }
              ]
            }
          ]
        },
        {
          "level": 4,
          "name": "Mircalla Bramante",
          "abName": "Quattrocento Rose",
          "desc": "[CantIdentify]\nBersaglia casualmente\nPotere Moneta +1 per ogni 6 (somma di [Laceration] su sé e sul bersaglio) <style=\"highlight\">(max 3)</style>\n[WhenUse] Consuma fino al 10% dei PV Max di quest'unità e infligge (PV consumati / 2) danni a tutti i nemici ed alleati\n- Con meno del 50% dei PV Max su quest'unità, infligge ed attiva invece 5 [Laceration] su tutti gli alleati una volta (perde 1 Conteggio [Laceration]). Si cura di PV pari alla quantità di danno da [Laceration] inflitto agli alleati",
          "coinlist": [
            {
              "coindescs": [
                {
                  "desc": "[OnSucceedAttack] Infligge 3 [Laceration] su sé e sul bersaglio<style=\"highlight\"></style>"
                },
                {
                  "desc": "<style=\"highlight\">[OnSucceedAttack] Attiva [Laceration] su sé e sul bersaglio una volta (entrambi perdono 1 Conteggio [Laceration])</style>"
                }
              ]
            },
            {
              "coindescs": [
                {
                  "desc": "[OnSucceedAttack] Infligge 3 [Laceration] su sé e sul bersaglio<style=\"highlight\"></style>"
                },
                {
                  "desc": "<style=\"highlight\">[OnSucceedAttack] Attiva [Laceration] su sé e sul bersaglio una volta (entrambi perdono 1 Conteggio [Laceration])</style>"
                }
              ]
            },
            {
              "coindescs": [
                {
                  "desc": "[SuperCoin]"
                },
                {
                  "desc": "[WinDuelAttack] Infligge +2 Conteggio [RoseWedge]<style=\"highlight\"></style>"
                },
                {
                  "desc": "[OnSucceedAttack] Infligge +<style=\"highlight\">2</style> Conteggio [RoseWedge]"
                },
                {
                  "desc": "- Se il bersaglio non ha [RoseWedge], infligge 4 Potenza [RoseWedge] addizionale<style=\"highlight\"></style>"
                }
              ]
            },
            {
              "coindescs": [
                {
                  "desc": "[SuperCoin]"
                },
                {
                  "desc": "[WinDuelAttack] Attiva [Laceration] sul bersaglio (1 + (Rison. più alta/2)) volte. (3 volte max; il bersaglio perde Conteggio [Laceration] pari al numero delle volte che è stato attivato)<style=\"highlight\"></style>"
                },
                {
                  "desc": "<style=\"highlight\">[EnemyKill] Se il danno inflitto supera i PV rimanenti del nemico, infligge il danno in eccesso come danno fisso tra tutti i nemici. (min 1)</style>"
                }
              ]
            }
          ]
        }
      ]
    },
    {
      "id": 2050811,
      "levelList": [
        {
          "level": 1,
          "name": "Crushbound Past",
          "abName": "Steam Transport Machine",
          "desc": "[EndSkill] For 3 turns, lose 10 SP at Turn End\n[EndSkill] When activating odd-numbered (Sloth Reson.) in odd-numbered turns, or when activating even-numbered (Sloth Reson.) in even-numbered turns, heal 10 SP",
          "coinlist": [
            {
              "coindescs": [
                {
                  "desc": "[OnSucceedAttack] Inflict +2 [Vibration] Count"
                },
                {
                  "desc": "[OnSucceedAttack] Inflict +(Sloth Reson. / 2) [Vibration] Count (max 3)"
                },
                {
                  "desc": "[OnSucceedAttack] If it's the main target, trigger [FusionVibration] into the target's current [Vibration] type"
                }
              ]
            },
            {
              "coindescs": [
                {
                  "desc": "[OnSucceedAttack] Inflict 4 [Vibration]"
                }
              ]
            },
            {
              "coindescs": [
                {
                  "desc": "[OnStartCoin] This Coin deals +1% damage for every [Vibration] on the main target (max 50%)"
                }
              ]
            },
            {
              "coindescs": [
                {
                  "desc": "[OnStartCoin] This Coin deals +1% damage for every (sum of [Vibration] Potency and [Vibration] Count on the main target) (max 100%)"
                },
                {
                  "desc": "[OnSucceedAttack] Trigger [VibrationExplosion]; then, reduce target's [Vibration] Count by 1"
                },
                {
                  "desc": "[OnSucceedAttack] If this Coin's effects raised the damage dealt by +100% or more, trigger [VibrationExplosion] 2 times; then, reduce target's [Vibration] Count by 2"
                }
              ]
            }
          ]
        },
        {
          "level": 3,
          "name": "Crushbound Past",
          "abName": "Steam Transport Machine",
          "desc": "<style=\"highlight\">[BeforeAttack] If the main target has 30+ (sum of [Vibration] Potency and [Vibration] Count), gain +1 Atk Weight</style>\n[EndSkill] For 3 turns, lose 10 SP at Turn End\n[EndSkill] When activating odd-numbered (Sloth Reson.) in odd-numbered turns, or when activating even-numbered (Sloth Reson.) in even-numbered turns, heal 10 SP",
          "coinlist": [
            {
              "coindescs": [
                {
                  "desc": "[OnSucceedAttack] Inflict +2 [Vibration] Count<style=\"highlight\"></style>"
                },
                {
                  "desc": "[OnSucceedAttack] Inflict +(Sloth Reson. / 2) [Vibration] Count (max 3)<style=\"highlight\"></style>"
                },
                {
                  "desc": "[OnSucceedAttack] If it's the main target, trigger [FusionVibration] into the target's current [Vibration] type<style=\"highlight\"></style>"
                }
              ]
            },
            {
              "coindescs": [
                {
                  "desc": "[OnSucceedAttack] Inflict 4 [Vibration]<style=\"highlight\"></style>"
                }
              ]
            },
            {
              "coindescs": [
                {
                  "desc": "[OnStartCoin] This Coin deals +1% damage for every [Vibration] on the main target (max 50%)<style=\"highlight\"></style>"
                }
              ]
            },
            {
              "coindescs": [
                {
                  "desc": "[OnStartCoin] This Coin deals +1% damage for every (sum of [Vibration] Potency and [Vibration] Count on the main target) (max 100%)<style=\"highlight\"></style>"
                },
                {
                  "desc": "[OnSucceedAttack] Trigger [VibrationExplosion]; then, reduce target's [Vibration] Count by 1<style=\"highlight\"></style>"
                },
                {
                  "desc": "[OnSucceedAttack] If this Coin's effects raised the damage dealt by +100% or more, trigger [VibrationExplosion] 2 times; then, reduce target's [Vibration] Count by 2<style=\"highlight\"></style>"
                }
              ]
            }
          ]
        },
        {
          "level": 4,
          "name": "Crushbound Past",
          "abName": "Steam Transport Machine",
          "desc": "[BeforeAttack] If the main target has 30+ (sum of [Vibration] Potency and [Vibration] Count), gain +1 Atk Weight\n<style=\"highlight\">- At 100+, gain +3 Atk Weight instead</style>\n<style=\"highlight\">[BeforeAttack] For every 2 highest Reson., inflict 1 [Vibration] against all targets this unit attacks (max 3)</style>\n[EndSkill] For 3 turns, lose 10 SP at Turn End\n<style=\"highlight\">[EndSkill] Heal ([AccumulatedPastSinner] x 2)% HP</style>\n[EndSkill] When activating odd-numbered (Sloth Reson.) in odd-numbered turns, or when activating even-numbered (Sloth Reson.) in even-numbered turns, heal 10 SP",
          "coinlist": [
            {
              "coindescs": [
                {
                  "desc": "[OnSucceedAttack] Inflict +2 [Vibration] Count<style=\"highlight\"></style>"
                },
                {
                  "desc": "[OnSucceedAttack] Inflict +(Sloth Reson. / 2) [Vibration] Count (max 3)<style=\"highlight\"></style>"
                },
                {
                  "desc": "[OnSucceedAttack] If it's the main target, trigger [FusionVibration] into the target's current [Vibration] type<style=\"highlight\"></style>"
                }
              ]
            },
            {
              "coindescs": [
                {
                  "desc": "[OnSucceedAttack] Inflict 4 [Vibration]<style=\"highlight\"></style>"
                }
              ]
            },
            {
              "coindescs": [
                {
                  "desc": "[OnStartCoin] This Coin deals +1% damage for every [Vibration] on the main target (max 50%)<style=\"highlight\"></style>"
                }
              ]
            },
            {
              "coindescs": [
                {
                  "desc": "[OnStartCoin] This Coin deals +1% damage for every (sum of [Vibration] Potency and [Vibration] Count on the main target) (max 100%)<style=\"highlight\"></style>"
                },
                {
                  "desc": "[OnSucceedAttack] Trigger [VibrationExplosion]; then, reduce target's [Vibration] Count by 1<style=\"highlight\"></style>"
                },
                {
                  "desc": "<style=\"highlight\">[OnSucceedAttack] If this Coin's effects raised the damage dealt by +50% or more, trigger [VibrationExplosion] once.</style>"
                },
                {
                  "desc": "[OnSucceedAttack] If this Coin's effects raised the damage dealt by +100% or more, trigger [VibrationExplosion] 2 times; then, reduce target's [Vibration] Count by 2<style=\"highlight\"></style>"
                }
              ]
            }
          ]
        }
      ]
    },
    {
      "id": 2050821,
      "levelList": [
        {
          "level": 1,
          "name": "Crushbound Past",
          "abName": "Steam Transport Machine",
          "desc": "[CantIdentify]\nTargets randomly\nDeal +10% damage for every highest Reson. (max 100%)\n- If the highest Reson. was a Sloth Reson., deal +20% damage for every highest Reson. instead (max 100%)\n[BeforeAttack] When activating even-numbered (Sloth Reson.) in odd-numbered turns, or when activating odd-numbered (Sloth Reson.) in even-numbered turns, deal +12% damage",
          "coinlist": [
            {
              "coindescs": [
                {
                  "desc": "[OnStartCoin] This Coin deals +1% damage for every (sum of [Vibration] Potency and [Vibration] Count on the main target) (max 100%)"
                },
                {
                  "desc": "[OnSucceedAttack] Inflict 5 [Vibration] and +2 [Vibration] Count "
                },
                {
                  "desc": "[OnSucceedAttack] Inflict +(Sloth Reson.) [Vibration] Count (max 6)"
                },
                {
                  "desc": "[OnSucceedAttack] If it's the main target, trigger [FusionVibration] into the target's current [Vibration] type"
                },
                {
                  "desc": "[OnSucceedAttack] Trigger [VibrationExplosion] 2 times; then, reduce target's [Vibration] Count by 2"
                },
                {
                  "desc": "[OnSucceedAttack] If this Coin's effects raised the damage dealt by +100% or more, trigger [VibrationExplosion] 2 times; then, reduce target's [Vibration] Count by 2"
                }
              ]
            }
          ]
        },
        {
          "level": 3,
          "name": "Crushbound Past",
          "abName": "Steam Transport Machine",
          "desc": "[CantIdentify]\nTargets randomly\nDeal +10% damage for every highest Reson. (max 100%)\n- If the highest Reson. was a Sloth Reson., deal +20% damage for every highest Reson. instead (max 100%)\n<style=\"highlight\">[BeforeAttack] If the main target has 30+ (sum of [Vibration] Potency and [Vibration] Count), gain +2 Atk Weight</style>\n[BeforeAttack] When activating even-numbered (Sloth Reson.) in odd-numbered turns, or when activating odd-numbered (Sloth Reson.) in even-numbered turns, deal +12% damage",
          "coinlist": [
            {
              "coindescs": [
                {
                  "desc": "[OnStartCoin] This Coin deals +1% damage for every (sum of [Vibration] Potency and [Vibration] Count on the main target) (max 100%)<style=\"highlight\"></style>"
                },
                {
                  "desc": "[OnSucceedAttack] Inflict 5 [Vibration] and +2 [Vibration] Count<style=\"highlight\"></style>"
                },
                {
                  "desc": "[OnSucceedAttack] Inflict +(Sloth Reson.) [Vibration] Count (max 6)<style=\"highlight\"></style>"
                },
                {
                  "desc": "[OnSucceedAttack] If it's the main target, trigger [FusionVibration] into the target's current [Vibration] type<style=\"highlight\"></style>"
                },
                {
                  "desc": "[OnSucceedAttack] Trigger [VibrationExplosion] 2 times; then, reduce target's [Vibration] Count by 2<style=\"highlight\"></style>"
                },
                {
                  "desc": "[OnSucceedAttack] If this Coin's effects raised the damage dealt by +100% or more, trigger [VibrationExplosion] 2 times; then, reduce target's [Vibration] Count by 2<style=\"highlight\"></style>"
                }
              ]
            }
          ]
        },
        {
          "level": 4,
          "name": "Crushbound Past",
          "abName": "Steam Transport Machine",
          "desc": "[CantIdentify]\nTargets randomly\nDeal +10% damage for every highest Reson. (max 100%)\n- If the highest Reson. was a Sloth Reson., deal +20% damage for every highest Reson. instead (max 100%)\n[BeforeAttack] If the main target has 30+ (sum of [Vibration] Potency and [Vibration] Count), gain +2 Atk Weight\n[BeforeAttack] When activating even-numbered (Sloth Reson.) in odd-numbered turns, or when activating odd-numbered (Sloth Reson.) in even-numbered turns, deal +12% damage\n<style=\"highlight\">[EndSkill] Heal ([AccumulatedPastSinner] x 3)% HP</style>",
          "coinlist": [
            {
              "coindescs": [
                {
                  "desc": "[OnStartCoin] This Coin deals <style=\"highlight\">+2%</style> damage for every (sum of [Vibration] Potency and [Vibration] Count on the main target) (max 100%)"
                },
                {
                  "desc": "[OnSucceedAttack] Inflict 5 [Vibration] and +2 [Vibration] Count<style=\"highlight\"></style>"
                },
                {
                  "desc": "[OnSucceedAttack] Inflict +(Sloth Reson.) [Vibration] Count (max 6)<style=\"highlight\"></style>"
                },
                {
                  "desc": "[OnSucceedAttack] If it's the main target, trigger [FusionVibration] into the target's current [Vibration] type<style=\"highlight\"></style>"
                },
                {
                  "desc": "[OnSucceedAttack] Trigger [VibrationExplosion] 2 times; then, reduce target's [Vibration] Count by 2<style=\"highlight\"></style>"
                },
                {
                  "desc": "[OnSucceedAttack] If this Coin's effects raised the damage dealt by +100% or more, trigger [VibrationExplosion] 2 times; then, reduce target's [Vibration] Count by 2<style=\"highlight\"></style>"
                }
              ]
            }
          ]
        }
      ]
    }
  ]
}
