{
  "dataList": [
    {
      "id": 122801,
      "levelList": [
        {
          "level": 1,
          "name": "Are You Afraid?",
          "desc": "When in [TimeAcceleration] state, Clash Power +1\n[DefeatDuel] At 75%- HP, consume 40 [LimitedTime] and gain 1 [Protection] (once per turn)",
          "coinlist": [
            {
              "coindescs": [
                {
                  "desc": "[OnSucceedAttack] Inflict 3 [Laceration]"
                }
              ]
            },
            {
              "coindescs": [
                {
                  "desc": "[OnSucceedAttack] Inflict 3 [Laceration]"
                }
              ]
            }
          ]
        }
      ]
    },
    {
      "id": 122802,
      "levelList": [
        {
          "level": 1,
          "name": "Punishment For Time Killers",
          "desc": "When in [TimeAcceleration] state, Clash Power +2\n[WhenUse] At 700+ [LimitedTime], inflict +3 [Laceration] Count\n[WhenUse] At 500+ [LimitedTime], inflict +1 [Laceration] Count\n[WhenUse] At 400+ [LimitedTime], consume 20 [LimitedTime] and inflict +1 more [Laceration] Potency and Count with this Skill",
          "coinlist": [
            {
              "coindescs": [
                {
                  "desc": "[OnSucceedAttack] Inflict 4 [Laceration]"
                }
              ]
            },
            {
              "coindescs": [
                {
                  "desc": "[OnSucceedAttack] Inflict +2 [Laceration] Count"
                }
              ]
            },
            {
              "coindescs": [
                {
                  "desc": "[OnSucceedAttack] Inflict +2 [Laceration] Count"
                }
              ]
            }
          ]
        }
      ]
    },
    {
      "id": 122803,
      "levelList": [
        {
          "level": 1,
          "name": "Extraction",
          "desc": "When in [TimeAcceleration] state, Coin Power +1\n[WhenUse] At 75%- HP, consume 40 [LimitedTime] and gain Clash Power +2\n[DefeatDuel] Deal -80% damage and damage dealt by this Skill cannot Stagger the target",
          "coinlist": [
            {
              "coindescs": [
                {
                  "desc": "[SuperCoin]"
                },
                {
                  "desc": "[OnSucceedAttack] Inflict 3 [Laceration]"
                }
              ]
            },
            {
              "coindescs": [
                {
                  "desc": "[SuperCoin]"
                },
                {
                  "desc": "[UnBrokenCoinOnSucceedAttack] Inflict 3 [Laceration]"
                }
              ]
            },
            {
              "coindescs": [
                {
                  "desc": "[SuperCoin]"
                },
                {
                  "desc": "[UnBrokenCoinOnSucceedAttack] Inflict 3 [Laceration]"
                }
              ]
            },
            {
              "coindescs": [
                {
                  "desc": "[SuperCoin]"
                },
                {
                  "desc": "[OnSucceedAttack] Inflict +2 [Laceration] Count"
                }
              ]
            }
          ]
        }
      ]
    },
    {
      "id": 122804,
      "levelList": [
        {
          "level": 1,
          "name": "Mutilate",
          "desc": "[DefeatDuel] At 75%- HP, consume 60 [LimitedTime] and gain Clash Power +2\n[BeforeAttack] When in [TimeAcceleration] state, gain +1 Atk Weight",
          "coinlist": [
            {
              "coindescs": [
                {
                  "desc": "[SuperCoin]"
                },
                {
                  "desc": "[OnSucceedAttack] Inflict +1 [Laceration] Count"
                }
              ]
            },
            {
              "coindescs": [
                {
                  "desc": "[SuperCoin]"
                },
                {
                  "desc": "[OnSucceedAttack] Inflict 5 [Laceration]"
                }
              ]
            }
          ]
        }
      ]
    },
    {
      "id": 122805,
      "levelList": [
        {
          "level": 1,
          "name": "Time to be Saved",
          "desc": "[CantDuel]\nInflict [TimeKillerWatch] against the target that used an Attack Skill against this unit\n[StartBattle] Consume 200 [LimitedTime] and gain [TimeAcceleration] next turn",
          "coinlist": [
            {
              "coindescs": [
                {
                  "desc": ""
                }
              ]
            }
          ]
        }
      ]
    },
    {
      "id": 122806,
      "levelList": [
        {
          "level": 1,
          "name": "Evade",
          "desc": "[WhenUse] Base Power +1 for every 100 [LimitedTime] (max 3)",
          "coinlist": [
            {
              "coindescs": [
                {
                  "desc": ""
                }
              ]
            }
          ]
        }
      ]
    },
    {
      "id": 122807,
      "levelList": [
        {
          "level": 1,
          "name": "My...",
          "desc": "[DefeatDuel] Gain 1 [Vulnerable]",
          "coinlist": [
            {
              "coindescs": [
                {
                  "desc": "[OnSucceedAttack] Inflict 3 [Laceration]"
                }
              ]
            },
            {
              "coindescs": [
                {
                  "desc": "[OnSucceedAttack] Inflict 3 [Laceration]"
                }
              ]
            }
          ]
        }
      ]
    },
    {
      "id": 122808,
      "levelList": [
        {
          "level": 1,
          "name": "Running Out of Time",
          "desc": "[DefeatDuel] Gain 1 [Vulnerable]",
          "coinlist": [
            {
              "coindescs": [
                {
                  "desc": "[OnSucceedAttack] Inflict 3 [Laceration]"
                }
              ]
            },
            {
              "coindescs": [
                {
                  "desc": "[OnSucceedAttack] Inflict 3 [Laceration]"
                }
              ]
            },
            {
              "coindescs": [
                {
                  "desc": "[OnSucceedAttack] Inflict 3 [Laceration]"
                }
              ]
            },
            {
              "coindescs": [
                {
                  "desc": "[OnSucceedAttack] Inflict +2 [Laceration] Count"
                }
              ]
            }
          ]
        }
      ]
    },
    {
      "id": 122901,
      "levelList": [
        {
          "level": 1,
          "name": "Are You Afraid?",
          "desc": "When in [TimeAcceleration] state, Clash Power +1\n[DefeatDuel] At 75%- HP, consume 40 [OwnTime] and gain 1 [Protection] (once per turn)",
          "coinlist": [
            {
              "coindescs": [
                {
                  "desc": "[OnSucceedAttack] Inflict 3 [Laceration]"
                }
              ]
            },
            {
              "coindescs": [
                {
                  "desc": "[OnSucceedAttack] Inflict 3 [Laceration]"
                }
              ]
            }
          ]
        }
      ]
    },
    {
      "id": 122902,
      "levelList": [
        {
          "level": 1,
          "name": "Punishment For Time Killers",
          "desc": "When in [TimeAcceleration] state, Clash Power +2\n[WhenUse] At 600+ (sum of [OwnTime] on all Parts), inflict +3 [Laceration] Count\n[WhenUse] At 500+ (sum of [OwnTime] on all Parts), inflict +1 [Laceration] Count\n[WhenUse] At 400+ (sum of [OwnTime] on all Parts), consume 20 [OwnTime] and inflict +1 more [Laceration] Potency and Count with this Skill",
          "coinlist": [
            {
              "coindescs": [
                {
                  "desc": "[OnSucceedAttack] Inflict 4 [Laceration]"
                }
              ]
            },
            {
              "coindescs": [
                {
                  "desc": "[OnSucceedAttack] Inflict +2 [Laceration] Count"
                }
              ]
            },
            {
              "coindescs": [
                {
                  "desc": "[OnSucceedAttack] Inflict +2 [Laceration] Count"
                }
              ]
            }
          ]
        }
      ]
    },
    {
      "id": 122903,
      "levelList": [
        {
          "level": 1,
          "name": "Extraction",
          "desc": "When in [TimeAcceleration] state, Coin Power +1\n[WhenUse] At 75%- HP, consume 40 [OwnTime] and gain Clash Power +2\n[DefeatDuel] Deal -80% damage and damage dealt by this Skill cannot Stagger the target",
          "coinlist": [
            {
              "coindescs": [
                {
                  "desc": "[SuperCoin]"
                },
                {
                  "desc": "[OnSucceedAttack] Inflict 3 [Laceration]"
                }
              ]
            },
            {
              "coindescs": [
                {
                  "desc": "[SuperCoin]"
                },
                {
                  "desc": "[UnBrokenCoinOnSucceedAttack] Inflict 3 [Laceration]"
                }
              ]
            },
            {
              "coindescs": [
                {
                  "desc": "[SuperCoin]"
                },
                {
                  "desc": "[UnBrokenCoinOnSucceedAttack] Inflict 3 [Laceration]"
                }
              ]
            },
            {
              "coindescs": [
                {
                  "desc": "[SuperCoin]"
                },
                {
                  "desc": "[OnSucceedAttack] Inflict +2 [Laceration] Count"
                }
              ]
            }
          ]
        }
      ]
    },
    {
      "id": 122904,
      "levelList": [
        {
          "level": 1,
          "name": "Mutilate",
          "desc": "[DefeatDuel] At 75%- HP, consume 60 [OwnTime] and gain Clash Power +2\n[BeforeAttack] When in [TimeAcceleration] state, gain +3 Atk Weight\n[BeforeAttack] At 60%- HP, consume 10 [OwnTime] and gain +1 Atk Weight",
          "coinlist": [
            {
              "coindescs": [
                {
                  "desc": "[SuperCoin]"
                },
                {
                  "desc": "[OnSucceedAttack] Inflict +1 [Laceration] Count"
                }
              ]
            },
            {
              "coindescs": [
                {
                  "desc": "[SuperCoin]"
                },
                {
                  "desc": "[OnSucceedAttack] Inflict 5 [Laceration]"
                }
              ]
            }
          ]
        }
      ]
    },
    {
      "id": 122905,
      "levelList": [
        {
          "level": 1,
          "name": "Time to be Saved",
          "desc": "[CantDuel]\nInflict [TimeKillerWatch] against the target that used an Attack Skill against this unit\n[StartBattle] Consume 200 [OwnTime] and gain [TimeAcceleration] next turn)",
          "coinlist": [
            {
              "coindescs": [
                {
                  "desc": ""
                }
              ]
            }
          ]
        }
      ]
    },
    {
      "id": 122906,
      "levelList": [
        {
          "level": 1,
          "name": "Evade",
          "desc": "[WhenUse] Base Power +1 for every 50 sum of [OwnTime] across all Parts (max 3)",
          "coinlist": [
            {
              "coindescs": [
                {
                  "desc": ""
                }
              ]
            }
          ]
        }
      ]
    },
    {
      "id": 122907,
      "levelList": [
        {
          "level": 1,
          "name": "Timekilling Time",
          "desc": "[CantDuel]\nThis unit's Speed is fixed at 24.\nCannot be Staggered this turn.\n[WhenUse] Takes a total of 400 [OwnTime] from everyone, then consumes it.",
          "coinlist": [
            {
              "coindescs": [
                {
                  "desc": "[OnSucceedAttack] Erase the target's time. Once this unit erases the target's time, all Parts recover [OwnTime] to their max values and gain 10 Haste and 10 Attack Power Up next turn."
                }
              ]
            }
          ]
        }
      ]
    },
    {
      "id": 122908,
      "levelList": [
        {
          "level": 1,
          "name": "We Need More Time!",
          "desc": "",
          "coinlist": [
            {}
          ]
        }
      ]
    }
  ]
}