{
  "dataList": [
    {
      "id": 827701,
      "levelList": [
        {
          "level": 1,
          "name": "Are You Afraid?",
          "desc": "When in [TimeAcceleration] state, Clash Power +1\n[DefeatDuel] At 75%- HP, consume 50 [LimitedTime] and gain 1 [Protection] (once per turn)",
          "coinlist": [
            {
              "coindescs": [
                {
                  "desc": "[OnSucceedAttack] Inflict 3 [Laceration]"
                }
              ]
            },
            {
              "coindescs": [
                {
                  "desc": "[OnSucceedAttack] Inflict 3 [Laceration]"
                }
              ]
            }
          ]
        }
      ]
    },
    {
      "id": 827702,
      "levelList": [
        {
          "level": 1,
          "name": "Punishment For Time Killers",
          "desc": "When in [TimeAcceleration] state, Clash Power +2\n[WhenUse] At 500+ [LimitedTime], inflict +1 [Laceration] Count\n[WhenUse] At 300+ [LimitedTime], consume 25 [LimitedTime] and inflict +1 more [Laceration] Potency and Count with this Skill",
          "coinlist": [
            {
              "coindescs": [
                {
                  "desc": "[OnSucceedAttack] Inflict 4 [Laceration]"
                }
              ]
            },
            {
              "coindescs": [
                {
                  "desc": "[OnSucceedAttack] Inflict +2 [Laceration] Count"
                }
              ]
            },
            {
              "coindescs": [
                {
                  "desc": "[OnSucceedAttack] Inflict +2 [Laceration] Count"
                }
              ]
            }
          ]
        }
      ]
    },
    {
      "id": 827703,
      "levelList": [
        {
          "level": 1,
          "name": "Extraction",
          "desc": "When in [TimeAcceleration] state, Coin Power +1\n[DefeatDuel] At 75%- HP, consume 50 [LimitedTime] and gain Clash Power +2 (once per turn)",
          "coinlist": [
            {
              "coindescs": [
                {
                  "desc": "[OnSucceedAttack] Inflict 3 [Laceration]"
                }
              ]
            },
            {
              "coindescs": [
                {
                  "desc": "[OnSucceedAttack] Inflict 3 [Laceration]"
                }
              ]
            },
            {
              "coindescs": [
                {
                  "desc": "[OnSucceedAttack] Inflict 3 [Laceration]"
                }
              ]
            },
            {
              "coindescs": [
                {
                  "desc": "[OnSucceedAttack] Inflict +2 [Laceration] Count"
                }
              ]
            }
          ]
        }
      ]
    },
    {
      "id": 827704,
      "levelList": [
        {
          "level": 1,
          "name": "Mutilate",
          "desc": "[DefeatDuel] At 75%- HP, consume 75 [LimitedTime] and gain Clash Power +2\n[BeforeAttack] When in [TimeAcceleration] state, gain +1 Atk Weight",
          "coinlist": [
            {
              "coindescs": [
                {
                  "desc": "[OnSucceedAttack] Inflict +1 [Laceration] Count"
                }
              ]
            },
            {
              "coindescs": [
                {
                  "desc": "[OnSucceedAttack] Inflict 8 [Laceration]"
                }
              ]
            }
          ]
        }
      ]
    },
    {
      "id": 827705,
      "levelList": [
        {
          "level": 1,
          "name": "Time to be Saved",
          "desc": "[CantDuel]\nInflict [TimeKillerWatch] against the target that used an Attack Skill against this unit\n[StartBattle] Consume 200 [LimitedTime] and gain [TimeAcceleration] next turn",
          "coinlist": [
            {
              "coindescs": [
                {
                  "desc": ""
                }
              ]
            }
          ]
        }
      ]
    },
    {
      "id": 827706,
      "levelList": [
        {
          "level": 1,
          "name": "Evade",
          "desc": "[WhenUse] Base Power +1 for every 100 [LimitedTime] on self",
          "coinlist": [
            {
              "coindescs": [
                {
                  "desc": ""
                }
              ]
            }
          ]
        }
      ]
    },
    {
      "id": 827801,
      "levelList": [
        {
          "level": 1,
          "name": "Are You Afraid?",
          "desc": "When in [TimeAcceleration] state, Clash Power +1\n[DefeatDuel] At 75%- HP, consume 50 [OwnTime] and gain 1 [Protection] (once per turn)",
          "coinlist": [
            {
              "coindescs": [
                {
                  "desc": "[OnSucceedAttack] Inflict 3 [Laceration]"
                }
              ]
            },
            {
              "coindescs": [
                {
                  "desc": "[OnSucceedAttack] Inflict 3 [Laceration]"
                }
              ]
            }
          ]
        }
      ]
    },
    {
      "id": 827802,
      "levelList": [
        {
          "level": 1,
          "name": "Punishment For Time Killers",
          "desc": "When in [TimeAcceleration] state, Clash Power +2\n[WhenUse] At 500+ sum of [OwnTime] across all Parts, inflict +1 [Laceration] Count\n[WhenUse] At 300+ sum of [OwnTime], consume 25 [OwnTime] and inflict +1 more [Laceration] Potency and Count with this Skill",
          "coinlist": [
            {
              "coindescs": [
                {
                  "desc": "[OnSucceedAttack] Inflict 4 [Laceration]"
                }
              ]
            },
            {
              "coindescs": [
                {
                  "desc": "[OnSucceedAttack] Inflict +2 [Laceration] Count"
                }
              ]
            },
            {
              "coindescs": [
                {
                  "desc": "[OnSucceedAttack] Inflict +2 [Laceration] Count"
                }
              ]
            }
          ]
        }
      ]
    },
    {
      "id": 827803,
      "levelList": [
        {
          "level": 1,
          "name": "Extraction",
          "desc": "When in [TimeAcceleration] state, Coin Power +1\n[DefeatDuel] At 75%- HP, consume 50 [OwnTime] and gain Clash Power +2 (once per turn)",
          "coinlist": [
            {
              "coindescs": [
                {
                  "desc": "[OnSucceedAttack] Inflict 3 [Laceration]"
                }
              ]
            },
            {
              "coindescs": [
                {
                  "desc": "[OnSucceedAttack] Inflict 3 [Laceration]"
                }
              ]
            },
            {
              "coindescs": [
                {
                  "desc": "[OnSucceedAttack] Inflict 3 [Laceration]"
                }
              ]
            },
            {
              "coindescs": [
                {
                  "desc": "[OnSucceedAttack] Inflict +2 [Laceration] Count"
                }
              ]
            }
          ]
        }
      ]
    },
    {
      "id": 827804,
      "levelList": [
        {
          "level": 1,
          "name": "Mutilate",
          "desc": "[DefeatDuel] At 75%- HP, consume 75 [OwnTime] and gain Clash Power +2\n[BeforeAttack] When in [TimeAcceleration] state, gain +1 Atk Weight\n[BeforeAttack] At 60%- HP, consume 10 [OwnTime] and gain +1 Atk Weight",
          "coinlist": [
            {
              "coindescs": [
                {
                  "desc": "[OnSucceedAttack] Inflict +1 [Laceration] Count"
                }
              ]
            },
            {
              "coindescs": [
                {
                  "desc": "[OnSucceedAttack] Inflict 8 [Laceration]"
                }
              ]
            }
          ]
        }
      ]
    },
    {
      "id": 827805,
      "levelList": [
        {
          "level": 1,
          "name": "Time to be Saved",
          "desc": "[CantDuel]\nInflict [TimeKillerWatch] against the target that used an Attack Skill against this unit\n[StartBattle] Consume 200 [OwnTime] and gain [TimeAcceleration] next turn)",
          "coinlist": [
            {
              "coindescs": [
                {
                  "desc": ""
                }
              ]
            }
          ]
        }
      ]
    },
    {
      "id": 827806,
      "levelList": [
        {
          "level": 1,
          "name": "Evade",
          "desc": "[WhenUse] Base Power +1 for every 100 sum of [OwnTime] across all Parts",
          "coinlist": [
            {
              "coindescs": [
                {
                  "desc": ""
                }
              ]
            }
          ]
        }
      ]
    },
    {
      "id": 827807,
      "levelList": [
        {
          "level": 1,
          "name": "Timekilling Time",
          "desc": "[CantDuel]\nThis unit's Speed is fixed at 12.\nCannot be Staggered this turn.\n[WhenUse] Consume [OwnTime] 400.",
          "coinlist": [
            {
              "coindescs": [
                {
                  "desc": "[OnSucceedAttack] Erase the target's time. Once this unit erases the target's time, all Parts recover [OwnTime] to their max values and gain 10 Haste and 10 Attack Power Up next turn."
                }
              ]
            }
          ]
        }
      ]
    },
    {
      "id": 827901,
      "levelList": [
        {
          "level": 1,
          "name": "Tick",
          "desc": "",
          "coinlist": [
            {
              "coindescs": [
                {
                  "desc": "[OnSucceedAttack] Inflict 3 [Laceration]"
                }
              ]
            }
          ]
        }
      ]
    },
    {
      "id": 827902,
      "levelList": [
        {
          "level": 1,
          "name": "Tock",
          "desc": "[WhenUse] If the target has 5+ [Laceration], Clash Power +1",
          "coinlist": [
            {
              "coindescs": [
                {
                  "desc": "[OnSucceedAttack] Inflict 3 [Laceration]"
                }
              ]
            },
            {
              "coindescs": [
                {
                  "desc": "[OnSucceedAttack] Inflict +2 [Laceration] Count"
                }
              ]
            },
            {
              "coindescs": [
                {
                  "desc": "[OnSucceedAttack] Inflict +2 [Laceration] Count"
                }
              ]
            }
          ]
        }
      ]
    },
    {
      "id": 827903,
      "levelList": [
        {
          "level": 1,
          "name": "Ticktick-Tock",
          "desc": "[WhenUse] If the target has 5+ [Laceration], Clash Power +1",
          "coinlist": [
            {
              "coindescs": [
                {
                  "desc": "[OnSucceedAttack] Inflict 4 [Laceration]"
                }
              ]
            },
            {
              "coindescs": [
                {
                  "desc": "[OnSucceedAttack] Inflict +3 [Laceration] Count"
                },
                {
                  "desc": "[OnSucceedAttack] Inflict 5 Burn"
                }
              ]
            }
          ]
        }
      ]
    },
    {
      "id": 827904,
      "levelList": [
        {
          "level": 1,
          "name": "Tock",
          "desc": "",
          "coinlist": [
            {
              "coindescs": [
                {
                  "desc": ""
                }
              ]
            }
          ]
        }
      ]
    },
    {
      "id": 827707,
      "levelList": [
        {
          "level": 1,
          "name": "My...",
          "desc": "[DefeatDuel] Gain 1 [Vulnerable]",
          "coinlist": [
            {
              "coindescs": [
                {
                  "desc": "[OnSucceedAttack] Inflict 3 [Laceration]"
                }
              ]
            },
            {
              "coindescs": [
                {
                  "desc": "[OnSucceedAttack] Inflict 3 [Laceration]"
                }
              ]
            }
          ]
        }
      ]
    },
    {
      "id": 827708,
      "levelList": [
        {
          "level": 1,
          "name": "Running Out of Time",
          "desc": "[DefeatDuel] Gain 1 [Vulnerable]",
          "coinlist": [
            {
              "coindescs": [
                {
                  "desc": "[OnSucceedAttack] Inflict 3 [Laceration]"
                }
              ]
            },
            {
              "coindescs": [
                {
                  "desc": "[OnSucceedAttack] Inflict 3 [Laceration]"
                }
              ]
            },
            {
              "coindescs": [
                {
                  "desc": "[OnSucceedAttack] Inflict 3 [Laceration]"
                }
              ]
            },
            {
              "coindescs": [
                {
                  "desc": "[OnSucceedAttack] Inflict +2 [Laceration] Count"
                }
              ]
            }
          ]
        }
      ]
    },
    {
      "id": 827808,
      "levelList": [
        {
          "level": 1,
          "name": "We Need More Time!",
          "desc": "",
          "coinlist": [
            {}
          ]
        }
      ]
    }
  ]
}