{
  "dataList": [
    {
      "id": 2080511,
      "levelList": [
        {
          "level": 1,
          "name": "Ossessione Cieca",
          "abName": "Corrente Torbida Divorasogni",
          "desc": "[EndSkill] Heal 15 SP for 4 allies with the least SP",
          "coinlist": [
            {
              "coindescs": [
                {
                  "desc": "[OnSucceedAttackHead] Gain +3 Charge Count"
                },
                {
                  "desc": "[OnSucceedAttack] Give +1 Poise Count to 1 random ally"
                }
              ]
            }
          ]
        },
        {
          "level": 3,
          "name": "Ossessione Cieca",
          "abName": "Corrente Torbida Divorasogni",
          "desc": "[EndSkill] Heal 20 SP for 4 allies with the least SP",
          "coinlist": [
            {
              "coindescs": [
                {
                  "desc": "[OnSucceedAttackHead] Gain +4 Charge Count"
                },
                {
                  "desc": "[OnSucceedAttack] Give +1 Poise Count to 1 random ally"
                },
                {
                  "desc": "[EndSkillHead] Apply 1 [PenetrateResultUp] and 1 [AttackDmgUp] to 4 allies with the highest SP"
                }
              ]
            }
          ]
        },
        {
          "level": 4,
          "name": "Ossessione Cieca",
          "abName": "Corrente Torbida Divorasogni",
          "desc": "[EndSkill] Heal 25 SP for 4 allies with the least SP",
          "coinlist": [
            {
              "coindescs": [
                {
                  "desc": "[OnSucceedAttack] Gain +6 Charge Count"
                },
                {
                  "desc": "[OnSucceedAttack] Give +2 Poise Count to 1 random ally"
                },
                {
                  "desc": "[EndSkill] Apply 2 [PenetrateResultUp] and 2 [AttackDmgUp] to 4 allies with the highest SP"
                }
              ]
            }
          ]
        }
      ]
    },
    {
      "id": 2080521,
      "levelList": [
        {
          "level": 1,
          "name": "Ossessione Cieca",
          "abName": "Corrente Torbida Divorasogni",
          "desc": "[CantIdentify]\nTargets randomly",
          "coinlist": [
            {
              "coindescs": [
                {
                  "desc": "[OnSucceedAttack] Gain 1 Poise and +1 Poise Count"
                },
                {
                  "desc": "[OnSucceedAttack] Inflict 2 Pride Fragility this turn and next turn"
                }
              ]
            }
          ]
        },
        {
          "level": 3,
          "name": "Ossessione Cieca",
          "abName": "Corrente Torbida Divorasogni",
          "desc": "[CantIdentify]\nTargets randomly",
          "coinlist": [
            {
              "coindescs": [
                {
                  "desc": "[OnSucceedAttackTail] Heal 3% of Max HP on self"
                },
                {
                  "desc": "[OnSucceedAttack] Gain 1 Poise and +1 Poise Count"
                },
                {
                  "desc": "[OnSucceedAttack] Inflict 2 Pride Fragility this turn and next turn"
                },
                {
                  "desc": "[EndSkillTail] Apply 2 Damage Up this turn and next turn to 4 allies with the least SP"
                }
              ]
            }
          ]
        },
        {
          "level": 4,
          "name": "Ossessione Cieca",
          "abName": "Corrente Torbida Divorasogni",
          "desc": "[CantIdentify]\nTargets randomly",
          "coinlist": [
            {
              "coindescs": [
                {
                  "desc": "[OnSucceedAttack] Heal 3% of Max HP on self"
                },
                {
                  "desc": "[OnSucceedAttack] Gain 1 Poise and +1 Poise Count"
                },
                {
                  "desc": "[OnSucceedAttack] Inflict 3 Pride Fragility this turn and next turn"
                },
                {
                  "desc": "[EndSkill] Apply 2 Damage Up this turn and next turn to 4 allies with the least SP"
                }
              ]
            }
          ]
        }
      ]
    },
    {
      "id": 2080611,
      "levelList": [
        {
          "level": 1,
          "name": "Battito d'Ali",
          "abName": "Festival delle Fatine",
          "desc": "",
          "coinlist": [
            {
              "coindescs": [
                {
                  "desc": "[OnSucceedAttack] Heal 15% of Max HP on self"
                }
              ]
            },
            {
              "coindescs": [
                {
                  "desc": "[OnSucceedAttackHead] Lose 1~2 SP"
                },
                {
                  "desc": "[OnSucceedAttackHead] Reuse this Coin (5 times per Skill)"
                },
                {
                  "desc": "[OnSucceedAttack] Heal self by 4~8% of damage dealt"
                },
                {
                  "desc": "[OnSucceedAttack] Inflict 1 [ShamrockTakeDamageUp]"
                },
                {
                  "desc": "[OnSucceedAttack] Inflict 1~3 [Laceration]"
                }
              ]
            }
          ]
        },
        {
          "level": 3,
          "name": "Battito d'Ali",
          "abName": "Festival delle Fatine",
          "desc": "If this Skill's healing exceeds this unit's max HP, redirect the excess healing to 1 ally with the least HP percentage instead",
          "coinlist": [
            {
              "coindescs": [
                {
                  "desc": "[OnSucceedAttack] Heal <style=\"highlight\">18%</style> of Max HP on self"
                }
              ]
            },
            {
              "coindescs": [
                {
                  "desc": "[OnSucceedAttackHead] Lose 1~2 SP"
                },
                {
                  "desc": "[OnSucceedAttackHead] Reuse this Coin (5 times per Skill)"
                },
                {
                  "desc": "[OnSucceedAttack] Heal self by <style=\"highlight\">6~10</style>% of damage dealt"
                },
                {
                  "desc": "[OnSucceedAttack] Inflict 1 [ShamrockTakeDamageUp]"
                },
                {
                  "desc": "[OnSucceedAttack] Inflict 1~3 [Laceration]"
                }
              ]
            }
          ]
        },
        {
          "level": 4,
          "name": "Battito d'Ali",
          "abName": "Festival delle Fatine",
          "desc": "If this Skill's healing exceeds this unit's max HP, redirect the excess healing to 1 ally with the least HP percentage instead",
          "coinlist": [
            {
              "coindescs": [
                {
                  "desc": "[OnSucceedAttack] Heal <style=\"highlight\">20</style>% of Max HP on self"
                }
              ]
            },
            {
              "coindescs": [
                {
                  "desc": "[OnSucceedAttackHead] Lose 1~2 SP"
                },
                {
                  "desc": "[OnSucceedAttackHead] Reuse this Coin (5 times per Skill)"
                },
                {
                  "desc": "[OnSucceedAttack] Heal self by <style=\"highlight\">8~12</style>% of damage dealt"
                },
                {
                  "desc": "[OnSucceedAttack] Inflict 1 [ShamrockTakeDamageUp]"
                },
                {
                  "desc": "[OnSucceedAttack] Inflict 1~<style=\"highlight\">4</style> [Laceration]"
                }
              ]
            }
          ]
        }
      ]
    },
    {
      "id": 2080621,
      "levelList": [
        {
          "level": 1,
          "name": "Battito d'Ali",
          "abName": "Festival delle Fatine",
          "desc": "[CantIdentify]\nTargets the unit with the least Core HP\n[BeforeAttack] Deal 5% HP damage to at most 5 random other allies\n- Heal HP on self equal to the damage dealt to allies.\n- If this unit dealt damage to an ally, gain 2 [Enhancement] this turn, and gain 2 [Agility] next turn.\n(Once per turn. The 'dealt damage' includes damage dealt to Shield HP. This effect can kill allies.)",
          "coinlist": [
            {
              "coindescs": [
                {
                  "desc": "[OnSucceedAttackTail] Heal self by 10% of damage dealt"
                },
                {
                  "desc": "[OnSucceedAttackTail] Inflict 1~4 [Laceration]"
                }
              ]
            }
          ]
        },
        {
          "level": 3,
          "name": "Battito d'Ali",
          "abName": "Festival delle Fatine",
          "desc": "[CantIdentify]\nTargets the unit with the least Core HP\n<style=\"highlight\">[BeforeAttack] Gain (# of highest Reson. -2) Atk Weight (max 1)</style>\n[BeforeAttack] Deal 5% HP damage to at most 5 random other allies\n- Heal HP on self equal to the damage dealt to allies.\n- If this unit dealt damage to an ally, gain 2 [Enhancement] this turn, and gain 2 [Agility] next turn.\n(Once per turn. The 'dealt damage' includes damage dealt to Shield HP. This effect can kill allies.)\n<style=\"highlight\">[EndSkill] If this Skill's healing exceeds this unit's max HP, gain (excess heal/max HP) x 10 [AttackUp] next turn. (max 3 per turn)</style>",
          "coinlist": [
            {
              "coindescs": [
                {
                  "desc": "[OnSucceedAttackTail] Heal self by <style=\"highlight\">15</style>% of damage dealt"
                },
                {
                  "desc": "[OnSucceedAttackTail] Inflict <style=\"highlight\">2~5</style> [Laceration]"
                }
              ]
            }
          ]
        },
        {
          "level": 4,
          "name": "Battito d'Ali",
          "abName": "Festival delle Fatine",
          "desc": "[CantIdentify]\nTargets the unit with the least Core HP\n[BeforeAttack] Gain (# of highest Reson. -2) Atk Weight (max <style=\"highlight\">2</style>)\n[BeforeAttack] Deal 5% HP damage to at most 5 random other allies\n- Heal HP on self equal to the damage dealt to allies.\n- If this unit dealt damage to an ally, gain 2 [Enhancement] this turn, and gain 2 [Agility] next turn.\n(Once per turn. The 'dealt damage' includes damage dealt to Shield HP. This effect can kill allies.)\n[EndSkill] If this Skill's healing exceeds this unit's max HP, gain (excess heal/max HP) x 10 [AttackUp] next turn. (max <style=\"highlight\">6</style> per turn)",
          "coinlist": [
            {
              "coindescs": [
                {
                  "desc": "[OnSucceedAttackTail] Heal self by <style=\"highlight\">20</style>% of damage dealt"
                },
                {
                  "desc": "[OnSucceedAttackTail] Inflict <style=\"highlight\">3~6</style> [Laceration]"
                },
                {
                  "desc": "[EnemyKill] Gain 1[Enhancement] next turn (max 3)"
                }
              ]
            }
          ]
        }
      ]
    },
    {
      "id": 2080711,
      "levelList": [
        {
          "level": 1,
          "name": "Giorni Andati",
          "abName": "Ritratto di un Certo Giorno",
          "desc": "[BeforeAttack] At 4+ highest Reson., gain +1 Atk Weight\n[EndSkill] Heal 2 allies with the lowest HP percentages by (5 + (sum of [Sinking] Potency and Count on the main target)/3)% HP (max 15%)",
          "coinlist": [
            {
              "coindescs": [
                {
                  "desc": "[OnSucceedAttack] Inflict +2 [Sinking] Count"
                },
                {
                  "desc": "[OnSucceedAttack] Inflict 1 [Curse]"
                },
                {
                  "desc": "[OnSucceedAttack] Inflict 2 [UninvitedGuestPersonality]"
                }
              ]
            }
          ]
        },
        {
          "level": 3,
          "name": "Giorni Andati",
          "abName": "Ritratto di un Certo Giorno",
          "desc": "[BeforeAttack] At 4+ highest Reson., gain +1 Atk Weight\n<style=\"highlight\">- If the said Reson. was a Gloom Reson., gain +1 Atk Weight</style>\n[EndSkill] Heal 2 allies with the lowest HP percentages by (<style=\"highlight\">10</style> + (sum of [Sinking] Potency and Count on the main target)/3)% HP (max 15%)",
          "coinlist": [
            {
              "coindescs": [
                {
                  "desc": "[OnSucceedAttack] Inflict +2 [Sinking] Count<style=\"highlight\"></style>"
                },
                {
                  "desc": "[OnSucceedAttack] Inflict 1 [Curse]<style=\"highlight\"></style>"
                },
                {
                  "desc": "<style=\"highlight\">[OnSucceedAttack] At 4+ Gloom Reson., inflict 1 [AzureTakeDamageUp]</style>"
                },
                {
                  "desc": "[OnSucceedAttack] Inflict 2 [UninvitedGuestPersonality]<style=\"highlight\"></style>"
                }
              ]
            }
          ]
        },
        {
          "level": 4,
          "name": "Giorni Andati",
          "abName": "Ritratto di un Certo Giorno",
          "desc": "[BeforeAttack] At 4+ highest Reson., gain +1 Atk Weight\n- If the said Reson. was a Gloom Reson., gain +1 Atk Weight\n[EndSkill] Heal 2 allies with the lowest HP percentages by (10 + (sum of [Sinking] Potency and Count on the main target)/3)% HP (max <style=\"highlight\">20</style>%)\n<style=\"highlight\">- If the highest Reson. was a 4+ Gloom Reson., heal 10% more of the max HP</style>",
          "coinlist": [
            {
              "coindescs": [
                {
                  "desc": "[OnSucceedAttack] Inflict <style=\"highlight\">+3</style> [Sinking] Count"
                },
                {
                  "desc": "[OnSucceedAttack] Inflict <style=\"highlight\">2</style> [Curse]"
                },
                {
                  "desc": "[OnSucceedAttack] At 4+ Gloom Reson., inflict 1 [AzureTakeDamageUp]<style=\"highlight\"></style>"
                },
                {
                  "desc": "[OnSucceedAttack] Inflict 2 [UninvitedGuestPersonality]<style=\"highlight\"></style>"
                }
              ]
            }
          ]
        }
      ]
    },
    {
      "id": 2080721,
      "levelList": [
        {
          "level": 1,
          "name": "Giorni Andati",
          "abName": "Ritratto di un Certo Giorno",
          "desc": "[CantIdentify]\nPrioritizes targets with the most [Sinking]\n[BeforeAttack] Lose HP by 10% of Max HP (does not get Staggered due to this effect)\n[EndSkill] Heal 3 other allies with the lowest HP percentages by (5 + (sum of [Sinking] Potency and Count on the main target)/3)% HP (max 10%)\n- At 4+ highest Reson., heal 1 additional ally",
          "coinlist": [
            {
              "coindescs": [
                {
                  "desc": "[OnSucceedAttack] Inflict +2 [Sinking] Count"
                },
                {
                  "desc": "[OnSucceedAttack] Inflict 1 [Curse]"
                },
                {
                  "desc": "[OnSucceedAttack] At 3+ Gloom Reson., inflict 1 [AzureTakeDamageUp]"
                },
                {
                  "desc": "[OnSucceedAttack] Inflict 2 [UninvitedGuestPersonality]"
                }
              ]
            }
          ]
        },
        {
          "level": 3,
          "name": "Giorni Andati",
          "abName": "Ritratto di un Certo Giorno",
          "desc": "[CantIdentify]\nPrioritizes targets with the most [Sinking]\n[BeforeAttack] Lose HP by 10% of Max HP (does not get Staggered due to this effect)\n[EndSkill] Heal 3 other allies with the lowest HP percentages by (<style=\"highlight\">10</style> + (sum of [Sinking] Potency and Count on the main target)/3)% HP (max <style=\"highlight\">15</style>%)\n- At 4+ highest Reson., heal 1 additional ally",
          "coinlist": [
            {
              "coindescs": [
                {
                  "desc": "[OnSucceedAttack] Inflict +2 [Sinking] Count"
                },
                {
                  "desc": "[OnSucceedAttack] Inflict 2 [Curse]"
                },
                {
                  "desc": "[OnSucceedAttack] At 3+ Gloom Reson., inflict 1 [AzureTakeDamageUp]"
                },
                {
                  "desc": "[OnSucceedAttack] Inflict 2 [UninvitedGuestPersonality]"
                },
                {
                  "desc": "[OnSucceedAttack] Inflict 2 [EchoOfMansion] next turn"
                }
              ]
            }
          ]
        },
        {
          "level": 4,
          "name": "Giorni Andati",
          "abName": "Ritratto di un Certo Giorno",
          "desc": "[CantIdentify]\nPrioritizes targets with the most [Sinking]\n[BeforeAttack] Lose HP by 10% of Max HP (does not get Staggered due to this effect)\n[EndSkill] Heal 3 other allies with the lowest HP percentages by (10 + (sum of [Sinking] Potency and Count on the main target)/3)% HP (max 15%)\n- At 4+ highest Reson., heal 1 additional ally\n<style=\"highlight\">- If the said Reson. was a Gloom Reson., heal an additional 5% HP</style>",
          "coinlist": [
            {
              "coindescs": [
                {
                  "desc": "[OnSucceedAttack] Inflict <style=\"highlight\">+3</style> [Sinking] Count"
                },
                {
                  "desc": "[OnSucceedAttack] Inflict 2 [Curse]"
                },
                {
                  "desc": "[OnSucceedAttack] <style=\"highlight\">For every 3</style> Gloom Reson., inflict 1 [AzureTakeDamageUp] <style=\"highlight\">(max 2)</style>"
                },
                {
                  "desc": "[OnSucceedAttack] Inflict 2 [UninvitedGuestPersonality]"
                },
                {
                  "desc": "[OnSucceedAttack] Inflict 2 [EchoOfMansion] next turn"
                }
              ]
            }
          ]
        }
      ]
    },
    {
      "id": 2080811,
      "levelList": [
        {
          "level": 1,
          "name": "Incubo Natalizio",
          "abName": "Letto Comodo",
          "desc": "[BeforeAttack] Gain (highest Reson. + 5) [Vibration] Count (max 10)\n[EndSkill] If there are any targets in Staggered, Low Morale, or Panic states, heal 10 SP",
          "coinlist": [
            {
              "coindescs": [
                {
                  "desc": "[OnSucceedAttack] Inflict +5 [Vibration] Count"
                }
              ]
            },
            {
              "coindescs": [
                {
                  "desc": "[OnSucceedAttack] Trigger [VibrationExplosion]; then, reduce target's [Vibration] Count by 1"
                }
              ]
            }
          ]
        },
        {
          "level": 3,
          "name": "Incubo Natalizio",
          "abName": "Letto Comodo",
          "desc": "<style=\"highlight\">If target has less than 0 SP, deal +1% damage for every SP value below 0 (max 45%)</style>\n[BeforeAttack] Gain (highest Reson. + 5) [Vibration] Count (max 10)\n[EndSkill] If there are any targets in Staggered, Low Morale, or Panic states, heal 10 SP",
          "coinlist": [
            {
              "coindescs": [
                {
                  "desc": "[OnSucceedAttack] Inflict +5 [Vibration] Count<style=\"highlight\"></style>"
                },
                {
                  "desc": "[OnSucceedAttack] If target isn't in Staggered, Low Morale, or Panic states, inflict 5 [Sinking]"
                },
                {
                  "desc": "[OnSucceedAttack] If target isn't in Staggered, Low Morale, or Panic states, trigger [VibrationExplosion]; then, reduce the target's [Vibration] Count by 2"
                }
              ]
            },
            {
              "coindescs": [
                {
                  "desc": "[OnSucceedAttack] Trigger [VibrationExplosion]; then, reduce target's [Vibration] Count by 1<style=\"highlight\"></style>"
                }
              ]
            }
          ]
        },
        {
          "level": 4,
          "name": "Incubo Natalizio",
          "abName": "Letto Comodo",
          "desc": "If target has less than 0 SP, deal +1% damage for every SP value below 0 (max 45%)\n[BeforeAttack] Gain (highest Reson. + 5) [Vibration] Count (max 10)\n[EndSkill] If there are any targets in Staggered, Low Morale, or Panic states, heal 10 SP<style=\"highlight\"></style>",
          "coinlist": [
            {
              "coindescs": [
                {
                  "desc": "[OnSucceedAttack] Inflict +5 [Vibration] Count<style=\"highlight\"></style>"
                },
                {
                  "desc": "[OnSucceedAttack] If target isn't in Staggered, Low Morale, or Panic states, inflict 5 [Sinking]<style=\"highlight\"></style>"
                },
                {
                  "desc": "[OnSucceedAttack] If target isn't in Staggered, Low Morale, or Panic states, trigger [VibrationExplosion] <style=\"highlight\">twice</style>; then, reduce the target's [Vibration] Count by 2"
                }
              ]
            },
            {
              "coindescs": [
                {
                  "desc": "[OnSucceedAttack] Trigger [VibrationExplosion]; then, reduce target's [Vibration] Count by 1<style=\"highlight\"></style>"
                }
              ]
            }
          ]
        }
      ]
    },
    {
      "id": 2080821,
      "levelList": [
        {
          "level": 1,
          "name": "Incubo Natalizio",
          "abName": "Letto Comodo",
          "desc": "[CantIdentify]\nTargets randomly\n[BeforeAttack] Gain (highest Reson. + 5) [Vibration] Count (max 10)\n[BeforeAttack] Heal 10 HP",
          "coinlist": [
            {
              "coindescs": [
                {
                  "desc": "[OnSucceedAttack] Inflict +5 [Vibration] Count"
                }
              ]
            },
            {
              "coindescs": [
                {
                  "desc": "[OnSucceedAttack] Trigger [VibrationExplosion]; then, reduce target's [Vibration] Count by 1"
                }
              ]
            },
            {
              "coindescs": [
                {
                  "desc": "[OnSucceedAttack] Trigger [VibrationExplosion]; then, reduce target's [Vibration] Count by 1"
                }
              ]
            }
          ]
        },
        {
          "level": 3,
          "name": "Incubo Natalizio",
          "abName": "Letto Comodo",
          "desc": "[CantIdentify]\nTargets randomly\n<style=\"highlight\">If the main target is in Staggered, Low Morale, or Panic states, Base Power +1</style>\n[BeforeAttack] Gain (highest Reson. + 5) [Vibration] Count (max 10)\n[BeforeAttack] Heal 10 HP\n<style=\"highlight\">[EndSkill] Heal 5 SP for every enemy that is in Staggered, Low Morale, or Panic states</style>",
          "coinlist": [
            {
              "coindescs": [
                {
                  "desc": "[OnSucceedAttack] Inflict +5 [Vibration] Count"
                },
                {
                  "desc": "[OnSucceedAttack] If target isn't in Staggered, Low Morale, or Panic states, inflict 5 [Sinking] and +2 [Sinking] Count"
                }
              ]
            },
            {
              "coindescs": [
                {
                  "desc": "[OnSucceedAttack] Trigger [VibrationExplosion]; then, reduce target's [Vibration] Count by 1"
                }
              ]
            },
            {
              "coindescs": [
                {
                  "desc": "[OnSucceedAttack] If target isn't in Staggered, Low Morale, or Panic states, trigger [VibrationExplosion]; then, reduce the target's [Vibration] Count by 1"
                },
                {
                  "desc": "[OnSucceedAttack] Trigger [VibrationExplosion]; then, reduce target's [Vibration] Count by 1<style=\"highlight\"></style>"
                }
              ]
            }
          ]
        },
        {
          "level": 4,
          "name": "Incubo Natalizio",
          "abName": "Letto Comodo",
          "desc": "[CantIdentify]\nTargets randomly\nIf the main target is in Staggered, Low Morale, or Panic states, Base Power +<style=\"highlight\">2</style>\n[BeforeAttack] Gain (highest Reson. + 5) [Vibration] Count (max 10)\n[BeforeAttack] Heal 10 HP\n[EndSkill] Heal 5 SP for every enemy that is in Staggered, Low Morale, or Panic states<style=\"highlight\"></style>",
          "coinlist": [
            {
              "coindescs": [
                {
                  "desc": "[OnSucceedAttack] Inflict +5 [Vibration] Count"
                },
                {
                  "desc": "[OnSucceedAttack] If target isn't in Staggered, Low Morale, or Panic states, inflict 5 [Sinking] and +2 [Sinking] Count"
                }
              ]
            },
            {
              "coindescs": [
                {
                  "desc": "[OnSucceedAttack] If target isn't in Staggered, Low Morale, or Panic states, trigger [VibrationExplosion]; then, reduce the target's [Vibration] Count by 1"
                },
                {
                  "desc": "[OnSucceedAttack] Trigger [VibrationExplosion]; then, reduce target's [Vibration] Count by 1<style=\"highlight\"></style>"
                }
              ]
            },
            {
              "coindescs": [
                {
                  "desc": "[OnSucceedAttack] If target isn't in Staggered, Low Morale, or Panic states, trigger [VibrationExplosion]; then, reduce the target's [Vibration] Count by 1<style=\"highlight\"></style>"
                },
                {
                  "desc": "[OnSucceedAttack] Trigger [VibrationExplosion]; then, reduce target's [Vibration] Count by 1<style=\"highlight\"></style>"
                }
              ]
            }
          ]
        }
      ]
    }
  ]
}