{
    "dataList": [
        {
            "id": 910501,
            "title": "Tedium",
            "place": "Mephistopheles the Busboat",
            "desc": "Our wait in the Lake grows ever longer. One by one, the Sinners begin succumbing to the tedium.\nThen Heathcliff suddenly and anxiously calls over to Vergilius..."
        },
        {
            "id": 910502,
            "title": "A Tempting Offer",
            "place": "Mephistopheles the Busboat",
            "desc": "Don Quixote brought us to the helm of the ship.\nThere it was, the monitor that Faust would analyze whenever we had a Backdoor volatility. ... And there they were again, those unknown symbols."
        },
        {
            "id": 910503,
            "title": "An Unexpected Journey",
            "place": "Bus's Backdoor",
            "desc": "We entered the Backdoor Don Quixote claimed to have seen. In it was... what appeared to be a factory.\nClearly not her first time in this establishment, Don Quixote calls over to someone..."
        },
        {
            "id": 910504,
            "title": "Monstrous Gifts",
            "place": "Gift Factory Reception Hall",
            "desc": "What popped out from the sack we found atop the sleigh were... several mutilated bodies and a small child.\nIt looks like they were kidnapped here... I wonder what happened."
        },
        {
            "id": 910505,
            "title": "A Touching Reunion",
            "place": "Gift Distribution Factory",
            "desc": "Heathcliff and Don Quixote were both out cold, but I managed to survive thanks to the Sinners who came for me.\n... But I don't see the two unconscious Sinners anywhere."
        },
        {
            "id": 910506,
            "title": "To Find the Pair",
            "place": "Gift Distribution Factory",
            "desc": "They must've been taken to a different sector of this factory. Crayon must be there with them... We have to find them, quick."
        },
        {
            "id": 910507,
            "title": "To Find the Pair",
            "place": "Gift Distribution Factory",
            "desc": "They must've been taken to a different sector of this factory. Crayon must be there with them... We have to find them, quick."
        },
        {
            "id": 910508,
            "title": "For Whom the Gnomes Pack",
            "place": "Gift Assembly Factory",
            "desc": "The factory was much larger and much more complicated than it first appeared. Who are the gnomes making these gifts for? And why?"
        },
        {
            "id": 910509,
            "title": "For Whom the Gnomes Pack",
            "place": "Gift Assembly Factory",
            "desc": "The factory was much larger and much more complicated than it first appeared. Who are the gnomes making these gifts for? And why?"
        },
        {
            "id": 910510,
            "title": "Gift of Hatred, Given Shape",
            "place": "Gift Assembly",
            "desc": "The location pointed out by Meursault was the gift assembly line. The sight of them assembling gifts with the 'materials' they kidnapped was... shocking.\nAnd the two Sinners we were searching for were also about to be turned into gifts themselves."
        },
        {
            "id": 910511,
            "title": "The Gift-giving Giant",
            "place": "Gift Assembly",
            "desc": "Our negotiation attempt with the beard giant Santata predictably fell through. We have no choice but to defeat him here."
        },
        {
            "id": 910512,
            "title": "A Journey's End",
            "place": "Gift Assembly",
            "desc": "We defeated Santata, but his body begins to expand as though it's about to explode. That's when we hear a sudden, unfamiliar voice from somewhere..."
        },
        {
            "id": 910513,
            "title": "Santata",
            "place": "Gift Assembly",
            "desc": "Our negotiation attempt with the beard giant Santata predictably fell through. We have no choice but to defeat him here."
        }
    ]
}