{
  "dataList": [
    {
      "id": "City",
      "content": "La Città"
    },
    {
      "id": "Limbuscompany",
      "content": "Limbus Company"
    },
    {
      "id": "LCB",
      "content": "LCB"
    },
    {
      "id": "LCC",
      "content": "LCC"
    },
    {
      "id": "Nest",
      "content": "I Nidi"
    },
    {
      "id": "Sinner",
      "content": "Peccatori"
    },
    {
      "id": "Wings",
      "content": "Le Ali"
    },
    {
      "id": "NestK",
      "content": "K Corp."
    },
    {
      "id": "NestN",
      "content": "N Corp."
    },
    {
      "id": "NestL",
      "content": "L Corp."
    },
    {
      "id": "Backstreet",
      "content": "I Vicoli"
    },
    {
      "id": "Swordgroup",
      "content": "I Discendenti della Spada"
    },
    {
      "id": "Kurokumo",
      "content": "Il Clan Kurokumo"
    },
    {
      "id": "Personality",
      "content": "Identità"
    },
    {
      "id": "Ego",
      "content": "E.G.O"
    },
    {
      "id": "Tech",
      "content": "La Tecnologia della Città"
    },
    {
      "id": "Organization",
      "content": "Sindacati"
    },
    {
      "id": "Fixer",
      "content": "Fixers"
    },
    {
      "id": "Goldenbranch",
      "content": "I Rami Dorati"
    }
  ]
}