{
  "dataList": [
    {
      "id": "story_dungeon_return_to_savepoint_title",
      "content": "Squadra Sconfitta"
    },
    {
      "id": "story_dungeon_return_to_savepoint_content",
      "content": "Tutti i Peccatori sono <color=#990000>deceduti</color>.\nRitorno all'ultimo checkpoint."
    },
    {
      "id": "story_dungeon_give_up",
      "content": "Abbandona"
    },
    {
      "id": "story_dungeon_to_main",
      "content": "Menu Principale"
    },
    {
      "id": "story_dungeon_continue",
      "content": "Continua"
    },
    {
      "id": "story_ask_move_to_main",
      "content": "Salva i progressi e\nritorna al Menu Principale?"
    },
    {
      "id": "story_ask_give_up_dungeon",
      "content": "Smettere di esplorare il dungeon?"
    },
    {
      "id": "story_to_be_return_enkephalin_box_warning",
      "content": "※ Il Modulo di Encefalina speso per entrare sarà restituito."
    },
    {
      "id": "dungeon_encounter_guide_start",
      "content": "Inizio"
    },
    {
      "id": "dungeon_encounter_guide_battle",
      "content": "Incontro Regolare"
    },
    {
      "id": "dungeon_encounter_guide_ab_battle",
      "content": "Incontro Controllato"
    },
    {
      "id": "dungeon_encounter_guide_hard_battle",
      "content": "Incontro Rischioso"
    },
    {
      "id": "dungeon_encounter_guide_event",
      "content": "Evento"
    },
    {
      "id": "dungeon_encounter_guide_save",
      "content": "Checkpoint"
    },
    {
      "id": "dungeon_encounter_guide_boss",
      "content": "Incontro Boss"
    },
    {
      "id": "dungeon_enter_save_point",
      "content": "Raggiunto Checkpoint"
    },
    {
      "id": "dungeon_recover_hp_mp",
      "content": "PV e PS recuperati."
    },
    {
      "id": "dungeon_save_completion",
      "content": "Progressi Salvati"
    },
    {
      "id": "dungeon_save_completion_content",
      "content": "I tuoi progressi sono stati salvati."
    },
    {
      "id": "dungeon_return_to_save_point",
      "content": "Al Checkpoint"
    },
    {
      "id": "dungeon_unlocked_node_notice",
      "content": "È stato scoperto un nuovo luogo."
    },
    {
      "id": "dungeon_unlocked_line_notice",
      "content": "Si è aperto un nuovo percorso."
    },
    {
      "id": "dungeon_encounter_guide_stairs",
      "content": "Vai alla Prossima Zona"
    },
    {
      "id": "dungeon_encounter_guide_story",
      "content": "Storia"
    },
    {
      "id": "formation_ui_ask_to_use_saved_formation",
      "content": "La Formazione della tua Squadra corrente sarà sostituita con questa nuova Formazione.\nVuoi rimpiazzare la tua Formazione di Squadra corrente con questa Formazione?\n\n<size=80%>※ Una volta che la tua Formazione è stata rimpiazzata, non puoi tornare alla Formazione precedente.\n※ I cambi di formazione fatti a metà di un Dungeon della Storia non hanno effetto sulle Formazioni del menu Peccatori.</size>"
    }
  ]
}