{
  "dataList": [
    {
      "id": "battle_erosion_21102_1",
      "desc": "Corrosione E.G.O",
      "dlg": "Manca poco…"
    },
    {
      "id": "battle_awaken_21101_1",
      "desc": "Attivazione E.G.O",
      "dlg": "L'odissea aveva uno scopo…"
    },
    {
      "id": "battle_awaken_21102_1",
      "desc": "Attivazione E.G.O",
      "dlg": "Se serve questo per vincere…"
    },
    {
      "id": "battle_awaken_21103_1",
      "desc": "Attivazione E.G.O",
      "dlg": "Il Karma tornerà indietro, e si fermerà sulla tua testa."
    },
    {
      "id": "battle_erosion_21103_1",
      "desc": "Corrosione E.G.O",
      "dlg": "Fate silenzio… come se la sofferenza non fosse mai esistita…"
    },
    {
      "id": "battle_awaken_21104_1",
      "desc": "Attivazione E.G.O",
      "dlg": "Non mi serve... dell'attenzione inutile!"
    },
    {
      "id": "battle_erosion_21104_1",
      "desc": "Corrosione E.G.O",
      "dlg": "Non-mi lasciare stavolta..."
    },
    {
      "id": "battle_awaken_21105_1",
      "desc": "Attivazione E.G.O",
      "dlg": "Metterò la tua rabbia insensata in questo sacco... per lanciartela indietro."
    },
    {
      "id": "battle_erosion_21105_1",
      "desc": "Corrosione E.G.O",
      "dlg": "Anche i bambini piagnucolosi e imbronciati... ricevono regali...!"
    },
    {
      "id": "battle_awaken_21106_1",
      "desc": "Attivazione E.G.O",
      "dlg": "Che seccatura... Dovrò occuparmene personalmente?"
    },
    {
      "id": "battle_erosion_21106_1",
      "desc": "Corrosione E.G.O",
      "dlg": "Osate... sfidare la mia autorità?!"
    },
    {
      "id": "battle_awaken_21107_1",
      "desc": "Attivazione E.G.O",
      "dlg": "Non distogliere mai lo sguardo, se non vuoi finire a vagare per sempre."
    },
    {
      "id": "battle_erosion_21107_1",
      "desc": "Corrosione E.G.O",
      "dlg": "Non è qui... dietro a nessuna di queste porte... La mia strada è ancora nascosta... la mia strada è...!"
    },
    {
      "id": "battle_awaken_21108_1",
      "desc": "Attivazione E.G.O",
      "dlg": "È proprio come hai detto; questo è un proiettile magico che non sbaglia mai."
    },
    {
      "id": "battle_awaken_21108_2",
      "desc": "Attivazione E.G.O",
      "dlg": "La mia pallottola segue sempre la stessa direzione, la sua traiettoria è già decisa.\nNon ci sono coincidenze."
    },
    {
      "id": "battle_awaken_21108_3",
      "desc": "Attivazione E.G.O",
      "dlg": "Non posso tornare indietro quando ho già fatto così tanto sparando quella pallottola.\nAnche se sto percorrendo un sentiero inevitabile verso l'inferno."
    },
    {
      "id": "battle_awaken_21108_4",
      "desc": "Attivazione E.G.O",
      "dlg": "Non chiedere pietà, poiché chi si mette in mezzo\navrà solo desolazione."
    },
    {
      "id": "battle_awaken_21108_5",
      "desc": "Attivazione E.G.O",
      "dlg": "Non ti turbare. Metti a tacere tutto ciò che hai davanti.\nSegui l'orizzonte."
    },
    {
      "id": "battle_awaken_21108_6",
      "desc": "Attivazione E.G.O",
      "dlg": "Un cuore disperato viene carbonizzato, e non sparisce mai.\nLo riempie solo il freddo."
    },
    {
      "id": "battle_awaken_21108_7",
      "desc": "Attivazione E.G.O",
      "dlg": "Anche se cercavo la disperazione, la traiettoria della pallottola...\n... era già decisa!"
    },
    {
      "id": "battle_erosion_21108_1",
      "desc": "Corrosione E.G.O",
      "dlg": "Quella sparata è una pallottola magica che non sbaglia mai."
    },
    {
      "id": "battle_erosion_21108_2",
      "desc": "Corrosione E.G.O",
      "dlg": "Accetta il tuo destino, poiché questa pallottola colpisce sempre il bersaglio."
    },
    {
      "id": "battle_erosion_21108_3",
      "desc": "Corrosione E.G.O",
      "dlg": "Da quando questa pallottola è venuta in mio possesso,\nmi ha sopraffatto un'enorme senso di onnipotenza."
    },
    {
      "id": "battle_erosion_21108_4",
      "desc": "Corrosione E.G.O",
      "dlg": "Senza giustizia, senza malizia. C'è solo un dito che preme il grilletto."
    },
    {
      "id": "battle_erosion_21108_5",
      "desc": "Corrosione E.G.O",
      "dlg": "Sii immutabile. Segui l'orizzonte;\npenetra tutto con la pallottola."
    },
    {
      "id": "battle_erosion_21108_6",
      "desc": "Corrosione E.G.O",
      "dlg": "Resterò da solo in questo inferno alla fine."
    },
    {
      "id": "battle_erosion_21108_7",
      "desc": "Corrosione E.G.O",
      "dlg": "Anche se mi manca la volontà di andare avanti...\n... l'avanzare della pallottola non si può fermare."
    }
  ]
}
